-- phpMyAdmin SQL Dump
-- version 4.1.6
-- http://www.phpmyadmin.net
--
-- Host: 127.0.0.1
-- Generation Time: 21 Maj 2014, 15:21
-- Server version: 5.6.16
-- PHP Version: 5.5.9

SET SQL_MODE = "NO_AUTO_VALUE_ON_ZERO";
SET time_zone = "+00:00";


/*!40101 SET @OLD_CHARACTER_SET_CLIENT=@@CHARACTER_SET_CLIENT */;
/*!40101 SET @OLD_CHARACTER_SET_RESULTS=@@CHARACTER_SET_RESULTS */;
/*!40101 SET @OLD_COLLATION_CONNECTION=@@COLLATION_CONNECTION */;
/*!40101 SET NAMES utf8 */;

--
-- Database: `catan`
--

-- --------------------------------------------------------

--
-- Struktura tabeli dla tabeli `boards`
--

CREATE TABLE IF NOT EXISTS `boards` (
  `id` int(11) NOT NULL AUTO_INCREMENT,
  `game_id` int(11) NOT NULL,
  `thief_location` int(11) NOT NULL DEFAULT '0',
  `is_changed` tinyint(1) NOT NULL DEFAULT '1',
  PRIMARY KEY (`id`)
) ENGINE=InnoDB  DEFAULT CHARSET=utf8 COLLATE=utf8_bin AUTO_INCREMENT=9 ;

--
-- Zrzut danych tabeli `boards`
--

INSERT INTO `boards` (`id`, `game_id`, `thief_location`, `is_changed`) VALUES
(1, 1, 32, 1),
(2, 2, 64, 1),
(3, 3, 86, 1),
(4, 4, 130, 1),
(5, 5, 169, 1),
(6, 6, 196, 1),
(7, 7, 236, 1),
(8, 8, 270, 1);

-- --------------------------------------------------------

--
-- Struktura tabeli dla tabeli `cards`
--

CREATE TABLE IF NOT EXISTS `cards` (
  `id` int(11) NOT NULL AUTO_INCREMENT,
  `board_id` int(11) NOT NULL,
  `player_id` int(11) DEFAULT NULL,
  `is_used` tinyint(1) NOT NULL DEFAULT '0',
  `type` enum('knight','victorypoint','monopoly','yearofplenty','roadbuilding') CHARACTER SET utf8 NOT NULL,
  PRIMARY KEY (`id`)
) ENGINE=InnoDB  DEFAULT CHARSET=utf8 COLLATE=utf8_bin AUTO_INCREMENT=201 ;

--
-- Zrzut danych tabeli `cards`
--

INSERT INTO `cards` (`id`, `board_id`, `player_id`, `is_used`, `type`) VALUES
(1, 1, NULL, 0, 'roadbuilding'),
(2, 1, NULL, 0, 'knight'),
(3, 1, NULL, 0, 'knight'),
(4, 1, NULL, 0, 'victorypoint'),
(5, 1, NULL, 0, 'knight'),
(6, 1, NULL, 0, 'knight'),
(7, 1, NULL, 0, 'roadbuilding'),
(8, 1, NULL, 0, 'victorypoint'),
(9, 1, NULL, 0, 'knight'),
(10, 1, NULL, 0, 'knight'),
(11, 1, NULL, 0, 'victorypoint'),
(12, 1, NULL, 0, 'knight'),
(13, 1, NULL, 0, 'yearofplenty'),
(14, 1, NULL, 0, 'knight'),
(15, 1, NULL, 0, 'monopoly'),
(16, 1, NULL, 0, 'knight'),
(17, 1, NULL, 0, 'victorypoint'),
(18, 1, NULL, 0, 'knight'),
(19, 1, NULL, 0, 'knight'),
(20, 1, NULL, 0, 'knight'),
(21, 1, NULL, 0, 'victorypoint'),
(22, 1, NULL, 0, 'yearofplenty'),
(23, 1, NULL, 0, 'knight'),
(24, 1, NULL, 0, 'monopoly'),
(25, 1, NULL, 0, 'knight'),
(26, 2, NULL, 0, 'knight'),
(27, 2, NULL, 0, 'yearofplenty'),
(28, 2, NULL, 0, 'victorypoint'),
(29, 2, NULL, 0, 'victorypoint'),
(30, 2, NULL, 0, 'roadbuilding'),
(31, 2, NULL, 0, 'knight'),
(32, 2, NULL, 0, 'monopoly'),
(33, 2, NULL, 0, 'monopoly'),
(34, 2, NULL, 0, 'knight'),
(35, 2, NULL, 0, 'knight'),
(36, 2, NULL, 0, 'knight'),
(37, 2, NULL, 0, 'yearofplenty'),
(38, 2, NULL, 0, 'knight'),
(39, 2, NULL, 0, 'knight'),
(40, 2, NULL, 0, 'knight'),
(41, 2, NULL, 0, 'knight'),
(42, 2, NULL, 0, 'knight'),
(43, 2, NULL, 0, 'victorypoint'),
(44, 2, NULL, 0, 'knight'),
(45, 2, NULL, 0, 'roadbuilding'),
(46, 2, NULL, 0, 'victorypoint'),
(47, 2, NULL, 0, 'knight'),
(48, 2, NULL, 0, 'knight'),
(49, 2, NULL, 0, 'victorypoint'),
(50, 2, NULL, 0, 'knight'),
(51, 3, NULL, 0, 'knight'),
(52, 3, NULL, 0, 'knight'),
(53, 3, NULL, 0, 'knight'),
(54, 3, NULL, 0, 'knight'),
(55, 3, NULL, 0, 'knight'),
(56, 3, NULL, 0, 'victorypoint'),
(57, 3, NULL, 0, 'roadbuilding'),
(58, 3, NULL, 0, 'monopoly'),
(59, 3, NULL, 0, 'knight'),
(60, 3, NULL, 0, 'roadbuilding'),
(61, 3, NULL, 0, 'knight'),
(62, 3, NULL, 0, 'knight'),
(63, 3, NULL, 0, 'monopoly'),
(64, 3, NULL, 0, 'victorypoint'),
(65, 3, NULL, 0, 'yearofplenty'),
(66, 3, NULL, 0, 'knight'),
(67, 3, NULL, 0, 'knight'),
(68, 3, NULL, 0, 'yearofplenty'),
(69, 3, NULL, 0, 'victorypoint'),
(70, 3, NULL, 0, 'knight'),
(71, 3, NULL, 0, 'knight'),
(72, 3, NULL, 0, 'victorypoint'),
(73, 3, NULL, 0, 'knight'),
(74, 3, NULL, 0, 'victorypoint'),
(75, 3, NULL, 0, 'knight'),
(76, 4, NULL, 0, 'victorypoint'),
(77, 4, NULL, 0, 'monopoly'),
(78, 4, NULL, 0, 'knight'),
(79, 4, NULL, 0, 'yearofplenty'),
(80, 4, NULL, 0, 'knight'),
(81, 4, NULL, 0, 'knight'),
(82, 4, NULL, 0, 'knight'),
(83, 4, NULL, 0, 'knight'),
(84, 4, NULL, 0, 'victorypoint'),
(85, 4, NULL, 0, 'knight'),
(86, 4, NULL, 0, 'knight'),
(87, 4, NULL, 0, 'monopoly'),
(88, 4, NULL, 0, 'victorypoint'),
(89, 4, NULL, 0, 'roadbuilding'),
(90, 4, NULL, 0, 'knight'),
(91, 4, NULL, 0, 'victorypoint'),
(92, 4, NULL, 0, 'victorypoint'),
(93, 4, NULL, 0, 'knight'),
(94, 4, NULL, 0, 'knight'),
(95, 4, NULL, 0, 'roadbuilding'),
(96, 4, NULL, 0, 'knight'),
(97, 4, NULL, 0, 'knight'),
(98, 4, NULL, 0, 'knight'),
(99, 4, NULL, 0, 'knight'),
(100, 4, NULL, 0, 'yearofplenty'),
(101, 5, NULL, 0, 'monopoly'),
(102, 5, NULL, 0, 'knight'),
(103, 5, NULL, 0, 'victorypoint'),
(104, 5, NULL, 0, 'knight'),
(105, 5, NULL, 0, 'yearofplenty'),
(106, 5, NULL, 0, 'roadbuilding'),
(107, 5, NULL, 0, 'roadbuilding'),
(108, 5, NULL, 0, 'monopoly'),
(109, 5, NULL, 0, 'knight'),
(110, 5, NULL, 0, 'knight'),
(111, 5, NULL, 0, 'knight'),
(112, 5, NULL, 0, 'knight'),
(113, 5, NULL, 0, 'victorypoint'),
(114, 5, NULL, 0, 'knight'),
(115, 5, NULL, 0, 'yearofplenty'),
(116, 5, NULL, 0, 'knight'),
(117, 5, NULL, 0, 'victorypoint'),
(118, 5, NULL, 0, 'victorypoint'),
(119, 5, NULL, 0, 'knight'),
(120, 5, NULL, 0, 'knight'),
(121, 5, NULL, 0, 'knight'),
(122, 5, NULL, 0, 'knight'),
(123, 5, NULL, 0, 'victorypoint'),
(124, 5, NULL, 0, 'knight'),
(125, 5, NULL, 0, 'knight'),
(126, 6, NULL, 0, 'victorypoint'),
(127, 6, NULL, 0, 'victorypoint'),
(128, 6, NULL, 0, 'knight'),
(129, 6, NULL, 0, 'knight'),
(130, 6, NULL, 0, 'knight'),
(131, 6, NULL, 0, 'knight'),
(132, 6, NULL, 0, 'victorypoint'),
(133, 6, NULL, 0, 'knight'),
(134, 6, NULL, 0, 'yearofplenty'),
(135, 6, NULL, 0, 'roadbuilding'),
(136, 6, NULL, 0, 'victorypoint'),
(137, 6, NULL, 0, 'knight'),
(138, 6, NULL, 0, 'knight'),
(139, 6, NULL, 0, 'monopoly'),
(140, 6, NULL, 0, 'victorypoint'),
(141, 6, NULL, 0, 'yearofplenty'),
(142, 6, NULL, 0, 'knight'),
(143, 6, NULL, 0, 'knight'),
(144, 6, NULL, 0, 'knight'),
(145, 6, NULL, 0, 'knight'),
(146, 6, NULL, 0, 'roadbuilding'),
(147, 6, NULL, 0, 'knight'),
(148, 6, NULL, 0, 'knight'),
(149, 6, NULL, 0, 'knight'),
(150, 6, NULL, 0, 'monopoly'),
(151, 7, NULL, 0, 'knight'),
(152, 7, NULL, 0, 'knight'),
(153, 7, NULL, 0, 'yearofplenty'),
(154, 7, NULL, 0, 'victorypoint'),
(155, 7, NULL, 0, 'roadbuilding'),
(156, 7, NULL, 0, 'knight'),
(157, 7, NULL, 0, 'knight'),
(158, 7, NULL, 0, 'knight'),
(159, 7, NULL, 0, 'knight'),
(160, 7, NULL, 0, 'knight'),
(161, 7, NULL, 0, 'victorypoint'),
(162, 7, NULL, 0, 'yearofplenty'),
(163, 7, NULL, 0, 'knight'),
(164, 7, NULL, 0, 'knight'),
(165, 7, NULL, 0, 'monopoly'),
(166, 7, NULL, 0, 'knight'),
(167, 7, NULL, 0, 'knight'),
(168, 7, NULL, 0, 'knight'),
(169, 7, NULL, 0, 'monopoly'),
(170, 7, NULL, 0, 'knight'),
(171, 7, NULL, 0, 'victorypoint'),
(172, 7, NULL, 0, 'victorypoint'),
(173, 7, NULL, 0, 'knight'),
(174, 7, NULL, 0, 'victorypoint'),
(175, 7, NULL, 0, 'roadbuilding'),
(176, 8, NULL, 0, 'victorypoint'),
(177, 8, NULL, 0, 'knight'),
(178, 8, NULL, 0, 'knight'),
(179, 8, NULL, 0, 'knight'),
(180, 8, NULL, 0, 'knight'),
(181, 8, NULL, 0, 'yearofplenty'),
(182, 8, NULL, 0, 'knight'),
(183, 8, NULL, 0, 'roadbuilding'),
(184, 8, NULL, 0, 'knight'),
(185, 8, NULL, 0, 'knight'),
(186, 8, NULL, 0, 'knight'),
(187, 8, NULL, 0, 'victorypoint'),
(188, 8, NULL, 0, 'monopoly'),
(189, 8, NULL, 0, 'roadbuilding'),
(190, 8, NULL, 0, 'knight'),
(191, 8, NULL, 0, 'knight'),
(192, 8, NULL, 0, 'knight'),
(193, 8, NULL, 0, 'monopoly'),
(194, 8, NULL, 0, 'knight'),
(195, 8, NULL, 0, 'yearofplenty'),
(196, 8, NULL, 0, 'victorypoint'),
(197, 8, NULL, 0, 'knight'),
(198, 8, NULL, 0, 'victorypoint'),
(199, 8, NULL, 0, 'victorypoint'),
(200, 8, NULL, 0, 'knight');

-- --------------------------------------------------------

--
-- Struktura tabeli dla tabeli `games`
--

CREATE TABLE IF NOT EXISTS `games` (
  `id` int(11) NOT NULL AUTO_INCREMENT,
  `is_started` tinyint(1) NOT NULL DEFAULT '0',
  `is_finished` tinyint(1) NOT NULL DEFAULT '0',
  `turn_number` int(11) NOT NULL DEFAULT '0',
  `current_player` int(11) NOT NULL DEFAULT '1',
  `active_thief` int(11) NOT NULL,
  `dice1` smallint(6) NOT NULL DEFAULT '0',
  `dice2` smallint(6) NOT NULL DEFAULT '0',
  `dice_history` text COLLATE utf8_bin,
  `created_at` timestamp NOT NULL DEFAULT CURRENT_TIMESTAMP ON UPDATE CURRENT_TIMESTAMP,
  `updated_at` timestamp NOT NULL DEFAULT '0000-00-00 00:00:00',
  PRIMARY KEY (`id`)
) ENGINE=InnoDB  DEFAULT CHARSET=utf8 COLLATE=utf8_bin AUTO_INCREMENT=9 ;

--
-- Zrzut danych tabeli `games`
--

INSERT INTO `games` (`id`, `is_started`, `is_finished`, `turn_number`, `current_player`, `active_thief`, `dice1`, `dice2`, `dice_history`, `created_at`, `updated_at`) VALUES
(1, 1, 0, 5, 2, 1, 1, 3, 'a:11:{i:2;i:0;i:3;i:1;i:4;i:1;i:5;i:2;i:6;i:0;i:7;i:4;i:8;i:1;i:9;i:1;i:10;i:0;i:11;i:0;i:12;i:0;}', '2014-04-02 23:05:12', '2014-04-02 21:05:12'),
(2, 1, 0, 0, 1, 0, 0, 0, 'a:11:{i:2;i:0;i:3;i:0;i:4;i:0;i:5;i:0;i:6;i:0;i:7;i:0;i:8;i:0;i:9;i:0;i:10;i:0;i:11;i:0;i:12;i:0;}', '2014-04-03 12:25:15', '2014-04-03 10:25:15'),
(3, 1, 0, 0, 1, 0, 0, 0, 'a:11:{i:2;i:0;i:3;i:0;i:4;i:0;i:5;i:0;i:6;i:0;i:7;i:0;i:8;i:0;i:9;i:0;i:10;i:0;i:11;i:0;i:12;i:0;}', '2014-04-03 12:27:15', '2014-04-03 10:27:15'),
(4, 1, 0, 1, 2, 0, 2, 4, 'a:11:{i:2;i:0;i:3;i:0;i:4;i:0;i:5;i:0;i:6;i:1;i:7;i:0;i:8;i:0;i:9;i:1;i:10;i:0;i:11;i:1;i:12;i:0;}', '2014-04-08 07:10:44', '2014-04-08 05:10:44'),
(5, 1, 0, 0, 1, 0, 0, 0, 'a:11:{i:2;i:0;i:3;i:0;i:4;i:0;i:5;i:0;i:6;i:0;i:7;i:0;i:8;i:0;i:9;i:0;i:10;i:0;i:11;i:0;i:12;i:0;}', '2014-04-08 07:14:27', '2014-04-08 05:14:27'),
(6, 1, 0, 15, 1, 1, 6, 6, 'a:11:{i:2;i:3;i:3;i:2;i:4;i:2;i:5;i:3;i:6;i:3;i:7;i:6;i:8;i:4;i:9;i:2;i:10;i:1;i:11;i:2;i:12;i:1;}', '2014-04-08 21:34:12', '2014-04-08 19:34:12'),
(7, 1, 0, 13, 1, 0, 6, 5, 'a:11:{i:2;i:0;i:3;i:0;i:4;i:1;i:5;i:4;i:6;i:4;i:7;i:6;i:8;i:6;i:9;i:2;i:10;i:1;i:11;i:1;i:12;i:0;}', '2014-04-22 20:07:44', '2014-04-22 18:07:44'),
(8, 1, 0, 1, 1, 0, 4, 5, 'a:11:{i:2;i:0;i:3;i:0;i:4;i:0;i:5;i:0;i:6;i:0;i:7;i:0;i:8;i:0;i:9;i:1;i:10;i:0;i:11;i:0;i:12;i:0;}', '2014-04-22 20:12:30', '2014-04-22 18:12:30');

-- --------------------------------------------------------

--
-- Struktura tabeli dla tabeli `players`
--

CREATE TABLE IF NOT EXISTS `players` (
  `id` int(11) NOT NULL AUTO_INCREMENT,
  `game_id` int(11) NOT NULL,
  `user_id` int(11) NOT NULL,
  `is_host` tinyint(1) NOT NULL DEFAULT '0',
  `color` enum('red','blue','green','yellow','orange','violet') COLLATE utf8_bin DEFAULT NULL,
  `turn_order` int(11) NOT NULL DEFAULT '1',
  `wood` int(11) NOT NULL DEFAULT '0',
  `stone` int(11) NOT NULL DEFAULT '0',
  `sheep` int(11) NOT NULL DEFAULT '0',
  `clay` int(11) NOT NULL DEFAULT '0',
  `wheat` int(11) NOT NULL DEFAULT '0',
  `route_length` smallint(6) NOT NULL DEFAULT '1',
  `has_longest_route` tinyint(1) NOT NULL DEFAULT '0',
  `has_biggest_army` tinyint(1) NOT NULL DEFAULT '0',
  `has_played_card` tinyint(1) NOT NULL DEFAULT '0',
  `points` int(11) NOT NULL DEFAULT '0',
  `resources_collected` int(11) NOT NULL DEFAULT '0',
  `resources_lost` int(11) NOT NULL DEFAULT '0',
  `resources_stolen` int(11) NOT NULL DEFAULT '0',
  `cards_bought` int(11) NOT NULL DEFAULT '0',
  `transactions_made` int(11) NOT NULL DEFAULT '0',
  PRIMARY KEY (`id`)
) ENGINE=InnoDB  DEFAULT CHARSET=utf8 COLLATE=utf8_bin AUTO_INCREMENT=17 ;

--
-- Zrzut danych tabeli `players`
--

INSERT INTO `players` (`id`, `game_id`, `user_id`, `is_host`, `color`, `turn_order`, `wood`, `stone`, `sheep`, `clay`, `wheat`, `route_length`, `has_longest_route`, `has_biggest_army`, `has_played_card`, `points`, `resources_collected`, `resources_lost`, `resources_stolen`, `cards_bought`, `transactions_made`) VALUES
(1, 1, 1, 1, 'orange', 1, 2, 0, 0, 0, 1, 1, 0, 0, 0, 0, 0, 0, 0, 0, 0),
(2, 1, 4, 0, 'blue', 2, 0, 1, 0, 0, 0, 1, 0, 0, 0, 0, 0, 0, 0, 0, 0),
(3, 2, 1, 1, 'orange', 1, 0, 0, 0, 0, 0, 1, 0, 0, 0, 0, 0, 0, 0, 0, 0),
(4, 2, 4, 0, 'blue', 2, 0, 0, 0, 0, 0, 1, 0, 0, 0, 0, 0, 0, 0, 0, 0),
(5, 3, 1, 1, 'blue', 1, 0, 0, 0, 0, 0, 1, 0, 0, 0, 0, 0, 0, 0, 0, 0),
(6, 3, 4, 0, 'red', 2, 0, 0, 0, 0, 0, 1, 0, 0, 0, 0, 0, 0, 0, 0, 0),
(7, 4, 2, 1, 'violet', 1, 0, 0, 0, 0, 0, 1, 0, 0, 0, 0, 0, 0, 0, 0, 0),
(8, 4, 5, 0, 'yellow', 2, 0, 0, 0, 0, 0, 1, 0, 0, 0, 0, 0, 0, 0, 0, 0),
(9, 5, 2, 1, 'yellow', 1, 0, 0, 0, 0, 0, 1, 0, 0, 0, 0, 0, 0, 0, 0, 0),
(10, 5, 5, 0, 'violet', 2, 0, 0, 0, 0, 0, 1, 0, 0, 0, 0, 0, 0, 0, 0, 0),
(11, 6, 2, 1, 'orange', 1, 3, 0, 0, 2, 1, 1, 0, 0, 0, 0, 0, 0, 0, 0, 0),
(12, 6, 5, 0, 'blue', 2, 0, 2, 1, 0, 3, 1, 0, 0, 0, 0, 0, 0, 0, 0, 0),
(13, 7, 2, 1, 'orange', 1, 0, 0, 4, 0, 1, 1, 0, 0, 0, 0, 0, 0, 0, 0, 0),
(14, 7, 5, 0, 'blue', 2, 5, 0, 1, 0, 0, 1, 1, 0, 0, 0, 0, 0, 0, 0, 0),
(15, 8, 2, 1, 'orange', 1, 78, 100, 100, 78, 100, 8, 1, 0, 0, 0, 0, 0, 0, 0, 0),
(16, 8, 5, 0, 'green', 2, 2, 0, 0, 0, 0, 1, 0, 0, 0, 0, 0, 0, 0, 0, 0);

-- --------------------------------------------------------

--
-- Struktura tabeli dla tabeli `ports`
--

CREATE TABLE IF NOT EXISTS `ports` (
  `id` int(11) NOT NULL AUTO_INCREMENT,
  `type` enum('default','wood','stone','sheep','clay','wheat') COLLATE utf8_bin NOT NULL,
  `board_id` int(11) NOT NULL,
  `x` int(11) NOT NULL,
  `y` int(11) NOT NULL,
  `z` int(11) NOT NULL,
  PRIMARY KEY (`id`)
) ENGINE=InnoDB  DEFAULT CHARSET=utf8 COLLATE=utf8_bin AUTO_INCREMENT=73 ;

--
-- Zrzut danych tabeli `ports`
--

INSERT INTO `ports` (`id`, `type`, `board_id`, `x`, `y`, `z`) VALUES
(1, 'wood', 1, -10, -15, 25),
(2, 'clay', 1, 0, 25, -25),
(3, 'stone', 1, 10, -25, 15),
(4, 'default', 1, 25, -10, -15),
(5, 'default', 1, -25, 0, 25),
(6, 'default', 1, 15, 10, -25),
(7, 'wheat', 1, -15, 25, -10),
(8, 'default', 1, 25, -25, 0),
(9, 'sheep', 1, -25, 15, 10),
(10, 'sheep', 2, -10, -15, 25),
(11, 'default', 2, 0, 25, -25),
(12, 'default', 2, 10, -25, 15),
(13, 'wood', 2, 25, -10, -15),
(14, 'default', 2, -25, 0, 25),
(15, 'stone', 2, 15, 10, -25),
(16, 'default', 2, -15, 25, -10),
(17, 'clay', 2, 25, -25, 0),
(18, 'wheat', 2, -25, 15, 10),
(19, 'wood', 3, -10, -15, 25),
(20, 'default', 3, 0, 25, -25),
(21, 'default', 3, 10, -25, 15),
(22, 'sheep', 3, 25, -10, -15),
(23, 'default', 3, -25, 0, 25),
(24, 'default', 3, 15, 10, -25),
(25, 'wheat', 3, -15, 25, -10),
(26, 'clay', 3, 25, -25, 0),
(27, 'stone', 3, -25, 15, 10),
(28, 'clay', 4, -10, -15, 25),
(29, 'default', 4, 0, 25, -25),
(30, 'default', 4, 10, -25, 15),
(31, 'wheat', 4, 25, -10, -15),
(32, 'default', 4, -25, 0, 25),
(33, 'wood', 4, 15, 10, -25),
(34, 'stone', 4, -15, 25, -10),
(35, 'sheep', 4, 25, -25, 0),
(36, 'default', 4, -25, 15, 10),
(37, 'clay', 5, -10, -15, 25),
(38, 'default', 5, 0, 25, -25),
(39, 'stone', 5, 10, -25, 15),
(40, 'sheep', 5, 25, -10, -15),
(41, 'default', 5, -25, 0, 25),
(42, 'default', 5, 15, 10, -25),
(43, 'default', 5, -15, 25, -10),
(44, 'wood', 5, 25, -25, 0),
(45, 'wheat', 5, -25, 15, 10),
(46, 'clay', 6, -10, -15, 25),
(47, 'stone', 6, 0, 25, -25),
(48, 'sheep', 6, 10, -25, 15),
(49, 'default', 6, 25, -10, -15),
(50, 'default', 6, -25, 0, 25),
(51, 'wheat', 6, 15, 10, -25),
(52, 'default', 6, -15, 25, -10),
(53, 'default', 6, 25, -25, 0),
(54, 'wood', 6, -25, 15, 10),
(55, 'default', 7, -10, -15, 25),
(56, 'stone', 7, 0, 25, -25),
(57, 'default', 7, 10, -25, 15),
(58, 'sheep', 7, 25, -10, -15),
(59, 'wood', 7, -25, 0, 25),
(60, 'default', 7, 15, 10, -25),
(61, 'clay', 7, -15, 25, -10),
(62, 'wheat', 7, 25, -25, 0),
(63, 'default', 7, -25, 15, 10),
(64, 'default', 8, -10, -15, 25),
(65, 'wheat', 8, 0, 25, -25),
(66, 'wood', 8, 10, -25, 15),
(67, 'clay', 8, 25, -10, -15),
(68, 'stone', 8, -25, 0, 25),
(69, 'sheep', 8, 15, 10, -25),
(70, 'default', 8, -15, 25, -10),
(71, 'default', 8, 25, -25, 0),
(72, 'default', 8, -25, 15, 10);

-- --------------------------------------------------------

--
-- Struktura tabeli dla tabeli `roads`
--

CREATE TABLE IF NOT EXISTS `roads` (
  `id` int(11) NOT NULL AUTO_INCREMENT,
  `board_id` int(11) NOT NULL,
  `player_id` int(11) DEFAULT NULL,
  `x` int(11) NOT NULL,
  `y` int(11) NOT NULL,
  `z` int(11) NOT NULL,
  PRIMARY KEY (`id`)
) ENGINE=InnoDB  DEFAULT CHARSET=utf8 COLLATE=utf8_bin AUTO_INCREMENT=577 ;

--
-- Zrzut danych tabeli `roads`
--

INSERT INTO `roads` (`id`, `board_id`, `player_id`, `x`, `y`, `z`) VALUES
(1, 1, NULL, -20, -5, 25),
(2, 1, NULL, -20, 5, 15),
(3, 1, NULL, -20, 15, 5),
(4, 1, NULL, -20, 25, -5),
(5, 1, NULL, -10, -15, 25),
(6, 1, NULL, -10, -5, 15),
(7, 1, NULL, -10, 5, 5),
(8, 1, NULL, -10, 15, -5),
(9, 1, NULL, -10, 25, -15),
(10, 1, NULL, 0, -25, 25),
(11, 1, NULL, 0, -15, 15),
(12, 1, 2, 0, -5, 5),
(13, 1, NULL, 0, 5, -5),
(14, 1, 1, 0, 15, -15),
(15, 1, NULL, 0, 25, -25),
(16, 1, NULL, 10, -25, 15),
(17, 1, NULL, 10, -15, 5),
(18, 1, NULL, 10, -5, -5),
(19, 1, NULL, 10, 5, -15),
(20, 1, NULL, 10, 15, -25),
(21, 1, NULL, 20, -25, 5),
(22, 1, NULL, 20, -15, -5),
(23, 1, NULL, 20, -5, -15),
(24, 1, NULL, 20, 5, -25),
(25, 1, NULL, 25, -5, -20),
(26, 1, NULL, 15, 5, -20),
(27, 1, NULL, 5, 15, -20),
(28, 1, NULL, -5, 25, -20),
(29, 1, NULL, 25, -15, -10),
(30, 1, NULL, 15, -5, -10),
(31, 1, NULL, 5, 5, -10),
(32, 1, NULL, -5, 15, -10),
(33, 1, NULL, -15, 25, -10),
(34, 1, NULL, 25, -25, 0),
(35, 1, NULL, 15, -15, 0),
(36, 1, 2, 5, -5, 0),
(37, 1, NULL, -5, 5, 0),
(38, 1, NULL, -15, 15, 0),
(39, 1, NULL, -25, 25, 0),
(40, 1, NULL, 15, -25, 10),
(41, 1, NULL, 5, -15, 10),
(42, 1, NULL, -5, -5, 10),
(43, 1, NULL, -15, 5, 10),
(44, 1, NULL, -25, 15, 10),
(45, 1, NULL, 5, -25, 20),
(46, 1, NULL, -5, -15, 20),
(47, 1, NULL, -15, -5, 20),
(48, 1, NULL, -25, 5, 20),
(49, 1, NULL, -5, -20, 25),
(50, 1, NULL, 5, -20, 15),
(51, 1, NULL, 15, -20, 5),
(52, 1, NULL, 25, -20, -5),
(53, 1, NULL, -15, -10, 25),
(54, 1, NULL, -5, -10, 15),
(55, 1, 2, 5, -10, 5),
(56, 1, NULL, 15, -10, -5),
(57, 1, NULL, 25, -10, -15),
(58, 1, NULL, -25, 0, 25),
(59, 1, NULL, -15, 0, 15),
(60, 1, NULL, -5, 0, 5),
(61, 1, NULL, 5, 0, -5),
(62, 1, NULL, 15, 0, -15),
(63, 1, NULL, 25, 0, -25),
(64, 1, NULL, -25, 10, 15),
(65, 1, 1, -15, 10, 5),
(66, 1, NULL, -5, 10, -5),
(67, 1, NULL, 5, 10, -15),
(68, 1, NULL, 15, 10, -25),
(69, 1, NULL, -25, 20, 5),
(70, 1, NULL, -15, 20, -5),
(71, 1, NULL, -5, 20, -15),
(72, 1, NULL, 5, 20, -25),
(73, 2, NULL, -20, -5, 25),
(74, 2, NULL, -20, 5, 15),
(75, 2, NULL, -20, 15, 5),
(76, 2, NULL, -20, 25, -5),
(77, 2, NULL, -10, -15, 25),
(78, 2, NULL, -10, -5, 15),
(79, 2, NULL, -10, 5, 5),
(80, 2, NULL, -10, 15, -5),
(81, 2, NULL, -10, 25, -15),
(82, 2, NULL, 0, -25, 25),
(83, 2, NULL, 0, -15, 15),
(84, 2, NULL, 0, -5, 5),
(85, 2, NULL, 0, 5, -5),
(86, 2, NULL, 0, 15, -15),
(87, 2, NULL, 0, 25, -25),
(88, 2, NULL, 10, -25, 15),
(89, 2, NULL, 10, -15, 5),
(90, 2, NULL, 10, -5, -5),
(91, 2, NULL, 10, 5, -15),
(92, 2, NULL, 10, 15, -25),
(93, 2, NULL, 20, -25, 5),
(94, 2, NULL, 20, -15, -5),
(95, 2, NULL, 20, -5, -15),
(96, 2, NULL, 20, 5, -25),
(97, 2, NULL, 25, -5, -20),
(98, 2, NULL, 15, 5, -20),
(99, 2, NULL, 5, 15, -20),
(100, 2, NULL, -5, 25, -20),
(101, 2, NULL, 25, -15, -10),
(102, 2, NULL, 15, -5, -10),
(103, 2, NULL, 5, 5, -10),
(104, 2, NULL, -5, 15, -10),
(105, 2, NULL, -15, 25, -10),
(106, 2, NULL, 25, -25, 0),
(107, 2, NULL, 15, -15, 0),
(108, 2, NULL, 5, -5, 0),
(109, 2, NULL, -5, 5, 0),
(110, 2, NULL, -15, 15, 0),
(111, 2, NULL, -25, 25, 0),
(112, 2, NULL, 15, -25, 10),
(113, 2, NULL, 5, -15, 10),
(114, 2, NULL, -5, -5, 10),
(115, 2, NULL, -15, 5, 10),
(116, 2, NULL, -25, 15, 10),
(117, 2, NULL, 5, -25, 20),
(118, 2, NULL, -5, -15, 20),
(119, 2, NULL, -15, -5, 20),
(120, 2, NULL, -25, 5, 20),
(121, 2, NULL, -5, -20, 25),
(122, 2, NULL, 5, -20, 15),
(123, 2, NULL, 15, -20, 5),
(124, 2, NULL, 25, -20, -5),
(125, 2, NULL, -15, -10, 25),
(126, 2, NULL, -5, -10, 15),
(127, 2, NULL, 5, -10, 5),
(128, 2, NULL, 15, -10, -5),
(129, 2, NULL, 25, -10, -15),
(130, 2, NULL, -25, 0, 25),
(131, 2, NULL, -15, 0, 15),
(132, 2, NULL, -5, 0, 5),
(133, 2, NULL, 5, 0, -5),
(134, 2, NULL, 15, 0, -15),
(135, 2, NULL, 25, 0, -25),
(136, 2, NULL, -25, 10, 15),
(137, 2, NULL, -15, 10, 5),
(138, 2, NULL, -5, 10, -5),
(139, 2, NULL, 5, 10, -15),
(140, 2, NULL, 15, 10, -25),
(141, 2, NULL, -25, 20, 5),
(142, 2, NULL, -15, 20, -5),
(143, 2, NULL, -5, 20, -15),
(144, 2, NULL, 5, 20, -25),
(145, 3, NULL, -20, -5, 25),
(146, 3, NULL, -20, 5, 15),
(147, 3, NULL, -20, 15, 5),
(148, 3, NULL, -20, 25, -5),
(149, 3, NULL, -10, -15, 25),
(150, 3, NULL, -10, -5, 15),
(151, 3, NULL, -10, 5, 5),
(152, 3, NULL, -10, 15, -5),
(153, 3, NULL, -10, 25, -15),
(154, 3, NULL, 0, -25, 25),
(155, 3, NULL, 0, -15, 15),
(156, 3, NULL, 0, -5, 5),
(157, 3, NULL, 0, 5, -5),
(158, 3, NULL, 0, 15, -15),
(159, 3, NULL, 0, 25, -25),
(160, 3, NULL, 10, -25, 15),
(161, 3, NULL, 10, -15, 5),
(162, 3, NULL, 10, -5, -5),
(163, 3, NULL, 10, 5, -15),
(164, 3, NULL, 10, 15, -25),
(165, 3, NULL, 20, -25, 5),
(166, 3, NULL, 20, -15, -5),
(167, 3, NULL, 20, -5, -15),
(168, 3, NULL, 20, 5, -25),
(169, 3, NULL, 25, -5, -20),
(170, 3, NULL, 15, 5, -20),
(171, 3, NULL, 5, 15, -20),
(172, 3, NULL, -5, 25, -20),
(173, 3, NULL, 25, -15, -10),
(174, 3, NULL, 15, -5, -10),
(175, 3, NULL, 5, 5, -10),
(176, 3, NULL, -5, 15, -10),
(177, 3, NULL, -15, 25, -10),
(178, 3, NULL, 25, -25, 0),
(179, 3, NULL, 15, -15, 0),
(180, 3, NULL, 5, -5, 0),
(181, 3, NULL, -5, 5, 0),
(182, 3, NULL, -15, 15, 0),
(183, 3, NULL, -25, 25, 0),
(184, 3, NULL, 15, -25, 10),
(185, 3, NULL, 5, -15, 10),
(186, 3, NULL, -5, -5, 10),
(187, 3, NULL, -15, 5, 10),
(188, 3, NULL, -25, 15, 10),
(189, 3, NULL, 5, -25, 20),
(190, 3, NULL, -5, -15, 20),
(191, 3, NULL, -15, -5, 20),
(192, 3, NULL, -25, 5, 20),
(193, 3, NULL, -5, -20, 25),
(194, 3, NULL, 5, -20, 15),
(195, 3, NULL, 15, -20, 5),
(196, 3, NULL, 25, -20, -5),
(197, 3, NULL, -15, -10, 25),
(198, 3, NULL, -5, -10, 15),
(199, 3, NULL, 5, -10, 5),
(200, 3, NULL, 15, -10, -5),
(201, 3, NULL, 25, -10, -15),
(202, 3, NULL, -25, 0, 25),
(203, 3, NULL, -15, 0, 15),
(204, 3, NULL, -5, 0, 5),
(205, 3, NULL, 5, 0, -5),
(206, 3, NULL, 15, 0, -15),
(207, 3, NULL, 25, 0, -25),
(208, 3, NULL, -25, 10, 15),
(209, 3, NULL, -15, 10, 5),
(210, 3, NULL, -5, 10, -5),
(211, 3, NULL, 5, 10, -15),
(212, 3, NULL, 15, 10, -25),
(213, 3, NULL, -25, 20, 5),
(214, 3, NULL, -15, 20, -5),
(215, 3, NULL, -5, 20, -15),
(216, 3, NULL, 5, 20, -25),
(217, 4, NULL, -20, -5, 25),
(218, 4, NULL, -20, 5, 15),
(219, 4, NULL, -20, 15, 5),
(220, 4, NULL, -20, 25, -5),
(221, 4, NULL, -10, -15, 25),
(222, 4, NULL, -10, -5, 15),
(223, 4, NULL, -10, 5, 5),
(224, 4, NULL, -10, 15, -5),
(225, 4, NULL, -10, 25, -15),
(226, 4, NULL, 0, -25, 25),
(227, 4, NULL, 0, -15, 15),
(228, 4, NULL, 0, -5, 5),
(229, 4, NULL, 0, 5, -5),
(230, 4, NULL, 0, 15, -15),
(231, 4, NULL, 0, 25, -25),
(232, 4, NULL, 10, -25, 15),
(233, 4, NULL, 10, -15, 5),
(234, 4, NULL, 10, -5, -5),
(235, 4, NULL, 10, 5, -15),
(236, 4, NULL, 10, 15, -25),
(237, 4, NULL, 20, -25, 5),
(238, 4, NULL, 20, -15, -5),
(239, 4, NULL, 20, -5, -15),
(240, 4, NULL, 20, 5, -25),
(241, 4, NULL, 25, -5, -20),
(242, 4, NULL, 15, 5, -20),
(243, 4, NULL, 5, 15, -20),
(244, 4, NULL, -5, 25, -20),
(245, 4, NULL, 25, -15, -10),
(246, 4, NULL, 15, -5, -10),
(247, 4, NULL, 5, 5, -10),
(248, 4, NULL, -5, 15, -10),
(249, 4, NULL, -15, 25, -10),
(250, 4, NULL, 25, -25, 0),
(251, 4, NULL, 15, -15, 0),
(252, 4, NULL, 5, -5, 0),
(253, 4, NULL, -5, 5, 0),
(254, 4, NULL, -15, 15, 0),
(255, 4, NULL, -25, 25, 0),
(256, 4, NULL, 15, -25, 10),
(257, 4, NULL, 5, -15, 10),
(258, 4, NULL, -5, -5, 10),
(259, 4, NULL, -15, 5, 10),
(260, 4, NULL, -25, 15, 10),
(261, 4, NULL, 5, -25, 20),
(262, 4, NULL, -5, -15, 20),
(263, 4, NULL, -15, -5, 20),
(264, 4, NULL, -25, 5, 20),
(265, 4, NULL, -5, -20, 25),
(266, 4, NULL, 5, -20, 15),
(267, 4, NULL, 15, -20, 5),
(268, 4, NULL, 25, -20, -5),
(269, 4, NULL, -15, -10, 25),
(270, 4, NULL, -5, -10, 15),
(271, 4, NULL, 5, -10, 5),
(272, 4, NULL, 15, -10, -5),
(273, 4, NULL, 25, -10, -15),
(274, 4, NULL, -25, 0, 25),
(275, 4, NULL, -15, 0, 15),
(276, 4, NULL, -5, 0, 5),
(277, 4, NULL, 5, 0, -5),
(278, 4, NULL, 15, 0, -15),
(279, 4, NULL, 25, 0, -25),
(280, 4, NULL, -25, 10, 15),
(281, 4, NULL, -15, 10, 5),
(282, 4, NULL, -5, 10, -5),
(283, 4, NULL, 5, 10, -15),
(284, 4, NULL, 15, 10, -25),
(285, 4, NULL, -25, 20, 5),
(286, 4, NULL, -15, 20, -5),
(287, 4, NULL, -5, 20, -15),
(288, 4, NULL, 5, 20, -25),
(289, 5, NULL, -20, -5, 25),
(290, 5, NULL, -20, 5, 15),
(291, 5, NULL, -20, 15, 5),
(292, 5, NULL, -20, 25, -5),
(293, 5, NULL, -10, -15, 25),
(294, 5, NULL, -10, -5, 15),
(295, 5, NULL, -10, 5, 5),
(296, 5, NULL, -10, 15, -5),
(297, 5, NULL, -10, 25, -15),
(298, 5, NULL, 0, -25, 25),
(299, 5, NULL, 0, -15, 15),
(300, 5, NULL, 0, -5, 5),
(301, 5, NULL, 0, 5, -5),
(302, 5, NULL, 0, 15, -15),
(303, 5, NULL, 0, 25, -25),
(304, 5, NULL, 10, -25, 15),
(305, 5, NULL, 10, -15, 5),
(306, 5, NULL, 10, -5, -5),
(307, 5, NULL, 10, 5, -15),
(308, 5, NULL, 10, 15, -25),
(309, 5, NULL, 20, -25, 5),
(310, 5, NULL, 20, -15, -5),
(311, 5, NULL, 20, -5, -15),
(312, 5, NULL, 20, 5, -25),
(313, 5, NULL, 25, -5, -20),
(314, 5, NULL, 15, 5, -20),
(315, 5, NULL, 5, 15, -20),
(316, 5, NULL, -5, 25, -20),
(317, 5, NULL, 25, -15, -10),
(318, 5, NULL, 15, -5, -10),
(319, 5, NULL, 5, 5, -10),
(320, 5, NULL, -5, 15, -10),
(321, 5, NULL, -15, 25, -10),
(322, 5, NULL, 25, -25, 0),
(323, 5, NULL, 15, -15, 0),
(324, 5, NULL, 5, -5, 0),
(325, 5, NULL, -5, 5, 0),
(326, 5, NULL, -15, 15, 0),
(327, 5, NULL, -25, 25, 0),
(328, 5, NULL, 15, -25, 10),
(329, 5, NULL, 5, -15, 10),
(330, 5, NULL, -5, -5, 10),
(331, 5, NULL, -15, 5, 10),
(332, 5, NULL, -25, 15, 10),
(333, 5, NULL, 5, -25, 20),
(334, 5, NULL, -5, -15, 20),
(335, 5, NULL, -15, -5, 20),
(336, 5, NULL, -25, 5, 20),
(337, 5, NULL, -5, -20, 25),
(338, 5, NULL, 5, -20, 15),
(339, 5, NULL, 15, -20, 5),
(340, 5, NULL, 25, -20, -5),
(341, 5, NULL, -15, -10, 25),
(342, 5, NULL, -5, -10, 15),
(343, 5, NULL, 5, -10, 5),
(344, 5, NULL, 15, -10, -5),
(345, 5, NULL, 25, -10, -15),
(346, 5, NULL, -25, 0, 25),
(347, 5, NULL, -15, 0, 15),
(348, 5, NULL, -5, 0, 5),
(349, 5, NULL, 5, 0, -5),
(350, 5, NULL, 15, 0, -15),
(351, 5, NULL, 25, 0, -25),
(352, 5, NULL, -25, 10, 15),
(353, 5, NULL, -15, 10, 5),
(354, 5, NULL, -5, 10, -5),
(355, 5, NULL, 5, 10, -15),
(356, 5, NULL, 15, 10, -25),
(357, 5, NULL, -25, 20, 5),
(358, 5, NULL, -15, 20, -5),
(359, 5, NULL, -5, 20, -15),
(360, 5, NULL, 5, 20, -25),
(361, 6, NULL, -20, -5, 25),
(362, 6, NULL, -20, 5, 15),
(363, 6, 11, -20, 15, 5),
(364, 6, NULL, -20, 25, -5),
(365, 6, NULL, -10, -15, 25),
(366, 6, NULL, -10, -5, 15),
(367, 6, NULL, -10, 5, 5),
(368, 6, NULL, -10, 15, -5),
(369, 6, NULL, -10, 25, -15),
(370, 6, NULL, 0, -25, 25),
(371, 6, NULL, 0, -15, 15),
(372, 6, NULL, 0, -5, 5),
(373, 6, NULL, 0, 5, -5),
(374, 6, NULL, 0, 15, -15),
(375, 6, NULL, 0, 25, -25),
(376, 6, NULL, 10, -25, 15),
(377, 6, NULL, 10, -15, 5),
(378, 6, NULL, 10, -5, -5),
(379, 6, NULL, 10, 5, -15),
(380, 6, NULL, 10, 15, -25),
(381, 6, NULL, 20, -25, 5),
(382, 6, NULL, 20, -15, -5),
(383, 6, NULL, 20, -5, -15),
(384, 6, NULL, 20, 5, -25),
(385, 6, NULL, 25, -5, -20),
(386, 6, NULL, 15, 5, -20),
(387, 6, NULL, 5, 15, -20),
(388, 6, NULL, -5, 25, -20),
(389, 6, NULL, 25, -15, -10),
(390, 6, 12, 15, -5, -10),
(391, 6, NULL, 5, 5, -10),
(392, 6, NULL, -5, 15, -10),
(393, 6, NULL, -15, 25, -10),
(394, 6, NULL, 25, -25, 0),
(395, 6, NULL, 15, -15, 0),
(396, 6, NULL, 5, -5, 0),
(397, 6, 12, -5, 5, 0),
(398, 6, NULL, -15, 15, 0),
(399, 6, NULL, -25, 25, 0),
(400, 6, NULL, 15, -25, 10),
(401, 6, NULL, 5, -15, 10),
(402, 6, NULL, -5, -5, 10),
(403, 6, 11, -15, 5, 10),
(404, 6, 11, -25, 15, 10),
(405, 6, NULL, 5, -25, 20),
(406, 6, NULL, -5, -15, 20),
(407, 6, NULL, -15, -5, 20),
(408, 6, NULL, -25, 5, 20),
(409, 6, NULL, -5, -20, 25),
(410, 6, NULL, 5, -20, 15),
(411, 6, NULL, 15, -20, 5),
(412, 6, NULL, 25, -20, -5),
(413, 6, NULL, -15, -10, 25),
(414, 6, NULL, -5, -10, 15),
(415, 6, NULL, 5, -10, 5),
(416, 6, NULL, 15, -10, -5),
(417, 6, NULL, 25, -10, -15),
(418, 6, NULL, -25, 0, 25),
(419, 6, NULL, -15, 0, 15),
(420, 6, NULL, -5, 0, 5),
(421, 6, NULL, 5, 0, -5),
(422, 6, NULL, 15, 0, -15),
(423, 6, NULL, 25, 0, -25),
(424, 6, NULL, -25, 10, 15),
(425, 6, NULL, -15, 10, 5),
(426, 6, NULL, -5, 10, -5),
(427, 6, NULL, 5, 10, -15),
(428, 6, NULL, 15, 10, -25),
(429, 6, NULL, -25, 20, 5),
(430, 6, NULL, -15, 20, -5),
(431, 6, NULL, -5, 20, -15),
(432, 6, NULL, 5, 20, -25),
(433, 7, NULL, -20, -5, 25),
(434, 7, NULL, -20, 5, 15),
(435, 7, NULL, -20, 15, 5),
(436, 7, NULL, -20, 25, -5),
(437, 7, NULL, -10, -15, 25),
(438, 7, NULL, -10, -5, 15),
(439, 7, NULL, -10, 5, 5),
(440, 7, NULL, -10, 15, -5),
(441, 7, NULL, -10, 25, -15),
(442, 7, NULL, 0, -25, 25),
(443, 7, NULL, 0, -15, 15),
(444, 7, NULL, 0, -5, 5),
(445, 7, NULL, 0, 5, -5),
(446, 7, NULL, 0, 15, -15),
(447, 7, NULL, 0, 25, -25),
(448, 7, NULL, 10, -25, 15),
(449, 7, NULL, 10, -15, 5),
(450, 7, NULL, 10, -5, -5),
(451, 7, 14, 10, 5, -15),
(452, 7, NULL, 10, 15, -25),
(453, 7, NULL, 20, -25, 5),
(454, 7, NULL, 20, -15, -5),
(455, 7, NULL, 20, -5, -15),
(456, 7, NULL, 20, 5, -25),
(457, 7, NULL, 25, -5, -20),
(458, 7, NULL, 15, 5, -20),
(459, 7, NULL, 5, 15, -20),
(460, 7, NULL, -5, 25, -20),
(461, 7, NULL, 25, -15, -10),
(462, 7, NULL, 15, -5, -10),
(463, 7, NULL, 5, 5, -10),
(464, 7, NULL, -5, 15, -10),
(465, 7, NULL, -15, 25, -10),
(466, 7, NULL, 25, -25, 0),
(467, 7, NULL, 15, -15, 0),
(468, 7, NULL, 5, -5, 0),
(469, 7, NULL, -5, 5, 0),
(470, 7, 13, -15, 15, 0),
(471, 7, NULL, -25, 25, 0),
(472, 7, NULL, 15, -25, 10),
(473, 7, NULL, 5, -15, 10),
(474, 7, NULL, -5, -5, 10),
(475, 7, NULL, -15, 5, 10),
(476, 7, 13, -25, 15, 10),
(477, 7, NULL, 5, -25, 20),
(478, 7, NULL, -5, -15, 20),
(479, 7, NULL, -15, -5, 20),
(480, 7, NULL, -25, 5, 20),
(481, 7, NULL, -5, -20, 25),
(482, 7, NULL, 5, -20, 15),
(483, 7, NULL, 15, -20, 5),
(484, 7, NULL, 25, -20, -5),
(485, 7, NULL, -15, -10, 25),
(486, 7, NULL, -5, -10, 15),
(487, 7, NULL, 5, -10, 5),
(488, 7, NULL, 15, -10, -5),
(489, 7, NULL, 25, -10, -15),
(490, 7, NULL, -25, 0, 25),
(491, 7, NULL, -15, 0, 15),
(492, 7, NULL, -5, 0, 5),
(493, 7, NULL, 5, 0, -5),
(494, 7, NULL, 15, 0, -15),
(495, 7, NULL, 25, 0, -25),
(496, 7, 13, -25, 10, 15),
(497, 7, NULL, -15, 10, 5),
(498, 7, NULL, -5, 10, -5),
(499, 7, NULL, 5, 10, -15),
(500, 7, NULL, 15, 10, -25),
(501, 7, NULL, -25, 20, 5),
(502, 7, NULL, -15, 20, -5),
(503, 7, 14, -5, 20, -15),
(504, 7, NULL, 5, 20, -25),
(505, 8, NULL, -20, -5, 25),
(506, 8, NULL, -20, 5, 15),
(507, 8, NULL, -20, 15, 5),
(508, 8, NULL, -20, 25, -5),
(509, 8, NULL, -10, -15, 25),
(510, 8, 15, -10, -5, 15),
(511, 8, 15, -10, 5, 5),
(512, 8, NULL, -10, 15, -5),
(513, 8, NULL, -10, 25, -15),
(514, 8, NULL, 0, -25, 25),
(515, 8, 15, 0, -15, 15),
(516, 8, 15, 0, -5, 5),
(517, 8, NULL, 0, 5, -5),
(518, 8, NULL, 0, 15, -15),
(519, 8, NULL, 0, 25, -25),
(520, 8, NULL, 10, -25, 15),
(521, 8, NULL, 10, -15, 5),
(522, 8, NULL, 10, -5, -5),
(523, 8, NULL, 10, 5, -15),
(524, 8, NULL, 10, 15, -25),
(525, 8, NULL, 20, -25, 5),
(526, 8, NULL, 20, -15, -5),
(527, 8, NULL, 20, -5, -15),
(528, 8, NULL, 20, 5, -25),
(529, 8, 16, 25, -5, -20),
(530, 8, 16, 15, 5, -20),
(531, 8, NULL, 5, 15, -20),
(532, 8, NULL, -5, 25, -20),
(533, 8, NULL, 25, -15, -10),
(534, 8, NULL, 15, -5, -10),
(535, 8, NULL, 5, 5, -10),
(536, 8, NULL, -5, 15, -10),
(537, 8, NULL, -15, 25, -10),
(538, 8, NULL, 25, -25, 0),
(539, 8, NULL, 15, -15, 0),
(540, 8, 15, 5, -5, 0),
(541, 8, NULL, -5, 5, 0),
(542, 8, 15, -15, 15, 0),
(543, 8, NULL, -25, 25, 0),
(544, 8, NULL, 15, -25, 10),
(545, 8, 15, 5, -15, 10),
(546, 8, 15, -5, -5, 10),
(547, 8, NULL, -15, 5, 10),
(548, 8, NULL, -25, 15, 10),
(549, 8, NULL, 5, -25, 20),
(550, 8, NULL, -5, -15, 20),
(551, 8, NULL, -15, -5, 20),
(552, 8, NULL, -25, 5, 20),
(553, 8, NULL, -5, -20, 25),
(554, 8, NULL, 5, -20, 15),
(555, 8, NULL, 15, -20, 5),
(556, 8, NULL, 25, -20, -5),
(557, 8, NULL, -15, -10, 25),
(558, 8, NULL, -5, -10, 15),
(559, 8, 15, 5, -10, 5),
(560, 8, NULL, 15, -10, -5),
(561, 8, NULL, 25, -10, -15),
(562, 8, NULL, -25, 0, 25),
(563, 8, NULL, -15, 0, 15),
(564, 8, 15, -5, 0, 5),
(565, 8, NULL, 5, 0, -5),
(566, 8, NULL, 15, 0, -15),
(567, 8, NULL, 25, 0, -25),
(568, 8, NULL, -25, 10, 15),
(569, 8, 15, -15, 10, 5),
(570, 8, NULL, -5, 10, -5),
(571, 8, NULL, 5, 10, -15),
(572, 8, NULL, 15, 10, -25),
(573, 8, NULL, -25, 20, 5),
(574, 8, NULL, -15, 20, -5),
(575, 8, NULL, -5, 20, -15),
(576, 8, NULL, 5, 20, -25);

-- --------------------------------------------------------

--
-- Struktura tabeli dla tabeli `settlements`
--

CREATE TABLE IF NOT EXISTS `settlements` (
  `id` int(11) NOT NULL AUTO_INCREMENT,
  `is_town` tinyint(1) NOT NULL DEFAULT '0',
  `board_id` int(11) NOT NULL,
  `player_id` int(11) DEFAULT NULL,
  `deleted_at` timestamp NULL DEFAULT NULL,
  `x` int(11) NOT NULL,
  `y` int(11) NOT NULL,
  `z` int(11) NOT NULL,
  PRIMARY KEY (`id`)
) ENGINE=InnoDB  DEFAULT CHARSET=utf8 COLLATE=utf8_bin AUTO_INCREMENT=433 ;

--
-- Zrzut danych tabeli `settlements`
--

INSERT INTO `settlements` (`id`, `is_town`, `board_id`, `player_id`, `deleted_at`, `x`, `y`, `z`) VALUES
(1, 0, 1, NULL, NULL, -25, -5, 25),
(2, 0, 1, NULL, NULL, -25, 5, 15),
(3, 0, 1, NULL, NULL, -25, 5, 25),
(4, 0, 1, NULL, '2014-04-02 20:50:28', -25, 15, 5),
(5, 0, 1, NULL, NULL, -25, 15, 15),
(6, 0, 1, NULL, NULL, -25, 25, -5),
(7, 0, 1, NULL, NULL, -25, 25, 5),
(8, 0, 1, NULL, NULL, -15, -15, 25),
(9, 0, 1, NULL, NULL, -15, -5, 15),
(10, 0, 1, NULL, NULL, -15, -5, 25),
(11, 0, 1, NULL, '2014-04-02 20:50:28', -15, 5, 5),
(12, 0, 1, NULL, NULL, -15, 5, 15),
(13, 0, 1, NULL, '2014-04-02 20:50:28', -15, 15, -5),
(14, 0, 1, 1, NULL, -15, 15, 5),
(15, 0, 1, NULL, NULL, -15, 25, -15),
(16, 0, 1, NULL, NULL, -15, 25, -5),
(17, 0, 1, NULL, NULL, -5, -25, 25),
(18, 0, 1, NULL, NULL, -5, -15, 15),
(19, 0, 1, NULL, NULL, -5, -15, 25),
(20, 0, 1, NULL, NULL, -5, -5, 5),
(21, 0, 1, NULL, NULL, -5, -5, 15),
(22, 0, 1, NULL, NULL, -5, 5, -5),
(23, 0, 1, NULL, NULL, -5, 5, 5),
(24, 0, 1, NULL, '2014-04-02 20:51:13', -5, 15, -15),
(25, 0, 1, NULL, NULL, -5, 15, -5),
(26, 0, 1, NULL, NULL, -5, 25, -25),
(27, 0, 1, NULL, NULL, -5, 25, -15),
(28, 0, 1, NULL, NULL, 5, -25, 15),
(29, 0, 1, NULL, NULL, 5, -25, 25),
(30, 0, 1, 2, NULL, 5, -15, 5),
(31, 0, 1, NULL, '2014-04-02 20:50:43', 5, -15, 15),
(32, 0, 1, 2, NULL, 5, -5, -5),
(33, 0, 1, NULL, '2014-04-02 20:50:43', 5, -5, 5),
(34, 0, 1, NULL, '2014-04-02 20:51:13', 5, 5, -15),
(35, 0, 1, NULL, '2014-04-02 20:50:59', 5, 5, -5),
(36, 0, 1, NULL, '2014-04-02 20:51:13', 5, 15, -25),
(37, 0, 1, 1, NULL, 5, 15, -15),
(38, 0, 1, NULL, NULL, 5, 25, -25),
(39, 0, 1, NULL, NULL, 15, -25, 5),
(40, 0, 1, NULL, NULL, 15, -25, 15),
(41, 0, 1, NULL, NULL, 15, -15, -5),
(42, 0, 1, NULL, '2014-04-02 20:50:43', 15, -15, 5),
(43, 0, 1, NULL, NULL, 15, -5, -15),
(44, 0, 1, NULL, '2014-04-02 20:50:58', 15, -5, -5),
(45, 0, 1, NULL, NULL, 15, 5, -25),
(46, 0, 1, NULL, NULL, 15, 5, -15),
(47, 0, 1, NULL, NULL, 15, 15, -25),
(48, 0, 1, NULL, NULL, 25, -25, -5),
(49, 0, 1, NULL, NULL, 25, -25, 5),
(50, 0, 1, NULL, NULL, 25, -15, -15),
(51, 0, 1, NULL, NULL, 25, -15, -5),
(52, 0, 1, NULL, NULL, 25, -5, -25),
(53, 0, 1, NULL, NULL, 25, -5, -15),
(54, 0, 1, NULL, NULL, 25, 5, -25),
(55, 0, 2, NULL, NULL, -25, -5, 25),
(56, 0, 2, NULL, NULL, -25, 5, 15),
(57, 0, 2, NULL, NULL, -25, 5, 25),
(58, 0, 2, NULL, NULL, -25, 15, 5),
(59, 0, 2, NULL, NULL, -25, 15, 15),
(60, 0, 2, NULL, NULL, -25, 25, -5),
(61, 0, 2, NULL, NULL, -25, 25, 5),
(62, 0, 2, NULL, NULL, -15, -15, 25),
(63, 0, 2, NULL, NULL, -15, -5, 15),
(64, 0, 2, NULL, NULL, -15, -5, 25),
(65, 0, 2, NULL, NULL, -15, 5, 5),
(66, 0, 2, NULL, NULL, -15, 5, 15),
(67, 0, 2, NULL, NULL, -15, 15, -5),
(68, 0, 2, NULL, NULL, -15, 15, 5),
(69, 0, 2, NULL, NULL, -15, 25, -15),
(70, 0, 2, NULL, NULL, -15, 25, -5),
(71, 0, 2, NULL, NULL, -5, -25, 25),
(72, 0, 2, NULL, NULL, -5, -15, 15),
(73, 0, 2, NULL, NULL, -5, -15, 25),
(74, 0, 2, NULL, NULL, -5, -5, 5),
(75, 0, 2, NULL, NULL, -5, -5, 15),
(76, 0, 2, NULL, NULL, -5, 5, -5),
(77, 0, 2, NULL, NULL, -5, 5, 5),
(78, 0, 2, NULL, NULL, -5, 15, -15),
(79, 0, 2, NULL, NULL, -5, 15, -5),
(80, 0, 2, NULL, NULL, -5, 25, -25),
(81, 0, 2, NULL, NULL, -5, 25, -15),
(82, 0, 2, NULL, NULL, 5, -25, 15),
(83, 0, 2, NULL, NULL, 5, -25, 25),
(84, 0, 2, NULL, NULL, 5, -15, 5),
(85, 0, 2, NULL, NULL, 5, -15, 15),
(86, 0, 2, NULL, NULL, 5, -5, -5),
(87, 0, 2, NULL, NULL, 5, -5, 5),
(88, 0, 2, NULL, NULL, 5, 5, -15),
(89, 0, 2, NULL, NULL, 5, 5, -5),
(90, 0, 2, NULL, NULL, 5, 15, -25),
(91, 0, 2, NULL, NULL, 5, 15, -15),
(92, 0, 2, NULL, NULL, 5, 25, -25),
(93, 0, 2, NULL, NULL, 15, -25, 5),
(94, 0, 2, NULL, NULL, 15, -25, 15),
(95, 0, 2, NULL, NULL, 15, -15, -5),
(96, 0, 2, NULL, NULL, 15, -15, 5),
(97, 0, 2, NULL, NULL, 15, -5, -15),
(98, 0, 2, NULL, NULL, 15, -5, -5),
(99, 0, 2, NULL, NULL, 15, 5, -25),
(100, 0, 2, NULL, NULL, 15, 5, -15),
(101, 0, 2, NULL, NULL, 15, 15, -25),
(102, 0, 2, NULL, NULL, 25, -25, -5),
(103, 0, 2, NULL, NULL, 25, -25, 5),
(104, 0, 2, NULL, NULL, 25, -15, -15),
(105, 0, 2, NULL, NULL, 25, -15, -5),
(106, 0, 2, NULL, NULL, 25, -5, -25),
(107, 0, 2, NULL, NULL, 25, -5, -15),
(108, 0, 2, NULL, NULL, 25, 5, -25),
(109, 0, 3, NULL, NULL, -25, -5, 25),
(110, 0, 3, NULL, NULL, -25, 5, 15),
(111, 0, 3, NULL, NULL, -25, 5, 25),
(112, 0, 3, NULL, NULL, -25, 15, 5),
(113, 0, 3, NULL, NULL, -25, 15, 15),
(114, 0, 3, NULL, NULL, -25, 25, -5),
(115, 0, 3, NULL, NULL, -25, 25, 5),
(116, 0, 3, NULL, NULL, -15, -15, 25),
(117, 0, 3, NULL, NULL, -15, -5, 15),
(118, 0, 3, NULL, NULL, -15, -5, 25),
(119, 0, 3, NULL, NULL, -15, 5, 5),
(120, 0, 3, NULL, NULL, -15, 5, 15),
(121, 0, 3, NULL, NULL, -15, 15, -5),
(122, 0, 3, NULL, NULL, -15, 15, 5),
(123, 0, 3, NULL, NULL, -15, 25, -15),
(124, 0, 3, NULL, NULL, -15, 25, -5),
(125, 0, 3, NULL, NULL, -5, -25, 25),
(126, 0, 3, NULL, NULL, -5, -15, 15),
(127, 0, 3, NULL, NULL, -5, -15, 25),
(128, 0, 3, NULL, NULL, -5, -5, 5),
(129, 0, 3, NULL, NULL, -5, -5, 15),
(130, 0, 3, NULL, NULL, -5, 5, -5),
(131, 0, 3, NULL, NULL, -5, 5, 5),
(132, 0, 3, NULL, NULL, -5, 15, -15),
(133, 0, 3, NULL, NULL, -5, 15, -5),
(134, 0, 3, NULL, NULL, -5, 25, -25),
(135, 0, 3, NULL, NULL, -5, 25, -15),
(136, 0, 3, NULL, NULL, 5, -25, 15),
(137, 0, 3, NULL, NULL, 5, -25, 25),
(138, 0, 3, NULL, NULL, 5, -15, 5),
(139, 0, 3, NULL, NULL, 5, -15, 15),
(140, 0, 3, NULL, NULL, 5, -5, -5),
(141, 0, 3, NULL, NULL, 5, -5, 5),
(142, 0, 3, NULL, NULL, 5, 5, -15),
(143, 0, 3, NULL, NULL, 5, 5, -5),
(144, 0, 3, NULL, NULL, 5, 15, -25),
(145, 0, 3, NULL, NULL, 5, 15, -15),
(146, 0, 3, NULL, NULL, 5, 25, -25),
(147, 0, 3, NULL, NULL, 15, -25, 5),
(148, 0, 3, NULL, NULL, 15, -25, 15),
(149, 0, 3, NULL, NULL, 15, -15, -5),
(150, 0, 3, NULL, NULL, 15, -15, 5),
(151, 0, 3, NULL, NULL, 15, -5, -15),
(152, 0, 3, NULL, NULL, 15, -5, -5),
(153, 0, 3, NULL, NULL, 15, 5, -25),
(154, 0, 3, NULL, NULL, 15, 5, -15),
(155, 0, 3, NULL, NULL, 15, 15, -25),
(156, 0, 3, NULL, NULL, 25, -25, -5),
(157, 0, 3, NULL, NULL, 25, -25, 5),
(158, 0, 3, NULL, NULL, 25, -15, -15),
(159, 0, 3, NULL, NULL, 25, -15, -5),
(160, 0, 3, NULL, NULL, 25, -5, -25),
(161, 0, 3, NULL, NULL, 25, -5, -15),
(162, 0, 3, NULL, NULL, 25, 5, -25),
(163, 0, 4, NULL, NULL, -25, -5, 25),
(164, 0, 4, NULL, NULL, -25, 5, 15),
(165, 0, 4, NULL, NULL, -25, 5, 25),
(166, 0, 4, NULL, NULL, -25, 15, 5),
(167, 0, 4, NULL, NULL, -25, 15, 15),
(168, 0, 4, NULL, NULL, -25, 25, -5),
(169, 0, 4, NULL, NULL, -25, 25, 5),
(170, 0, 4, NULL, NULL, -15, -15, 25),
(171, 0, 4, NULL, NULL, -15, -5, 15),
(172, 0, 4, NULL, NULL, -15, -5, 25),
(173, 0, 4, NULL, NULL, -15, 5, 5),
(174, 0, 4, NULL, NULL, -15, 5, 15),
(175, 0, 4, NULL, NULL, -15, 15, -5),
(176, 0, 4, NULL, NULL, -15, 15, 5),
(177, 0, 4, NULL, NULL, -15, 25, -15),
(178, 0, 4, NULL, NULL, -15, 25, -5),
(179, 0, 4, NULL, NULL, -5, -25, 25),
(180, 0, 4, NULL, NULL, -5, -15, 15),
(181, 0, 4, NULL, NULL, -5, -15, 25),
(182, 0, 4, NULL, NULL, -5, -5, 5),
(183, 0, 4, NULL, NULL, -5, -5, 15),
(184, 0, 4, NULL, NULL, -5, 5, -5),
(185, 0, 4, NULL, NULL, -5, 5, 5),
(186, 0, 4, NULL, NULL, -5, 15, -15),
(187, 0, 4, NULL, NULL, -5, 15, -5),
(188, 0, 4, NULL, NULL, -5, 25, -25),
(189, 0, 4, NULL, NULL, -5, 25, -15),
(190, 0, 4, NULL, NULL, 5, -25, 15),
(191, 0, 4, NULL, NULL, 5, -25, 25),
(192, 0, 4, NULL, NULL, 5, -15, 5),
(193, 0, 4, NULL, NULL, 5, -15, 15),
(194, 0, 4, NULL, NULL, 5, -5, -5),
(195, 0, 4, NULL, NULL, 5, -5, 5),
(196, 0, 4, NULL, NULL, 5, 5, -15),
(197, 0, 4, NULL, NULL, 5, 5, -5),
(198, 0, 4, NULL, NULL, 5, 15, -25),
(199, 0, 4, NULL, NULL, 5, 15, -15),
(200, 0, 4, NULL, NULL, 5, 25, -25),
(201, 0, 4, NULL, NULL, 15, -25, 5),
(202, 0, 4, NULL, NULL, 15, -25, 15),
(203, 0, 4, NULL, NULL, 15, -15, -5),
(204, 0, 4, NULL, NULL, 15, -15, 5),
(205, 0, 4, NULL, NULL, 15, -5, -15),
(206, 0, 4, NULL, NULL, 15, -5, -5),
(207, 0, 4, NULL, NULL, 15, 5, -25),
(208, 0, 4, NULL, NULL, 15, 5, -15),
(209, 0, 4, NULL, NULL, 15, 15, -25),
(210, 0, 4, NULL, NULL, 25, -25, -5),
(211, 0, 4, NULL, NULL, 25, -25, 5),
(212, 0, 4, NULL, NULL, 25, -15, -15),
(213, 0, 4, NULL, NULL, 25, -15, -5),
(214, 0, 4, NULL, NULL, 25, -5, -25),
(215, 0, 4, NULL, NULL, 25, -5, -15),
(216, 0, 4, NULL, NULL, 25, 5, -25),
(217, 0, 5, NULL, NULL, -25, -5, 25),
(218, 0, 5, NULL, NULL, -25, 5, 15),
(219, 0, 5, NULL, NULL, -25, 5, 25),
(220, 0, 5, NULL, NULL, -25, 15, 5),
(221, 0, 5, NULL, NULL, -25, 15, 15),
(222, 0, 5, NULL, NULL, -25, 25, -5),
(223, 0, 5, NULL, NULL, -25, 25, 5),
(224, 0, 5, NULL, NULL, -15, -15, 25),
(225, 0, 5, NULL, NULL, -15, -5, 15),
(226, 0, 5, NULL, NULL, -15, -5, 25),
(227, 0, 5, NULL, NULL, -15, 5, 5),
(228, 0, 5, NULL, NULL, -15, 5, 15),
(229, 0, 5, NULL, NULL, -15, 15, -5),
(230, 0, 5, NULL, NULL, -15, 15, 5),
(231, 0, 5, NULL, NULL, -15, 25, -15),
(232, 0, 5, NULL, NULL, -15, 25, -5),
(233, 0, 5, NULL, NULL, -5, -25, 25),
(234, 0, 5, NULL, NULL, -5, -15, 15),
(235, 0, 5, NULL, NULL, -5, -15, 25),
(236, 0, 5, NULL, NULL, -5, -5, 5),
(237, 0, 5, NULL, NULL, -5, -5, 15),
(238, 0, 5, NULL, NULL, -5, 5, -5),
(239, 0, 5, NULL, NULL, -5, 5, 5),
(240, 0, 5, NULL, NULL, -5, 15, -15),
(241, 0, 5, NULL, NULL, -5, 15, -5),
(242, 0, 5, NULL, NULL, -5, 25, -25),
(243, 0, 5, NULL, NULL, -5, 25, -15),
(244, 0, 5, NULL, NULL, 5, -25, 15),
(245, 0, 5, NULL, NULL, 5, -25, 25),
(246, 0, 5, NULL, NULL, 5, -15, 5),
(247, 0, 5, NULL, NULL, 5, -15, 15),
(248, 0, 5, NULL, NULL, 5, -5, -5),
(249, 0, 5, NULL, NULL, 5, -5, 5),
(250, 0, 5, NULL, NULL, 5, 5, -15),
(251, 0, 5, NULL, NULL, 5, 5, -5),
(252, 0, 5, NULL, NULL, 5, 15, -25),
(253, 0, 5, NULL, NULL, 5, 15, -15),
(254, 0, 5, NULL, NULL, 5, 25, -25),
(255, 0, 5, NULL, NULL, 15, -25, 5),
(256, 0, 5, NULL, NULL, 15, -25, 15),
(257, 0, 5, NULL, NULL, 15, -15, -5),
(258, 0, 5, NULL, NULL, 15, -15, 5),
(259, 0, 5, NULL, NULL, 15, -5, -15),
(260, 0, 5, NULL, NULL, 15, -5, -5),
(261, 0, 5, NULL, NULL, 15, 5, -25),
(262, 0, 5, NULL, NULL, 15, 5, -15),
(263, 0, 5, NULL, NULL, 15, 15, -25),
(264, 0, 5, NULL, NULL, 25, -25, -5),
(265, 0, 5, NULL, NULL, 25, -25, 5),
(266, 0, 5, NULL, NULL, 25, -15, -15),
(267, 0, 5, NULL, NULL, 25, -15, -5),
(268, 0, 5, NULL, NULL, 25, -5, -25),
(269, 0, 5, NULL, NULL, 25, -5, -15),
(270, 0, 5, NULL, NULL, 25, 5, -25),
(271, 0, 6, NULL, NULL, -25, -5, 25),
(272, 0, 6, NULL, '2014-04-08 19:26:31', -25, 5, 15),
(273, 0, 6, NULL, NULL, -25, 5, 25),
(274, 0, 6, NULL, '2014-04-08 19:27:32', -25, 15, 5),
(275, 0, 6, NULL, NULL, -25, 15, 15),
(276, 0, 6, NULL, NULL, -25, 25, -5),
(277, 0, 6, NULL, NULL, -25, 25, 5),
(278, 0, 6, NULL, NULL, -15, -15, 25),
(279, 0, 6, NULL, '2014-04-08 19:26:31', -15, -5, 15),
(280, 0, 6, NULL, NULL, -15, -5, 25),
(281, 0, 6, NULL, '2014-04-08 19:26:31', -15, 5, 5),
(282, 0, 6, 11, NULL, -15, 5, 15),
(283, 0, 6, NULL, '2014-04-08 19:27:32', -15, 15, -5),
(284, 0, 6, 11, NULL, -15, 15, 5),
(285, 0, 6, NULL, NULL, -15, 25, -15),
(286, 0, 6, NULL, NULL, -15, 25, -5),
(287, 0, 6, NULL, NULL, -5, -25, 25),
(288, 0, 6, NULL, NULL, -5, -15, 15),
(289, 0, 6, NULL, NULL, -5, -15, 25),
(290, 0, 6, NULL, NULL, -5, -5, 5),
(291, 0, 6, NULL, NULL, -5, -5, 15),
(292, 0, 6, 12, NULL, -5, 5, -5),
(293, 0, 6, NULL, '2014-04-08 19:27:18', -5, 5, 5),
(294, 0, 6, NULL, NULL, -5, 15, -15),
(295, 0, 6, NULL, '2014-04-08 19:27:18', -5, 15, -5),
(296, 0, 6, NULL, NULL, -5, 25, -25),
(297, 0, 6, NULL, NULL, -5, 25, -15),
(298, 0, 6, NULL, NULL, 5, -25, 15),
(299, 0, 6, NULL, NULL, 5, -25, 25),
(300, 0, 6, NULL, NULL, 5, -15, 5),
(301, 0, 6, NULL, NULL, 5, -15, 15),
(302, 0, 6, NULL, NULL, 5, -5, -5),
(303, 0, 6, NULL, NULL, 5, -5, 5),
(304, 0, 6, NULL, NULL, 5, 5, -15),
(305, 0, 6, NULL, '2014-04-08 19:27:18', 5, 5, -5),
(306, 0, 6, NULL, NULL, 5, 15, -25),
(307, 0, 6, NULL, NULL, 5, 15, -15),
(308, 0, 6, NULL, NULL, 5, 25, -25),
(309, 0, 6, NULL, NULL, 15, -25, 5),
(310, 0, 6, NULL, NULL, 15, -25, 15),
(311, 0, 6, NULL, NULL, 15, -15, -5),
(312, 0, 6, NULL, NULL, 15, -15, 5),
(313, 0, 6, 12, NULL, 15, -5, -15),
(314, 0, 6, NULL, '2014-04-08 19:27:02', 15, -5, -5),
(315, 0, 6, NULL, NULL, 15, 5, -25),
(316, 0, 6, NULL, '2014-04-08 19:27:02', 15, 5, -15),
(317, 0, 6, NULL, NULL, 15, 15, -25),
(318, 0, 6, NULL, NULL, 25, -25, -5),
(319, 0, 6, NULL, NULL, 25, -25, 5),
(320, 0, 6, NULL, NULL, 25, -15, -15),
(321, 0, 6, NULL, NULL, 25, -15, -5),
(322, 0, 6, NULL, NULL, 25, -5, -25),
(323, 0, 6, NULL, '2014-04-08 19:27:02', 25, -5, -15),
(324, 0, 6, NULL, NULL, 25, 5, -25),
(325, 0, 7, NULL, NULL, -25, -5, 25),
(326, 0, 7, NULL, NULL, -25, 5, 15),
(327, 0, 7, NULL, NULL, -25, 5, 25),
(328, 0, 7, 13, NULL, -25, 15, 5),
(329, 0, 7, NULL, '2014-04-22 17:58:11', -25, 15, 15),
(330, 0, 7, NULL, NULL, -25, 25, -5),
(331, 0, 7, NULL, '2014-04-22 17:58:11', -25, 25, 5),
(332, 0, 7, NULL, NULL, -15, -15, 25),
(333, 0, 7, NULL, NULL, -15, -5, 15),
(334, 0, 7, NULL, NULL, -15, -5, 25),
(335, 0, 7, NULL, NULL, -15, 5, 5),
(336, 0, 7, NULL, NULL, -15, 5, 15),
(337, 0, 7, 13, NULL, -15, 15, -5),
(338, 0, 7, NULL, '2014-04-22 17:52:47', -15, 15, 5),
(339, 0, 7, NULL, NULL, -15, 25, -15),
(340, 0, 7, NULL, '2014-04-22 17:52:47', -15, 25, -5),
(341, 0, 7, NULL, NULL, -5, -25, 25),
(342, 0, 7, NULL, NULL, -5, -15, 15),
(343, 0, 7, NULL, NULL, -5, -15, 25),
(344, 0, 7, NULL, NULL, -5, -5, 5),
(345, 0, 7, NULL, NULL, -5, -5, 15),
(346, 0, 7, NULL, NULL, -5, 5, -5),
(347, 0, 7, NULL, NULL, -5, 5, 5),
(348, 0, 7, 14, NULL, -5, 15, -15),
(349, 0, 7, NULL, '2014-04-22 17:52:47', -5, 15, -5),
(350, 0, 7, NULL, NULL, -5, 25, -25),
(351, 0, 7, NULL, '2014-04-22 17:57:27', -5, 25, -15),
(352, 0, 7, NULL, NULL, 5, -25, 15),
(353, 0, 7, NULL, NULL, 5, -25, 25),
(354, 0, 7, NULL, NULL, 5, -15, 5),
(355, 0, 7, NULL, NULL, 5, -15, 15),
(356, 0, 7, NULL, NULL, 5, -5, -5),
(357, 0, 7, NULL, NULL, 5, -5, 5),
(358, 0, 7, NULL, '2014-04-22 17:57:43', 5, 5, -15),
(359, 0, 7, NULL, NULL, 5, 5, -5),
(360, 0, 7, NULL, NULL, 5, 15, -25),
(361, 0, 7, NULL, '2014-04-22 17:57:27', 5, 15, -15),
(362, 0, 7, NULL, NULL, 5, 25, -25),
(363, 0, 7, NULL, NULL, 15, -25, 5),
(364, 0, 7, NULL, NULL, 15, -25, 15),
(365, 0, 7, NULL, NULL, 15, -15, -5),
(366, 0, 7, NULL, NULL, 15, -15, 5),
(367, 0, 7, NULL, '2014-04-22 17:57:43', 15, -5, -15),
(368, 0, 7, NULL, NULL, 15, -5, -5),
(369, 0, 7, NULL, '2014-04-22 17:57:43', 15, 5, -25),
(370, 0, 7, 14, NULL, 15, 5, -15),
(371, 0, 7, NULL, NULL, 15, 15, -25),
(372, 0, 7, NULL, NULL, 25, -25, -5),
(373, 0, 7, NULL, NULL, 25, -25, 5),
(374, 0, 7, NULL, NULL, 25, -15, -15),
(375, 0, 7, NULL, NULL, 25, -15, -5),
(376, 0, 7, NULL, NULL, 25, -5, -25),
(377, 0, 7, NULL, NULL, 25, -5, -15),
(378, 0, 7, NULL, NULL, 25, 5, -25),
(379, 0, 8, NULL, NULL, -25, -5, 25),
(380, 0, 8, NULL, NULL, -25, 5, 15),
(381, 0, 8, NULL, NULL, -25, 5, 25),
(382, 0, 8, NULL, NULL, -25, 15, 5),
(383, 0, 8, NULL, NULL, -25, 15, 15),
(384, 0, 8, NULL, NULL, -25, 25, -5),
(385, 0, 8, NULL, NULL, -25, 25, 5),
(386, 0, 8, NULL, NULL, -15, -15, 25),
(387, 0, 8, NULL, NULL, -15, -5, 15),
(388, 0, 8, NULL, NULL, -15, -5, 25),
(389, 0, 8, NULL, NULL, -15, 5, 5),
(390, 0, 8, NULL, NULL, -15, 5, 15),
(391, 0, 8, NULL, NULL, -15, 15, -5),
(392, 0, 8, NULL, NULL, -15, 15, 5),
(393, 0, 8, NULL, NULL, -15, 25, -15),
(394, 0, 8, NULL, NULL, -15, 25, -5),
(395, 0, 8, NULL, NULL, -5, -25, 25),
(396, 0, 8, NULL, NULL, -5, -15, 15),
(397, 0, 8, NULL, NULL, -5, -15, 25),
(398, 0, 8, NULL, NULL, -5, -5, 5),
(399, 0, 8, NULL, NULL, -5, -5, 15),
(400, 0, 8, NULL, NULL, -5, 5, -5),
(401, 0, 8, NULL, NULL, -5, 5, 5),
(402, 0, 8, NULL, NULL, -5, 15, -15),
(403, 0, 8, NULL, NULL, -5, 15, -5),
(404, 0, 8, NULL, NULL, -5, 25, -25),
(405, 0, 8, NULL, NULL, -5, 25, -15),
(406, 0, 8, NULL, NULL, 5, -25, 15),
(407, 0, 8, NULL, NULL, 5, -25, 25),
(408, 0, 8, NULL, NULL, 5, -15, 5),
(409, 0, 8, NULL, NULL, 5, -15, 15),
(410, 0, 8, NULL, NULL, 5, -5, -5),
(411, 0, 8, NULL, NULL, 5, -5, 5),
(412, 0, 8, NULL, NULL, 5, 5, -15),
(413, 0, 8, NULL, NULL, 5, 5, -5),
(414, 0, 8, NULL, NULL, 5, 15, -25),
(415, 0, 8, NULL, NULL, 5, 15, -15),
(416, 0, 8, NULL, NULL, 5, 25, -25),
(417, 0, 8, NULL, NULL, 15, -25, 5),
(418, 0, 8, NULL, NULL, 15, -25, 15),
(419, 0, 8, NULL, NULL, 15, -15, -5),
(420, 0, 8, NULL, NULL, 15, -15, 5),
(421, 0, 8, 15, NULL, 15, -5, -15),
(422, 0, 8, NULL, '2014-04-22 18:11:27', 15, -5, -5),
(423, 0, 8, 16, NULL, 15, 5, -25),
(424, 0, 8, NULL, '2014-04-22 18:11:27', 15, 5, -15),
(425, 0, 8, NULL, '2014-04-22 18:12:02', 15, 15, -25),
(426, 0, 8, NULL, NULL, 25, -25, -5),
(427, 0, 8, NULL, NULL, 25, -25, 5),
(428, 0, 8, 15, NULL, 25, -15, -15),
(429, 0, 8, NULL, '2014-04-22 18:12:25', 25, -15, -5),
(430, 0, 8, 16, NULL, 25, -5, -25),
(431, 0, 8, NULL, '2014-04-22 18:11:27', 25, -5, -15),
(432, 0, 8, NULL, '2014-04-22 18:12:02', 25, 5, -25);

-- --------------------------------------------------------

--
-- Struktura tabeli dla tabeli `tiles`
--

CREATE TABLE IF NOT EXISTS `tiles` (
  `id` int(11) NOT NULL AUTO_INCREMENT,
  `board_id` int(11) NOT NULL,
  `type` enum('desert','stone','wood','clay','sheep','wheat','ocean') COLLATE utf8_bin NOT NULL DEFAULT 'ocean',
  `x` int(11) NOT NULL,
  `y` int(11) NOT NULL,
  `z` int(11) NOT NULL,
  `probability` int(11) DEFAULT NULL,
  PRIMARY KEY (`id`)
) ENGINE=InnoDB  DEFAULT CHARSET=utf8 COLLATE=utf8_bin AUTO_INCREMENT=297 ;

--
-- Zrzut danych tabeli `tiles`
--

INSERT INTO `tiles` (`id`, `board_id`, `type`, `x`, `y`, `z`, `probability`) VALUES
(1, 1, 'ocean', -30, 0, 30, NULL),
(2, 1, 'ocean', -30, 10, 20, NULL),
(3, 1, 'ocean', -30, 20, 10, NULL),
(4, 1, 'ocean', -30, 30, 0, NULL),
(5, 1, 'ocean', -20, -10, 30, NULL),
(6, 1, 'stone', -20, 0, 20, 5),
(7, 1, 'wood', -20, 10, 10, 6),
(8, 1, 'wheat', -20, 20, 0, 6),
(9, 1, 'ocean', -20, 30, -10, NULL),
(10, 1, 'ocean', -10, -20, 30, NULL),
(11, 1, 'sheep', -10, -10, 20, 12),
(12, 1, 'wheat', -10, 0, 10, 4),
(13, 1, 'wheat', -10, 10, 0, 3),
(14, 1, 'wheat', -10, 20, -10, 9),
(15, 1, 'ocean', -10, 30, -20, NULL),
(16, 1, 'ocean', 0, -30, 30, NULL),
(17, 1, 'sheep', 0, -20, 20, 3),
(18, 1, 'stone', 0, -10, 10, 8),
(19, 1, 'wood', 0, 0, 0, 9),
(20, 1, 'wood', 0, 10, -10, 5),
(21, 1, 'wood', 0, 20, -20, 11),
(22, 1, 'ocean', 0, 30, -30, NULL),
(23, 1, 'ocean', 10, -30, 20, NULL),
(24, 1, 'clay', 10, -20, 10, 8),
(25, 1, 'sheep', 10, -10, 0, 10),
(26, 1, 'clay', 10, 0, -10, 2),
(27, 1, 'clay', 10, 10, -20, 10),
(28, 1, 'ocean', 10, 20, -30, NULL),
(29, 1, 'ocean', 20, -30, 10, NULL),
(30, 1, 'sheep', 20, -20, 0, 4),
(31, 1, 'stone', 20, -10, -10, 11),
(32, 1, 'desert', 20, 0, -20, NULL),
(33, 1, 'ocean', 20, 10, -30, NULL),
(34, 1, 'ocean', 30, -30, 0, NULL),
(35, 1, 'ocean', 30, -20, -10, NULL),
(36, 1, 'ocean', 30, -10, -20, NULL),
(37, 1, 'ocean', 30, 0, -30, NULL),
(38, 2, 'ocean', -30, 0, 30, NULL),
(39, 2, 'ocean', -30, 10, 20, NULL),
(40, 2, 'ocean', -30, 20, 10, NULL),
(41, 2, 'ocean', -30, 30, 0, NULL),
(42, 2, 'ocean', -20, -10, 30, NULL),
(43, 2, 'sheep', -20, 0, 20, 6),
(44, 2, 'wood', -20, 10, 10, 9),
(45, 2, 'wheat', -20, 20, 0, 8),
(46, 2, 'ocean', -20, 30, -10, NULL),
(47, 2, 'ocean', -10, -20, 30, NULL),
(48, 2, 'wheat', -10, -10, 20, 8),
(49, 2, 'wheat', -10, 0, 10, 10),
(50, 2, 'wood', -10, 10, 0, 6),
(51, 2, 'stone', -10, 20, -10, 2),
(52, 2, 'ocean', -10, 30, -20, NULL),
(53, 2, 'ocean', 0, -30, 30, NULL),
(54, 2, 'sheep', 0, -20, 20, 12),
(55, 2, 'clay', 0, -10, 10, 5),
(56, 2, 'wood', 0, 0, 0, 11),
(57, 2, 'wood', 0, 10, -10, 4),
(58, 2, 'stone', 0, 20, -20, 4),
(59, 2, 'ocean', 0, 30, -30, NULL),
(60, 2, 'ocean', 10, -30, 20, NULL),
(61, 2, 'sheep', 10, -20, 10, 3),
(62, 2, 'wheat', 10, -10, 0, 11),
(63, 2, 'clay', 10, 0, -10, 3),
(64, 2, 'desert', 10, 10, -20, NULL),
(65, 2, 'ocean', 10, 20, -30, NULL),
(66, 2, 'ocean', 20, -30, 10, NULL),
(67, 2, 'clay', 20, -20, 0, 9),
(68, 2, 'stone', 20, -10, -10, 10),
(69, 2, 'sheep', 20, 0, -20, 5),
(70, 2, 'ocean', 20, 10, -30, NULL),
(71, 2, 'ocean', 30, -30, 0, NULL),
(72, 2, 'ocean', 30, -20, -10, NULL),
(73, 2, 'ocean', 30, -10, -20, NULL),
(74, 2, 'ocean', 30, 0, -30, NULL),
(75, 3, 'ocean', -30, 0, 30, NULL),
(76, 3, 'ocean', -30, 10, 20, NULL),
(77, 3, 'ocean', -30, 20, 10, NULL),
(78, 3, 'ocean', -30, 30, 0, NULL),
(79, 3, 'ocean', -20, -10, 30, NULL),
(80, 3, 'wheat', -20, 0, 20, 2),
(81, 3, 'wood', -20, 10, 10, 10),
(82, 3, 'stone', -20, 20, 0, 11),
(83, 3, 'ocean', -20, 30, -10, NULL),
(84, 3, 'ocean', -10, -20, 30, NULL),
(85, 3, 'stone', -10, -10, 20, 10),
(86, 3, 'desert', -10, 0, 10, NULL),
(87, 3, 'wood', -10, 10, 0, 9),
(88, 3, 'clay', -10, 20, -10, 11),
(89, 3, 'ocean', -10, 30, -20, NULL),
(90, 3, 'ocean', 0, -30, 30, NULL),
(91, 3, 'clay', 0, -20, 20, 8),
(92, 3, 'sheep', 0, -10, 10, 5),
(93, 3, 'sheep', 0, 0, 0, 3),
(94, 3, 'wheat', 0, 10, -10, 6),
(95, 3, 'wood', 0, 20, -20, 4),
(96, 3, 'ocean', 0, 30, -30, NULL),
(97, 3, 'ocean', 10, -30, 20, NULL),
(98, 3, 'wheat', 10, -20, 10, 12),
(99, 3, 'sheep', 10, -10, 0, 4),
(100, 3, 'stone', 10, 0, -10, 3),
(101, 3, 'wheat', 10, 10, -20, 5),
(102, 3, 'ocean', 10, 20, -30, NULL),
(103, 3, 'ocean', 20, -30, 10, NULL),
(104, 3, 'wood', 20, -20, 0, 8),
(105, 3, 'clay', 20, -10, -10, 9),
(106, 3, 'sheep', 20, 0, -20, 6),
(107, 3, 'ocean', 20, 10, -30, NULL),
(108, 3, 'ocean', 30, -30, 0, NULL),
(109, 3, 'ocean', 30, -20, -10, NULL),
(110, 3, 'ocean', 30, -10, -20, NULL),
(111, 3, 'ocean', 30, 0, -30, NULL),
(112, 4, 'ocean', -30, 0, 30, NULL),
(113, 4, 'ocean', -30, 10, 20, NULL),
(114, 4, 'ocean', -30, 20, 10, NULL),
(115, 4, 'ocean', -30, 30, 0, NULL),
(116, 4, 'ocean', -20, -10, 30, NULL),
(117, 4, 'wood', -20, 0, 20, 3),
(118, 4, 'clay', -20, 10, 10, 8),
(119, 4, 'sheep', -20, 20, 0, 11),
(120, 4, 'ocean', -20, 30, -10, NULL),
(121, 4, 'ocean', -10, -20, 30, NULL),
(122, 4, 'stone', -10, -10, 20, 11),
(123, 4, 'wheat', -10, 0, 10, 10),
(124, 4, 'wheat', -10, 10, 0, 12),
(125, 4, 'stone', -10, 20, -10, 5),
(126, 4, 'ocean', -10, 30, -20, NULL),
(127, 4, 'ocean', 0, -30, 30, NULL),
(128, 4, 'sheep', 0, -20, 20, 4),
(129, 4, 'sheep', 0, -10, 10, 8),
(130, 4, 'desert', 0, 0, 0, NULL),
(131, 4, 'wood', 0, 10, -10, 3),
(132, 4, 'clay', 0, 20, -20, 10),
(133, 4, 'ocean', 0, 30, -30, NULL),
(134, 4, 'ocean', 10, -30, 20, NULL),
(135, 4, 'stone', 10, -20, 10, 6),
(136, 4, 'wheat', 10, -10, 0, 9),
(137, 4, 'wood', 10, 0, -10, 6),
(138, 4, 'wood', 10, 10, -20, 9),
(139, 4, 'ocean', 10, 20, -30, NULL),
(140, 4, 'ocean', 20, -30, 10, NULL),
(141, 4, 'sheep', 20, -20, 0, 5),
(142, 4, 'wheat', 20, -10, -10, 2),
(143, 4, 'clay', 20, 0, -20, 4),
(144, 4, 'ocean', 20, 10, -30, NULL),
(145, 4, 'ocean', 30, -30, 0, NULL),
(146, 4, 'ocean', 30, -20, -10, NULL),
(147, 4, 'ocean', 30, -10, -20, NULL),
(148, 4, 'ocean', 30, 0, -30, NULL),
(149, 5, 'ocean', -30, 0, 30, NULL),
(150, 5, 'ocean', -30, 10, 20, NULL),
(151, 5, 'ocean', -30, 20, 10, NULL),
(152, 5, 'ocean', -30, 30, 0, NULL),
(153, 5, 'ocean', -20, -10, 30, NULL),
(154, 5, 'wood', -20, 0, 20, 3),
(155, 5, 'clay', -20, 10, 10, 3),
(156, 5, 'stone', -20, 20, 0, 8),
(157, 5, 'ocean', -20, 30, -10, NULL),
(158, 5, 'ocean', -10, -20, 30, NULL),
(159, 5, 'stone', -10, -10, 20, 9),
(160, 5, 'wheat', -10, 0, 10, 8),
(161, 5, 'wheat', -10, 10, 0, 5),
(162, 5, 'wood', -10, 20, -10, 4),
(163, 5, 'ocean', -10, 30, -20, NULL),
(164, 5, 'ocean', 0, -30, 30, NULL),
(165, 5, 'stone', 0, -20, 20, 10),
(166, 5, 'sheep', 0, -10, 10, 9),
(167, 5, 'sheep', 0, 0, 0, 2),
(168, 5, 'sheep', 0, 10, -10, 10),
(169, 5, 'desert', 0, 20, -20, NULL),
(170, 5, 'ocean', 0, 30, -30, NULL),
(171, 5, 'ocean', 10, -30, 20, NULL),
(172, 5, 'wheat', 10, -20, 10, 11),
(173, 5, 'wheat', 10, -10, 0, 6),
(174, 5, 'clay', 10, 0, -10, 5),
(175, 5, 'wood', 10, 10, -20, 4),
(176, 5, 'ocean', 10, 20, -30, NULL),
(177, 5, 'ocean', 20, -30, 10, NULL),
(178, 5, 'sheep', 20, -20, 0, 6),
(179, 5, 'clay', 20, -10, -10, 12),
(180, 5, 'wood', 20, 0, -20, 11),
(181, 5, 'ocean', 20, 10, -30, NULL),
(182, 5, 'ocean', 30, -30, 0, NULL),
(183, 5, 'ocean', 30, -20, -10, NULL),
(184, 5, 'ocean', 30, -10, -20, NULL),
(185, 5, 'ocean', 30, 0, -30, NULL),
(186, 6, 'ocean', -30, 0, 30, NULL),
(187, 6, 'ocean', -30, 10, 20, NULL),
(188, 6, 'ocean', -30, 20, 10, NULL),
(189, 6, 'ocean', -30, 30, 0, NULL),
(190, 6, 'ocean', -20, -10, 30, NULL),
(191, 6, 'clay', -20, 0, 20, 6),
(192, 6, 'wood', -20, 10, 10, 9),
(193, 6, 'wood', -20, 20, 0, 9),
(194, 6, 'ocean', -20, 30, -10, NULL),
(195, 6, 'ocean', -10, -20, 30, NULL),
(196, 6, 'desert', -10, -10, 20, NULL),
(197, 6, 'wheat', -10, 0, 10, 2),
(198, 6, 'wood', -10, 10, 0, 5),
(199, 6, 'sheep', -10, 20, -10, 8),
(200, 6, 'ocean', -10, 30, -20, NULL),
(201, 6, 'ocean', 0, -30, 30, NULL),
(202, 6, 'sheep', 0, -20, 20, 12),
(203, 6, 'clay', 0, -10, 10, 8),
(204, 6, 'wheat', 0, 0, 0, 10),
(205, 6, 'stone', 0, 10, -10, 4),
(206, 6, 'wheat', 0, 20, -20, 3),
(207, 6, 'ocean', 0, 30, -30, NULL),
(208, 6, 'ocean', 10, -30, 20, NULL),
(209, 6, 'wood', 10, -20, 10, 10),
(210, 6, 'stone', 10, -10, 0, 11),
(211, 6, 'sheep', 10, 0, -10, 11),
(212, 6, 'clay', 10, 10, -20, 4),
(213, 6, 'ocean', 10, 20, -30, NULL),
(214, 6, 'ocean', 20, -30, 10, NULL),
(215, 6, 'stone', 20, -20, 0, 3),
(216, 6, 'wheat', 20, -10, -10, 6),
(217, 6, 'sheep', 20, 0, -20, 5),
(218, 6, 'ocean', 20, 10, -30, NULL),
(219, 6, 'ocean', 30, -30, 0, NULL),
(220, 6, 'ocean', 30, -20, -10, NULL),
(221, 6, 'ocean', 30, -10, -20, NULL),
(222, 6, 'ocean', 30, 0, -30, NULL),
(223, 7, 'ocean', -30, 0, 30, NULL),
(224, 7, 'ocean', -30, 10, 20, NULL),
(225, 7, 'ocean', -30, 20, 10, NULL),
(226, 7, 'ocean', -30, 30, 0, NULL),
(227, 7, 'ocean', -20, -10, 30, NULL),
(228, 7, 'sheep', -20, 0, 20, 5),
(229, 7, 'wheat', -20, 10, 10, 9),
(230, 7, 'sheep', -20, 20, 0, 9),
(231, 7, 'ocean', -20, 30, -10, NULL),
(232, 7, 'ocean', -10, -20, 30, NULL),
(233, 7, 'wood', -10, -10, 20, 8),
(234, 7, 'desert', -10, 0, 10, NULL),
(235, 7, 'clay', -10, 10, 0, 6),
(236, 7, 'wood', -10, 20, -10, 6),
(237, 7, 'ocean', -10, 30, -20, NULL),
(238, 7, 'ocean', 0, -30, 30, NULL),
(239, 7, 'stone', 0, -20, 20, 11),
(240, 7, 'wheat', 0, -10, 10, 8),
(241, 7, 'wheat', 0, 0, 0, 10),
(242, 7, 'sheep', 0, 10, -10, 2),
(243, 7, 'wood', 0, 20, -20, 5),
(244, 7, 'ocean', 0, 30, -30, NULL),
(245, 7, 'ocean', 10, -30, 20, NULL),
(246, 7, 'clay', 10, -20, 10, 4),
(247, 7, 'stone', 10, -10, 0, 12),
(248, 7, 'wood', 10, 0, -10, 11),
(249, 7, 'sheep', 10, 10, -20, 4),
(250, 7, 'ocean', 10, 20, -30, NULL),
(251, 7, 'ocean', 20, -30, 10, NULL),
(252, 7, 'stone', 20, -20, 0, 10),
(253, 7, 'wheat', 20, -10, -10, 3),
(254, 7, 'clay', 20, 0, -20, 3),
(255, 7, 'ocean', 20, 10, -30, NULL),
(256, 7, 'ocean', 30, -30, 0, NULL),
(257, 7, 'ocean', 30, -20, -10, NULL),
(258, 7, 'ocean', 30, -10, -20, NULL),
(259, 7, 'ocean', 30, 0, -30, NULL),
(260, 8, 'ocean', -30, 0, 30, NULL),
(261, 8, 'ocean', -30, 10, 20, NULL),
(262, 8, 'ocean', -30, 20, 10, NULL),
(263, 8, 'ocean', -30, 30, 0, NULL),
(264, 8, 'ocean', -20, -10, 30, NULL),
(265, 8, 'stone', -20, 0, 20, 5),
(266, 8, 'wheat', -20, 10, 10, 11),
(267, 8, 'sheep', -20, 20, 0, 12),
(268, 8, 'ocean', -20, 30, -10, NULL),
(269, 8, 'ocean', -10, -20, 30, NULL),
(270, 8, 'desert', -10, -10, 20, NULL),
(271, 8, 'wood', -10, 0, 10, 11),
(272, 8, 'clay', -10, 10, 0, 3),
(273, 8, 'sheep', -10, 20, -10, 8),
(274, 8, 'ocean', -10, 30, -20, NULL),
(275, 8, 'ocean', 0, -30, 30, NULL),
(276, 8, 'wood', 0, -20, 20, 4),
(277, 8, 'sheep', 0, -10, 10, 10),
(278, 8, 'stone', 0, 0, 0, 3),
(279, 8, 'sheep', 0, 10, -10, 2),
(280, 8, 'wood', 0, 20, -20, 5),
(281, 8, 'ocean', 0, 30, -30, NULL),
(282, 8, 'ocean', 10, -30, 20, NULL),
(283, 8, 'wheat', 10, -20, 10, 6),
(284, 8, 'stone', 10, -10, 0, 4),
(285, 8, 'clay', 10, 0, -10, 6),
(286, 8, 'wheat', 10, 10, -20, 10),
(287, 8, 'ocean', 10, 20, -30, NULL),
(288, 8, 'ocean', 20, -30, 10, NULL),
(289, 8, 'clay', 20, -20, 0, 8),
(290, 8, 'wheat', 20, -10, -10, 9),
(291, 8, 'wood', 20, 0, -20, 9),
(292, 8, 'ocean', 20, 10, -30, NULL),
(293, 8, 'ocean', 30, -30, 0, NULL),
(294, 8, 'ocean', 30, -20, -10, NULL),
(295, 8, 'ocean', 30, -10, -20, NULL),
(296, 8, 'ocean', 30, 0, -30, NULL);

-- --------------------------------------------------------

--
-- Struktura tabeli dla tabeli `trades`
--

CREATE TABLE IF NOT EXISTS `trades` (
  `id` int(11) NOT NULL AUTO_INCREMENT,
  `host_id` int(11) NOT NULL,
  `client_id` int(11) NOT NULL,
  `wood` smallint(6) NOT NULL,
  `sheep` smallint(6) NOT NULL,
  `stone` smallint(6) NOT NULL,
  `clay` smallint(6) NOT NULL,
  `wheat` smallint(6) NOT NULL,
  `updated` tinyint(1) NOT NULL,
  `accepted` tinyint(1) NOT NULL,
  PRIMARY KEY (`id`)
) ENGINE=InnoDB  DEFAULT CHARSET=utf8 COLLATE=utf8_bin AUTO_INCREMENT=3 ;

--
-- Zrzut danych tabeli `trades`
--

INSERT INTO `trades` (`id`, `host_id`, `client_id`, `wood`, `sheep`, `stone`, `clay`, `wheat`, `updated`, `accepted`) VALUES
(1, 12, 11, 1, -1, 0, 0, 0, 1, 1),
(2, 12, 11, 1, -1, 0, 0, 0, 0, 0);

-- --------------------------------------------------------

--
-- Struktura tabeli dla tabeli `users`
--

CREATE TABLE IF NOT EXISTS `users` (
  `id` int(11) NOT NULL AUTO_INCREMENT,
  `nickname` varchar(250) COLLATE utf8_bin NOT NULL,
  `email` varchar(250) COLLATE utf8_bin NOT NULL,
  `password` varchar(64) COLLATE utf8_bin NOT NULL,
  `games_played` int(11) NOT NULL DEFAULT '0',
  `games_won` int(11) NOT NULL DEFAULT '0',
  `games_completed` int(11) NOT NULL DEFAULT '0',
  `image` varchar(30) COLLATE utf8_bin DEFAULT NULL,
  `created_at` timestamp NOT NULL DEFAULT CURRENT_TIMESTAMP ON UPDATE CURRENT_TIMESTAMP,
  `updated_at` timestamp NOT NULL DEFAULT '0000-00-00 00:00:00',
  `remember_token` varchar(100) COLLATE utf8_bin DEFAULT NULL,
  PRIMARY KEY (`id`)
) ENGINE=InnoDB  DEFAULT CHARSET=utf8 COLLATE=utf8_bin AUTO_INCREMENT=6 ;

--
-- Zrzut danych tabeli `users`
--

INSERT INTO `users` (`id`, `nickname`, `email`, `password`, `games_played`, `games_won`, `games_completed`, `image`, `created_at`, `updated_at`, `remember_token`) VALUES
(1, 'Fellglen', 'k.j.kowalewski@gmail.com', '$2y$10$g58nvoxgxOEPrE1yM5.AAOo3ipXoYQvAGSdSZhCpy1ar3LXobNKAy', 0, 2, 2, 'konrad.jpg', '2014-04-01 09:31:36', '2014-04-01 07:31:36', NULL),
(2, 'Sony', 'zasoniak@hotmail.com', '$2y$10$BqKlSy.9mrltQCxkjvCPN.VofLM28g9xiZE0Bs2MV94qjCdmRZxva', 0, 0, 2, 'sony.jpg', '2014-04-01 09:31:36', '2014-04-01 07:31:36', NULL),
(3, 'mroova', 'michal@kowalik.net', '$2y$10$og2d4CD82z9BeFeUQBsJsOmPVJO0pr8RI0kcmVa5qKVyaJ/Kn9KOm', 0, 0, 0, 'mroova.jpg', '2014-03-18 10:27:05', '0000-00-00 00:00:00', NULL),
(4, 'Riffglen', 'r.r.kowalewski@gmail.com', '$2y$10$4smlXIBWTRYL20FCTnVu9eheP9nZcFYQMnWEht4Q2T2WO8EKbSK/6', 0, 0, 0, 'mlody.jpg', '2014-03-18 10:29:57', '2014-03-12 21:04:14', NULL),
(5, 'qwe', 'qwe@qwe.qwe', '$2y$10$AZFZbxIroPM8R1nNIT3zy.7M9ltOCJ6t.RxADMNm9JJ42LaiL6AI6', 0, 0, 0, NULL, '2014-04-07 18:56:50', '2014-04-07 18:56:50', NULL);

/*!40101 SET CHARACTER_SET_CLIENT=@OLD_CHARACTER_SET_CLIENT */;
/*!40101 SET CHARACTER_SET_RESULTS=@OLD_CHARACTER_SET_RESULTS */;
/*!40101 SET COLLATION_CONNECTION=@OLD_COLLATION_CONNECTION */;
