-- phpMyAdmin SQL Dump
-- version 4.1.6
-- http://www.phpmyadmin.net
--
-- Host: 127.0.0.1
-- Generation Time: 10 Mar 2014, 01:55
-- Server version: 5.6.16
-- PHP Version: 5.5.9

SET SQL_MODE = "NO_AUTO_VALUE_ON_ZERO";
SET time_zone = "+00:00";


/*!40101 SET @OLD_CHARACTER_SET_CLIENT=@@CHARACTER_SET_CLIENT */;
/*!40101 SET @OLD_CHARACTER_SET_RESULTS=@@CHARACTER_SET_RESULTS */;
/*!40101 SET @OLD_COLLATION_CONNECTION=@@COLLATION_CONNECTION */;
/*!40101 SET NAMES utf8 */;

--
-- Database: `catan`
--

-- --------------------------------------------------------

--
-- Struktura tabeli dla tabeli `boards`
--

CREATE TABLE IF NOT EXISTS `boards` (
  `id` int(11) NOT NULL AUTO_INCREMENT,
  `thief` int(11) NOT NULL DEFAULT '0',
  `finished` tinyint(1) NOT NULL DEFAULT '0',
  `is_changed` tinyint(1) NOT NULL DEFAULT '1',
  PRIMARY KEY (`id`)
) ENGINE=InnoDB  DEFAULT CHARSET=utf8 COLLATE=utf8_bin AUTO_INCREMENT=9 ;

--
-- Zrzut danych tabeli `boards`
--

INSERT INTO `boards` (`id`, `thief`, `finished`, `is_changed`) VALUES
(1, 0, 0, 1),
(2, 0, 0, 1),
(3, 0, 0, 1),
(4, 0, 0, 1),
(5, 0, 0, 1),
(6, 0, 0, 1),
(7, 0, 0, 1),
(8, 0, 0, 1);

-- --------------------------------------------------------

--
-- Struktura tabeli dla tabeli `cards`
--

CREATE TABLE IF NOT EXISTS `cards` (
  `id` int(11) NOT NULL AUTO_INCREMENT,
  `board_id` int(11) NOT NULL,
  `player_id` int(11) DEFAULT NULL,
  `is_used` tinyint(1) NOT NULL DEFAULT '0',
  `type` enum('knight','victorypoint','monopoly','yearofplenty','roadbuilding') CHARACTER SET utf8 NOT NULL,
  PRIMARY KEY (`id`)
) ENGINE=InnoDB DEFAULT CHARSET=utf8 COLLATE=utf8_bin AUTO_INCREMENT=1 ;

-- --------------------------------------------------------

--
-- Struktura tabeli dla tabeli `games`
--

CREATE TABLE IF NOT EXISTS `games` (
  `id` int(11) NOT NULL AUTO_INCREMENT,
  `is_changed` tinyint(1) NOT NULL DEFAULT '1',
  `in_use` tinyint(1) NOT NULL DEFAULT '1',
  `turn_number` int(11) NOT NULL,
  `curret_player` int(11) NOT NULL,
  `active_thief` int(11) NOT NULL,
  PRIMARY KEY (`id`)
) ENGINE=InnoDB DEFAULT CHARSET=utf8 COLLATE=utf8_bin AUTO_INCREMENT=1 ;

-- --------------------------------------------------------

--
-- Struktura tabeli dla tabeli `players`
--

CREATE TABLE IF NOT EXISTS `players` (
  `id` int(11) NOT NULL AUTO_INCREMENT,
  `game_id` int(11) NOT NULL,
  `user_id` int(11) NOT NULL,
  `turn_order` int(11) NOT NULL,
  `wood` int(11) NOT NULL DEFAULT '0',
  `stone` int(11) NOT NULL DEFAULT '0',
  `sheep` int(11) NOT NULL DEFAULT '0',
  `clay` int(11) NOT NULL DEFAULT '0',
  `wheat` int(11) NOT NULL DEFAULT '0',
  PRIMARY KEY (`id`)
) ENGINE=InnoDB DEFAULT CHARSET=utf8 COLLATE=utf8_bin AUTO_INCREMENT=1 ;

-- --------------------------------------------------------

--
-- Struktura tabeli dla tabeli `ports`
--

CREATE TABLE IF NOT EXISTS `ports` (
  `id` int(11) NOT NULL AUTO_INCREMENT,
  `type` enum('default','wood','stone','sheep','clay','wheat') COLLATE utf8_bin NOT NULL,
  `board_id` int(11) NOT NULL,
  `x` int(11) NOT NULL,
  `y` int(11) NOT NULL,
  `z` int(11) NOT NULL,
  PRIMARY KEY (`id`)
) ENGINE=InnoDB  DEFAULT CHARSET=utf8 COLLATE=utf8_bin AUTO_INCREMENT=73 ;

--
-- Zrzut danych tabeli `ports`
--

INSERT INTO `ports` (`id`, `type`, `board_id`, `x`, `y`, `z`) VALUES
(1, 'default', 1, 15, 10, -25),
(2, 'wood', 1, -5, 25, -20),
(3, 'default', 1, -20, 25, -5),
(4, 'stone', 1, -25, 15, 10),
(5, 'wheat', 1, -25, 0, 25),
(6, 'clay', 1, -10, -15, 25),
(7, 'default', 1, 10, -25, 15),
(8, 'default', 1, 25, -25, 0),
(9, 'sheep', 1, 25, -5, -20),
(10, 'sheep', 2, 15, 10, -25),
(11, 'stone', 2, -5, 25, -20),
(12, 'clay', 2, -20, 25, -5),
(13, 'default', 2, -25, 15, 10),
(14, 'wood', 2, -25, 0, 25),
(15, 'default', 2, -10, -15, 25),
(16, 'default', 2, 10, -25, 15),
(17, 'wheat', 2, 25, -25, 0),
(18, 'default', 2, 25, -5, -20),
(19, 'sheep', 3, 15, 10, -25),
(20, 'default', 3, -5, 25, -20),
(21, 'default', 3, -20, 25, -5),
(22, 'default', 3, -25, 15, 10),
(23, 'clay', 3, -25, 0, 25),
(24, 'stone', 3, -10, -15, 25),
(25, 'default', 3, 10, -25, 15),
(26, 'wheat', 3, 25, -25, 0),
(27, 'wood', 3, 25, -5, -20),
(28, 'sheep', 4, 15, 10, -25),
(29, 'default', 4, -5, 25, -20),
(30, 'stone', 4, -20, 25, -5),
(31, 'wheat', 4, -25, 15, 10),
(32, 'default', 4, -25, 0, 25),
(33, 'wood', 4, -10, -15, 25),
(34, 'clay', 4, 10, -25, 15),
(35, 'default', 4, 25, -25, 0),
(36, 'default', 4, 25, -5, -20),
(37, 'default', 5, 15, 10, -25),
(38, 'default', 5, -5, 25, -20),
(39, 'default', 5, -20, 25, -5),
(40, 'wood', 5, -25, 15, 10),
(41, 'clay', 5, -25, 0, 25),
(42, 'default', 5, -10, -15, 25),
(43, 'sheep', 5, 10, -25, 15),
(44, 'stone', 5, 25, -25, 0),
(45, 'wheat', 5, 25, -5, -20),
(46, 'default', 6, 15, 10, -25),
(47, 'sheep', 6, -5, 25, -20),
(48, 'wheat', 6, -20, 25, -5),
(49, 'wood', 6, -25, 15, 10),
(50, 'default', 6, -25, 0, 25),
(51, 'default', 6, -10, -15, 25),
(52, 'default', 6, 10, -25, 15),
(53, 'stone', 6, 25, -25, 0),
(54, 'clay', 6, 25, -5, -20),
(55, 'stone', 7, 15, 10, -25),
(56, 'clay', 7, -5, 25, -20),
(57, 'default', 7, -20, 25, -5),
(58, 'sheep', 7, -25, 15, 10),
(59, 'default', 7, -25, 0, 25),
(60, 'wheat', 7, -10, -15, 25),
(61, 'default', 7, 10, -25, 15),
(62, 'wood', 7, 25, -25, 0),
(63, 'default', 7, 25, -5, -20),
(64, 'sheep', 8, 15, 10, -25),
(65, 'default', 8, -5, 25, -20),
(66, 'wood', 8, -20, 25, -5),
(67, 'default', 8, -25, 15, 10),
(68, 'default', 8, -25, 0, 25),
(69, 'default', 8, -10, -15, 25),
(70, 'stone', 8, 10, -25, 15),
(71, 'clay', 8, 25, -25, 0),
(72, 'wheat', 8, 25, -5, -20);

-- --------------------------------------------------------

--
-- Struktura tabeli dla tabeli `roads`
--

CREATE TABLE IF NOT EXISTS `roads` (
  `id` int(11) NOT NULL AUTO_INCREMENT,
  `board_id` int(11) NOT NULL,
  `x` int(11) NOT NULL,
  `y` int(11) NOT NULL,
  `z` int(11) NOT NULL,
  PRIMARY KEY (`id`)
) ENGINE=InnoDB  DEFAULT CHARSET=utf8 COLLATE=utf8_bin AUTO_INCREMENT=577 ;

--
-- Zrzut danych tabeli `roads`
--

INSERT INTO `roads` (`id`, `board_id`, `x`, `y`, `z`) VALUES
(1, 1, -20, -5, 25),
(2, 1, -20, 5, 15),
(3, 1, -20, 15, 5),
(4, 1, -20, 25, -5),
(5, 1, -10, -15, 25),
(6, 1, -10, -5, 15),
(7, 1, -10, 5, 5),
(8, 1, -10, 15, -5),
(9, 1, -10, 25, -15),
(10, 1, 0, -25, 25),
(11, 1, 0, -15, 15),
(12, 1, 0, -5, 5),
(13, 1, 0, 5, -5),
(14, 1, 0, 15, -15),
(15, 1, 0, 25, -25),
(16, 1, 10, -25, 15),
(17, 1, 10, -15, 5),
(18, 1, 10, -5, -5),
(19, 1, 10, 5, -15),
(20, 1, 10, 15, -25),
(21, 1, 20, -25, 5),
(22, 1, 20, -15, -5),
(23, 1, 20, -5, -15),
(24, 1, 20, 5, -25),
(25, 1, 25, -5, -20),
(26, 1, 15, 5, -20),
(27, 1, 5, 15, -20),
(28, 1, -5, 25, -20),
(29, 1, 25, -15, -10),
(30, 1, 15, -5, -10),
(31, 1, 5, 5, -10),
(32, 1, -5, 15, -10),
(33, 1, -15, 25, -10),
(34, 1, 25, -25, 0),
(35, 1, 15, -15, 0),
(36, 1, 5, -5, 0),
(37, 1, -5, 5, 0),
(38, 1, -15, 15, 0),
(39, 1, -25, 25, 0),
(40, 1, 15, -25, 10),
(41, 1, 5, -15, 10),
(42, 1, -5, -5, 10),
(43, 1, -15, 5, 10),
(44, 1, -25, 15, 10),
(45, 1, 5, -25, 20),
(46, 1, -5, -15, 20),
(47, 1, -15, -5, 20),
(48, 1, -25, 5, 20),
(49, 1, -5, -20, 25),
(50, 1, 5, -20, 15),
(51, 1, 15, -20, 5),
(52, 1, 25, -20, -5),
(53, 1, -15, -10, 25),
(54, 1, -5, -10, 15),
(55, 1, 5, -10, 5),
(56, 1, 15, -10, -5),
(57, 1, 25, -10, -15),
(58, 1, -25, 0, 25),
(59, 1, -15, 0, 15),
(60, 1, -5, 0, 5),
(61, 1, 5, 0, -5),
(62, 1, 15, 0, -15),
(63, 1, 25, 0, -25),
(64, 1, -25, 10, 15),
(65, 1, -15, 10, 5),
(66, 1, -5, 10, -5),
(67, 1, 5, 10, -15),
(68, 1, 15, 10, -25),
(69, 1, -25, 20, 5),
(70, 1, -15, 20, -5),
(71, 1, -5, 20, -15),
(72, 1, 5, 20, -25),
(73, 2, -20, -5, 25),
(74, 2, -20, 5, 15),
(75, 2, -20, 15, 5),
(76, 2, -20, 25, -5),
(77, 2, -10, -15, 25),
(78, 2, -10, -5, 15),
(79, 2, -10, 5, 5),
(80, 2, -10, 15, -5),
(81, 2, -10, 25, -15),
(82, 2, 0, -25, 25),
(83, 2, 0, -15, 15),
(84, 2, 0, -5, 5),
(85, 2, 0, 5, -5),
(86, 2, 0, 15, -15),
(87, 2, 0, 25, -25),
(88, 2, 10, -25, 15),
(89, 2, 10, -15, 5),
(90, 2, 10, -5, -5),
(91, 2, 10, 5, -15),
(92, 2, 10, 15, -25),
(93, 2, 20, -25, 5),
(94, 2, 20, -15, -5),
(95, 2, 20, -5, -15),
(96, 2, 20, 5, -25),
(97, 2, 25, -5, -20),
(98, 2, 15, 5, -20),
(99, 2, 5, 15, -20),
(100, 2, -5, 25, -20),
(101, 2, 25, -15, -10),
(102, 2, 15, -5, -10),
(103, 2, 5, 5, -10),
(104, 2, -5, 15, -10),
(105, 2, -15, 25, -10),
(106, 2, 25, -25, 0),
(107, 2, 15, -15, 0),
(108, 2, 5, -5, 0),
(109, 2, -5, 5, 0),
(110, 2, -15, 15, 0),
(111, 2, -25, 25, 0),
(112, 2, 15, -25, 10),
(113, 2, 5, -15, 10),
(114, 2, -5, -5, 10),
(115, 2, -15, 5, 10),
(116, 2, -25, 15, 10),
(117, 2, 5, -25, 20),
(118, 2, -5, -15, 20),
(119, 2, -15, -5, 20),
(120, 2, -25, 5, 20),
(121, 2, -5, -20, 25),
(122, 2, 5, -20, 15),
(123, 2, 15, -20, 5),
(124, 2, 25, -20, -5),
(125, 2, -15, -10, 25),
(126, 2, -5, -10, 15),
(127, 2, 5, -10, 5),
(128, 2, 15, -10, -5),
(129, 2, 25, -10, -15),
(130, 2, -25, 0, 25),
(131, 2, -15, 0, 15),
(132, 2, -5, 0, 5),
(133, 2, 5, 0, -5),
(134, 2, 15, 0, -15),
(135, 2, 25, 0, -25),
(136, 2, -25, 10, 15),
(137, 2, -15, 10, 5),
(138, 2, -5, 10, -5),
(139, 2, 5, 10, -15),
(140, 2, 15, 10, -25),
(141, 2, -25, 20, 5),
(142, 2, -15, 20, -5),
(143, 2, -5, 20, -15),
(144, 2, 5, 20, -25),
(145, 3, -20, -5, 25),
(146, 3, -20, 5, 15),
(147, 3, -20, 15, 5),
(148, 3, -20, 25, -5),
(149, 3, -10, -15, 25),
(150, 3, -10, -5, 15),
(151, 3, -10, 5, 5),
(152, 3, -10, 15, -5),
(153, 3, -10, 25, -15),
(154, 3, 0, -25, 25),
(155, 3, 0, -15, 15),
(156, 3, 0, -5, 5),
(157, 3, 0, 5, -5),
(158, 3, 0, 15, -15),
(159, 3, 0, 25, -25),
(160, 3, 10, -25, 15),
(161, 3, 10, -15, 5),
(162, 3, 10, -5, -5),
(163, 3, 10, 5, -15),
(164, 3, 10, 15, -25),
(165, 3, 20, -25, 5),
(166, 3, 20, -15, -5),
(167, 3, 20, -5, -15),
(168, 3, 20, 5, -25),
(169, 3, 25, -5, -20),
(170, 3, 15, 5, -20),
(171, 3, 5, 15, -20),
(172, 3, -5, 25, -20),
(173, 3, 25, -15, -10),
(174, 3, 15, -5, -10),
(175, 3, 5, 5, -10),
(176, 3, -5, 15, -10),
(177, 3, -15, 25, -10),
(178, 3, 25, -25, 0),
(179, 3, 15, -15, 0),
(180, 3, 5, -5, 0),
(181, 3, -5, 5, 0),
(182, 3, -15, 15, 0),
(183, 3, -25, 25, 0),
(184, 3, 15, -25, 10),
(185, 3, 5, -15, 10),
(186, 3, -5, -5, 10),
(187, 3, -15, 5, 10),
(188, 3, -25, 15, 10),
(189, 3, 5, -25, 20),
(190, 3, -5, -15, 20),
(191, 3, -15, -5, 20),
(192, 3, -25, 5, 20),
(193, 3, -5, -20, 25),
(194, 3, 5, -20, 15),
(195, 3, 15, -20, 5),
(196, 3, 25, -20, -5),
(197, 3, -15, -10, 25),
(198, 3, -5, -10, 15),
(199, 3, 5, -10, 5),
(200, 3, 15, -10, -5),
(201, 3, 25, -10, -15),
(202, 3, -25, 0, 25),
(203, 3, -15, 0, 15),
(204, 3, -5, 0, 5),
(205, 3, 5, 0, -5),
(206, 3, 15, 0, -15),
(207, 3, 25, 0, -25),
(208, 3, -25, 10, 15),
(209, 3, -15, 10, 5),
(210, 3, -5, 10, -5),
(211, 3, 5, 10, -15),
(212, 3, 15, 10, -25),
(213, 3, -25, 20, 5),
(214, 3, -15, 20, -5),
(215, 3, -5, 20, -15),
(216, 3, 5, 20, -25),
(217, 4, -20, -5, 25),
(218, 4, -20, 5, 15),
(219, 4, -20, 15, 5),
(220, 4, -20, 25, -5),
(221, 4, -10, -15, 25),
(222, 4, -10, -5, 15),
(223, 4, -10, 5, 5),
(224, 4, -10, 15, -5),
(225, 4, -10, 25, -15),
(226, 4, 0, -25, 25),
(227, 4, 0, -15, 15),
(228, 4, 0, -5, 5),
(229, 4, 0, 5, -5),
(230, 4, 0, 15, -15),
(231, 4, 0, 25, -25),
(232, 4, 10, -25, 15),
(233, 4, 10, -15, 5),
(234, 4, 10, -5, -5),
(235, 4, 10, 5, -15),
(236, 4, 10, 15, -25),
(237, 4, 20, -25, 5),
(238, 4, 20, -15, -5),
(239, 4, 20, -5, -15),
(240, 4, 20, 5, -25),
(241, 4, 25, -5, -20),
(242, 4, 15, 5, -20),
(243, 4, 5, 15, -20),
(244, 4, -5, 25, -20),
(245, 4, 25, -15, -10),
(246, 4, 15, -5, -10),
(247, 4, 5, 5, -10),
(248, 4, -5, 15, -10),
(249, 4, -15, 25, -10),
(250, 4, 25, -25, 0),
(251, 4, 15, -15, 0),
(252, 4, 5, -5, 0),
(253, 4, -5, 5, 0),
(254, 4, -15, 15, 0),
(255, 4, -25, 25, 0),
(256, 4, 15, -25, 10),
(257, 4, 5, -15, 10),
(258, 4, -5, -5, 10),
(259, 4, -15, 5, 10),
(260, 4, -25, 15, 10),
(261, 4, 5, -25, 20),
(262, 4, -5, -15, 20),
(263, 4, -15, -5, 20),
(264, 4, -25, 5, 20),
(265, 4, -5, -20, 25),
(266, 4, 5, -20, 15),
(267, 4, 15, -20, 5),
(268, 4, 25, -20, -5),
(269, 4, -15, -10, 25),
(270, 4, -5, -10, 15),
(271, 4, 5, -10, 5),
(272, 4, 15, -10, -5),
(273, 4, 25, -10, -15),
(274, 4, -25, 0, 25),
(275, 4, -15, 0, 15),
(276, 4, -5, 0, 5),
(277, 4, 5, 0, -5),
(278, 4, 15, 0, -15),
(279, 4, 25, 0, -25),
(280, 4, -25, 10, 15),
(281, 4, -15, 10, 5),
(282, 4, -5, 10, -5),
(283, 4, 5, 10, -15),
(284, 4, 15, 10, -25),
(285, 4, -25, 20, 5),
(286, 4, -15, 20, -5),
(287, 4, -5, 20, -15),
(288, 4, 5, 20, -25),
(289, 5, -20, -5, 25),
(290, 5, -20, 5, 15),
(291, 5, -20, 15, 5),
(292, 5, -20, 25, -5),
(293, 5, -10, -15, 25),
(294, 5, -10, -5, 15),
(295, 5, -10, 5, 5),
(296, 5, -10, 15, -5),
(297, 5, -10, 25, -15),
(298, 5, 0, -25, 25),
(299, 5, 0, -15, 15),
(300, 5, 0, -5, 5),
(301, 5, 0, 5, -5),
(302, 5, 0, 15, -15),
(303, 5, 0, 25, -25),
(304, 5, 10, -25, 15),
(305, 5, 10, -15, 5),
(306, 5, 10, -5, -5),
(307, 5, 10, 5, -15),
(308, 5, 10, 15, -25),
(309, 5, 20, -25, 5),
(310, 5, 20, -15, -5),
(311, 5, 20, -5, -15),
(312, 5, 20, 5, -25),
(313, 5, 25, -5, -20),
(314, 5, 15, 5, -20),
(315, 5, 5, 15, -20),
(316, 5, -5, 25, -20),
(317, 5, 25, -15, -10),
(318, 5, 15, -5, -10),
(319, 5, 5, 5, -10),
(320, 5, -5, 15, -10),
(321, 5, -15, 25, -10),
(322, 5, 25, -25, 0),
(323, 5, 15, -15, 0),
(324, 5, 5, -5, 0),
(325, 5, -5, 5, 0),
(326, 5, -15, 15, 0),
(327, 5, -25, 25, 0),
(328, 5, 15, -25, 10),
(329, 5, 5, -15, 10),
(330, 5, -5, -5, 10),
(331, 5, -15, 5, 10),
(332, 5, -25, 15, 10),
(333, 5, 5, -25, 20),
(334, 5, -5, -15, 20),
(335, 5, -15, -5, 20),
(336, 5, -25, 5, 20),
(337, 5, -5, -20, 25),
(338, 5, 5, -20, 15),
(339, 5, 15, -20, 5),
(340, 5, 25, -20, -5),
(341, 5, -15, -10, 25),
(342, 5, -5, -10, 15),
(343, 5, 5, -10, 5),
(344, 5, 15, -10, -5),
(345, 5, 25, -10, -15),
(346, 5, -25, 0, 25),
(347, 5, -15, 0, 15),
(348, 5, -5, 0, 5),
(349, 5, 5, 0, -5),
(350, 5, 15, 0, -15),
(351, 5, 25, 0, -25),
(352, 5, -25, 10, 15),
(353, 5, -15, 10, 5),
(354, 5, -5, 10, -5),
(355, 5, 5, 10, -15),
(356, 5, 15, 10, -25),
(357, 5, -25, 20, 5),
(358, 5, -15, 20, -5),
(359, 5, -5, 20, -15),
(360, 5, 5, 20, -25),
(361, 6, -20, -5, 25),
(362, 6, -20, 5, 15),
(363, 6, -20, 15, 5),
(364, 6, -20, 25, -5),
(365, 6, -10, -15, 25),
(366, 6, -10, -5, 15),
(367, 6, -10, 5, 5),
(368, 6, -10, 15, -5),
(369, 6, -10, 25, -15),
(370, 6, 0, -25, 25),
(371, 6, 0, -15, 15),
(372, 6, 0, -5, 5),
(373, 6, 0, 5, -5),
(374, 6, 0, 15, -15),
(375, 6, 0, 25, -25),
(376, 6, 10, -25, 15),
(377, 6, 10, -15, 5),
(378, 6, 10, -5, -5),
(379, 6, 10, 5, -15),
(380, 6, 10, 15, -25),
(381, 6, 20, -25, 5),
(382, 6, 20, -15, -5),
(383, 6, 20, -5, -15),
(384, 6, 20, 5, -25),
(385, 6, 25, -5, -20),
(386, 6, 15, 5, -20),
(387, 6, 5, 15, -20),
(388, 6, -5, 25, -20),
(389, 6, 25, -15, -10),
(390, 6, 15, -5, -10),
(391, 6, 5, 5, -10),
(392, 6, -5, 15, -10),
(393, 6, -15, 25, -10),
(394, 6, 25, -25, 0),
(395, 6, 15, -15, 0),
(396, 6, 5, -5, 0),
(397, 6, -5, 5, 0),
(398, 6, -15, 15, 0),
(399, 6, -25, 25, 0),
(400, 6, 15, -25, 10),
(401, 6, 5, -15, 10),
(402, 6, -5, -5, 10),
(403, 6, -15, 5, 10),
(404, 6, -25, 15, 10),
(405, 6, 5, -25, 20),
(406, 6, -5, -15, 20),
(407, 6, -15, -5, 20),
(408, 6, -25, 5, 20),
(409, 6, -5, -20, 25),
(410, 6, 5, -20, 15),
(411, 6, 15, -20, 5),
(412, 6, 25, -20, -5),
(413, 6, -15, -10, 25),
(414, 6, -5, -10, 15),
(415, 6, 5, -10, 5),
(416, 6, 15, -10, -5),
(417, 6, 25, -10, -15),
(418, 6, -25, 0, 25),
(419, 6, -15, 0, 15),
(420, 6, -5, 0, 5),
(421, 6, 5, 0, -5),
(422, 6, 15, 0, -15),
(423, 6, 25, 0, -25),
(424, 6, -25, 10, 15),
(425, 6, -15, 10, 5),
(426, 6, -5, 10, -5),
(427, 6, 5, 10, -15),
(428, 6, 15, 10, -25),
(429, 6, -25, 20, 5),
(430, 6, -15, 20, -5),
(431, 6, -5, 20, -15),
(432, 6, 5, 20, -25),
(433, 7, -20, -5, 25),
(434, 7, -20, 5, 15),
(435, 7, -20, 15, 5),
(436, 7, -20, 25, -5),
(437, 7, -10, -15, 25),
(438, 7, -10, -5, 15),
(439, 7, -10, 5, 5),
(440, 7, -10, 15, -5),
(441, 7, -10, 25, -15),
(442, 7, 0, -25, 25),
(443, 7, 0, -15, 15),
(444, 7, 0, -5, 5),
(445, 7, 0, 5, -5),
(446, 7, 0, 15, -15),
(447, 7, 0, 25, -25),
(448, 7, 10, -25, 15),
(449, 7, 10, -15, 5),
(450, 7, 10, -5, -5),
(451, 7, 10, 5, -15),
(452, 7, 10, 15, -25),
(453, 7, 20, -25, 5),
(454, 7, 20, -15, -5),
(455, 7, 20, -5, -15),
(456, 7, 20, 5, -25),
(457, 7, 25, -5, -20),
(458, 7, 15, 5, -20),
(459, 7, 5, 15, -20),
(460, 7, -5, 25, -20),
(461, 7, 25, -15, -10),
(462, 7, 15, -5, -10),
(463, 7, 5, 5, -10),
(464, 7, -5, 15, -10),
(465, 7, -15, 25, -10),
(466, 7, 25, -25, 0),
(467, 7, 15, -15, 0),
(468, 7, 5, -5, 0),
(469, 7, -5, 5, 0),
(470, 7, -15, 15, 0),
(471, 7, -25, 25, 0),
(472, 7, 15, -25, 10),
(473, 7, 5, -15, 10),
(474, 7, -5, -5, 10),
(475, 7, -15, 5, 10),
(476, 7, -25, 15, 10),
(477, 7, 5, -25, 20),
(478, 7, -5, -15, 20),
(479, 7, -15, -5, 20),
(480, 7, -25, 5, 20),
(481, 7, -5, -20, 25),
(482, 7, 5, -20, 15),
(483, 7, 15, -20, 5),
(484, 7, 25, -20, -5),
(485, 7, -15, -10, 25),
(486, 7, -5, -10, 15),
(487, 7, 5, -10, 5),
(488, 7, 15, -10, -5),
(489, 7, 25, -10, -15),
(490, 7, -25, 0, 25),
(491, 7, -15, 0, 15),
(492, 7, -5, 0, 5),
(493, 7, 5, 0, -5),
(494, 7, 15, 0, -15),
(495, 7, 25, 0, -25),
(496, 7, -25, 10, 15),
(497, 7, -15, 10, 5),
(498, 7, -5, 10, -5),
(499, 7, 5, 10, -15),
(500, 7, 15, 10, -25),
(501, 7, -25, 20, 5),
(502, 7, -15, 20, -5),
(503, 7, -5, 20, -15),
(504, 7, 5, 20, -25),
(505, 8, -20, -5, 25),
(506, 8, -20, 5, 15),
(507, 8, -20, 15, 5),
(508, 8, -20, 25, -5),
(509, 8, -10, -15, 25),
(510, 8, -10, -5, 15),
(511, 8, -10, 5, 5),
(512, 8, -10, 15, -5),
(513, 8, -10, 25, -15),
(514, 8, 0, -25, 25),
(515, 8, 0, -15, 15),
(516, 8, 0, -5, 5),
(517, 8, 0, 5, -5),
(518, 8, 0, 15, -15),
(519, 8, 0, 25, -25),
(520, 8, 10, -25, 15),
(521, 8, 10, -15, 5),
(522, 8, 10, -5, -5),
(523, 8, 10, 5, -15),
(524, 8, 10, 15, -25),
(525, 8, 20, -25, 5),
(526, 8, 20, -15, -5),
(527, 8, 20, -5, -15),
(528, 8, 20, 5, -25),
(529, 8, 25, -5, -20),
(530, 8, 15, 5, -20),
(531, 8, 5, 15, -20),
(532, 8, -5, 25, -20),
(533, 8, 25, -15, -10),
(534, 8, 15, -5, -10),
(535, 8, 5, 5, -10),
(536, 8, -5, 15, -10),
(537, 8, -15, 25, -10),
(538, 8, 25, -25, 0),
(539, 8, 15, -15, 0),
(540, 8, 5, -5, 0),
(541, 8, -5, 5, 0),
(542, 8, -15, 15, 0),
(543, 8, -25, 25, 0),
(544, 8, 15, -25, 10),
(545, 8, 5, -15, 10),
(546, 8, -5, -5, 10),
(547, 8, -15, 5, 10),
(548, 8, -25, 15, 10),
(549, 8, 5, -25, 20),
(550, 8, -5, -15, 20),
(551, 8, -15, -5, 20),
(552, 8, -25, 5, 20),
(553, 8, -5, -20, 25),
(554, 8, 5, -20, 15),
(555, 8, 15, -20, 5),
(556, 8, 25, -20, -5),
(557, 8, -15, -10, 25),
(558, 8, -5, -10, 15),
(559, 8, 5, -10, 5),
(560, 8, 15, -10, -5),
(561, 8, 25, -10, -15),
(562, 8, -25, 0, 25),
(563, 8, -15, 0, 15),
(564, 8, -5, 0, 5),
(565, 8, 5, 0, -5),
(566, 8, 15, 0, -15),
(567, 8, 25, 0, -25),
(568, 8, -25, 10, 15),
(569, 8, -15, 10, 5),
(570, 8, -5, 10, -5),
(571, 8, 5, 10, -15),
(572, 8, 15, 10, -25),
(573, 8, -25, 20, 5),
(574, 8, -15, 20, -5),
(575, 8, -5, 20, -15),
(576, 8, 5, 20, -25);

-- --------------------------------------------------------

--
-- Struktura tabeli dla tabeli `settlements`
--

CREATE TABLE IF NOT EXISTS `settlements` (
  `id` int(11) NOT NULL AUTO_INCREMENT,
  `is_town` tinyint(1) NOT NULL DEFAULT '0',
  `board_id` int(11) NOT NULL,
  `x` int(11) NOT NULL,
  `y` int(11) NOT NULL,
  `z` int(11) NOT NULL,
  PRIMARY KEY (`id`)
) ENGINE=InnoDB  DEFAULT CHARSET=utf8 COLLATE=utf8_bin AUTO_INCREMENT=433 ;

--
-- Zrzut danych tabeli `settlements`
--

INSERT INTO `settlements` (`id`, `is_town`, `board_id`, `x`, `y`, `z`) VALUES
(1, 0, 1, -25, -5, 25),
(2, 0, 1, -25, 5, 15),
(3, 0, 1, -25, 5, 25),
(4, 0, 1, -25, 15, 5),
(5, 0, 1, -25, 15, 15),
(6, 0, 1, -25, 25, -5),
(7, 0, 1, -25, 25, 5),
(8, 0, 1, -15, -15, 25),
(9, 0, 1, -15, -5, 15),
(10, 0, 1, -15, -5, 25),
(11, 0, 1, -15, 5, 5),
(12, 0, 1, -15, 5, 15),
(13, 0, 1, -15, 15, -5),
(14, 0, 1, -15, 15, 5),
(15, 0, 1, -15, 25, -15),
(16, 0, 1, -15, 25, -5),
(17, 0, 1, -5, -25, 25),
(18, 0, 1, -5, -15, 15),
(19, 0, 1, -5, -15, 25),
(20, 0, 1, -5, -5, 5),
(21, 0, 1, -5, -5, 15),
(22, 0, 1, -5, 5, -5),
(23, 0, 1, -5, 5, 5),
(24, 0, 1, -5, 15, -15),
(25, 0, 1, -5, 15, -5),
(26, 0, 1, -5, 25, -25),
(27, 0, 1, -5, 25, -15),
(28, 0, 1, 5, -25, 15),
(29, 0, 1, 5, -25, 25),
(30, 0, 1, 5, -15, 5),
(31, 0, 1, 5, -15, 15),
(32, 0, 1, 5, -5, -5),
(33, 0, 1, 5, -5, 5),
(34, 0, 1, 5, 5, -15),
(35, 0, 1, 5, 5, -5),
(36, 0, 1, 5, 15, -25),
(37, 0, 1, 5, 15, -15),
(38, 0, 1, 5, 25, -25),
(39, 0, 1, 15, -25, 5),
(40, 0, 1, 15, -25, 15),
(41, 0, 1, 15, -15, -5),
(42, 0, 1, 15, -15, 5),
(43, 0, 1, 15, -5, -15),
(44, 0, 1, 15, -5, -5),
(45, 0, 1, 15, 5, -25),
(46, 0, 1, 15, 5, -15),
(47, 0, 1, 15, 15, -25),
(48, 0, 1, 25, -25, -5),
(49, 0, 1, 25, -25, 5),
(50, 0, 1, 25, -15, -15),
(51, 0, 1, 25, -15, -5),
(52, 0, 1, 25, -5, -25),
(53, 0, 1, 25, -5, -15),
(54, 0, 1, 25, 5, -25),
(55, 0, 2, -25, -5, 25),
(56, 0, 2, -25, 5, 15),
(57, 0, 2, -25, 5, 25),
(58, 0, 2, -25, 15, 5),
(59, 0, 2, -25, 15, 15),
(60, 0, 2, -25, 25, -5),
(61, 0, 2, -25, 25, 5),
(62, 0, 2, -15, -15, 25),
(63, 0, 2, -15, -5, 15),
(64, 0, 2, -15, -5, 25),
(65, 0, 2, -15, 5, 5),
(66, 0, 2, -15, 5, 15),
(67, 0, 2, -15, 15, -5),
(68, 0, 2, -15, 15, 5),
(69, 0, 2, -15, 25, -15),
(70, 0, 2, -15, 25, -5),
(71, 0, 2, -5, -25, 25),
(72, 0, 2, -5, -15, 15),
(73, 0, 2, -5, -15, 25),
(74, 0, 2, -5, -5, 5),
(75, 0, 2, -5, -5, 15),
(76, 0, 2, -5, 5, -5),
(77, 0, 2, -5, 5, 5),
(78, 0, 2, -5, 15, -15),
(79, 0, 2, -5, 15, -5),
(80, 0, 2, -5, 25, -25),
(81, 0, 2, -5, 25, -15),
(82, 0, 2, 5, -25, 15),
(83, 0, 2, 5, -25, 25),
(84, 0, 2, 5, -15, 5),
(85, 0, 2, 5, -15, 15),
(86, 0, 2, 5, -5, -5),
(87, 0, 2, 5, -5, 5),
(88, 0, 2, 5, 5, -15),
(89, 0, 2, 5, 5, -5),
(90, 0, 2, 5, 15, -25),
(91, 0, 2, 5, 15, -15),
(92, 0, 2, 5, 25, -25),
(93, 0, 2, 15, -25, 5),
(94, 0, 2, 15, -25, 15),
(95, 0, 2, 15, -15, -5),
(96, 0, 2, 15, -15, 5),
(97, 0, 2, 15, -5, -15),
(98, 0, 2, 15, -5, -5),
(99, 0, 2, 15, 5, -25),
(100, 0, 2, 15, 5, -15),
(101, 0, 2, 15, 15, -25),
(102, 0, 2, 25, -25, -5),
(103, 0, 2, 25, -25, 5),
(104, 0, 2, 25, -15, -15),
(105, 0, 2, 25, -15, -5),
(106, 0, 2, 25, -5, -25),
(107, 0, 2, 25, -5, -15),
(108, 0, 2, 25, 5, -25),
(109, 0, 3, -25, -5, 25),
(110, 0, 3, -25, 5, 15),
(111, 0, 3, -25, 5, 25),
(112, 0, 3, -25, 15, 5),
(113, 0, 3, -25, 15, 15),
(114, 0, 3, -25, 25, -5),
(115, 0, 3, -25, 25, 5),
(116, 0, 3, -15, -15, 25),
(117, 0, 3, -15, -5, 15),
(118, 0, 3, -15, -5, 25),
(119, 0, 3, -15, 5, 5),
(120, 0, 3, -15, 5, 15),
(121, 0, 3, -15, 15, -5),
(122, 0, 3, -15, 15, 5),
(123, 0, 3, -15, 25, -15),
(124, 0, 3, -15, 25, -5),
(125, 0, 3, -5, -25, 25),
(126, 0, 3, -5, -15, 15),
(127, 0, 3, -5, -15, 25),
(128, 0, 3, -5, -5, 5),
(129, 0, 3, -5, -5, 15),
(130, 0, 3, -5, 5, -5),
(131, 0, 3, -5, 5, 5),
(132, 0, 3, -5, 15, -15),
(133, 0, 3, -5, 15, -5),
(134, 0, 3, -5, 25, -25),
(135, 0, 3, -5, 25, -15),
(136, 0, 3, 5, -25, 15),
(137, 0, 3, 5, -25, 25),
(138, 0, 3, 5, -15, 5),
(139, 0, 3, 5, -15, 15),
(140, 0, 3, 5, -5, -5),
(141, 0, 3, 5, -5, 5),
(142, 0, 3, 5, 5, -15),
(143, 0, 3, 5, 5, -5),
(144, 0, 3, 5, 15, -25),
(145, 0, 3, 5, 15, -15),
(146, 0, 3, 5, 25, -25),
(147, 0, 3, 15, -25, 5),
(148, 0, 3, 15, -25, 15),
(149, 0, 3, 15, -15, -5),
(150, 0, 3, 15, -15, 5),
(151, 0, 3, 15, -5, -15),
(152, 0, 3, 15, -5, -5),
(153, 0, 3, 15, 5, -25),
(154, 0, 3, 15, 5, -15),
(155, 0, 3, 15, 15, -25),
(156, 0, 3, 25, -25, -5),
(157, 0, 3, 25, -25, 5),
(158, 0, 3, 25, -15, -15),
(159, 0, 3, 25, -15, -5),
(160, 0, 3, 25, -5, -25),
(161, 0, 3, 25, -5, -15),
(162, 0, 3, 25, 5, -25),
(163, 0, 4, -25, -5, 25),
(164, 0, 4, -25, 5, 15),
(165, 0, 4, -25, 5, 25),
(166, 0, 4, -25, 15, 5),
(167, 0, 4, -25, 15, 15),
(168, 0, 4, -25, 25, -5),
(169, 0, 4, -25, 25, 5),
(170, 0, 4, -15, -15, 25),
(171, 0, 4, -15, -5, 15),
(172, 0, 4, -15, -5, 25),
(173, 0, 4, -15, 5, 5),
(174, 0, 4, -15, 5, 15),
(175, 0, 4, -15, 15, -5),
(176, 0, 4, -15, 15, 5),
(177, 0, 4, -15, 25, -15),
(178, 0, 4, -15, 25, -5),
(179, 0, 4, -5, -25, 25),
(180, 0, 4, -5, -15, 15),
(181, 0, 4, -5, -15, 25),
(182, 0, 4, -5, -5, 5),
(183, 0, 4, -5, -5, 15),
(184, 0, 4, -5, 5, -5),
(185, 0, 4, -5, 5, 5),
(186, 0, 4, -5, 15, -15),
(187, 0, 4, -5, 15, -5),
(188, 0, 4, -5, 25, -25),
(189, 0, 4, -5, 25, -15),
(190, 0, 4, 5, -25, 15),
(191, 0, 4, 5, -25, 25),
(192, 0, 4, 5, -15, 5),
(193, 0, 4, 5, -15, 15),
(194, 0, 4, 5, -5, -5),
(195, 0, 4, 5, -5, 5),
(196, 0, 4, 5, 5, -15),
(197, 0, 4, 5, 5, -5),
(198, 0, 4, 5, 15, -25),
(199, 0, 4, 5, 15, -15),
(200, 0, 4, 5, 25, -25),
(201, 0, 4, 15, -25, 5),
(202, 0, 4, 15, -25, 15),
(203, 0, 4, 15, -15, -5),
(204, 0, 4, 15, -15, 5),
(205, 0, 4, 15, -5, -15),
(206, 0, 4, 15, -5, -5),
(207, 0, 4, 15, 5, -25),
(208, 0, 4, 15, 5, -15),
(209, 0, 4, 15, 15, -25),
(210, 0, 4, 25, -25, -5),
(211, 0, 4, 25, -25, 5),
(212, 0, 4, 25, -15, -15),
(213, 0, 4, 25, -15, -5),
(214, 0, 4, 25, -5, -25),
(215, 0, 4, 25, -5, -15),
(216, 0, 4, 25, 5, -25),
(217, 0, 5, -25, -5, 25),
(218, 0, 5, -25, 5, 15),
(219, 0, 5, -25, 5, 25),
(220, 0, 5, -25, 15, 5),
(221, 0, 5, -25, 15, 15),
(222, 0, 5, -25, 25, -5),
(223, 0, 5, -25, 25, 5),
(224, 0, 5, -15, -15, 25),
(225, 0, 5, -15, -5, 15),
(226, 0, 5, -15, -5, 25),
(227, 0, 5, -15, 5, 5),
(228, 0, 5, -15, 5, 15),
(229, 0, 5, -15, 15, -5),
(230, 0, 5, -15, 15, 5),
(231, 0, 5, -15, 25, -15),
(232, 0, 5, -15, 25, -5),
(233, 0, 5, -5, -25, 25),
(234, 0, 5, -5, -15, 15),
(235, 0, 5, -5, -15, 25),
(236, 0, 5, -5, -5, 5),
(237, 0, 5, -5, -5, 15),
(238, 0, 5, -5, 5, -5),
(239, 0, 5, -5, 5, 5),
(240, 0, 5, -5, 15, -15),
(241, 0, 5, -5, 15, -5),
(242, 0, 5, -5, 25, -25),
(243, 0, 5, -5, 25, -15),
(244, 0, 5, 5, -25, 15),
(245, 0, 5, 5, -25, 25),
(246, 0, 5, 5, -15, 5),
(247, 0, 5, 5, -15, 15),
(248, 0, 5, 5, -5, -5),
(249, 0, 5, 5, -5, 5),
(250, 0, 5, 5, 5, -15),
(251, 0, 5, 5, 5, -5),
(252, 0, 5, 5, 15, -25),
(253, 0, 5, 5, 15, -15),
(254, 0, 5, 5, 25, -25),
(255, 0, 5, 15, -25, 5),
(256, 0, 5, 15, -25, 15),
(257, 0, 5, 15, -15, -5),
(258, 0, 5, 15, -15, 5),
(259, 0, 5, 15, -5, -15),
(260, 0, 5, 15, -5, -5),
(261, 0, 5, 15, 5, -25),
(262, 0, 5, 15, 5, -15),
(263, 0, 5, 15, 15, -25),
(264, 0, 5, 25, -25, -5),
(265, 0, 5, 25, -25, 5),
(266, 0, 5, 25, -15, -15),
(267, 0, 5, 25, -15, -5),
(268, 0, 5, 25, -5, -25),
(269, 0, 5, 25, -5, -15),
(270, 0, 5, 25, 5, -25),
(271, 0, 6, -25, -5, 25),
(272, 0, 6, -25, 5, 15),
(273, 0, 6, -25, 5, 25),
(274, 0, 6, -25, 15, 5),
(275, 0, 6, -25, 15, 15),
(276, 0, 6, -25, 25, -5),
(277, 0, 6, -25, 25, 5),
(278, 0, 6, -15, -15, 25),
(279, 0, 6, -15, -5, 15),
(280, 0, 6, -15, -5, 25),
(281, 0, 6, -15, 5, 5),
(282, 0, 6, -15, 5, 15),
(283, 0, 6, -15, 15, -5),
(284, 0, 6, -15, 15, 5),
(285, 0, 6, -15, 25, -15),
(286, 0, 6, -15, 25, -5),
(287, 0, 6, -5, -25, 25),
(288, 0, 6, -5, -15, 15),
(289, 0, 6, -5, -15, 25),
(290, 0, 6, -5, -5, 5),
(291, 0, 6, -5, -5, 15),
(292, 0, 6, -5, 5, -5),
(293, 0, 6, -5, 5, 5),
(294, 0, 6, -5, 15, -15),
(295, 0, 6, -5, 15, -5),
(296, 0, 6, -5, 25, -25),
(297, 0, 6, -5, 25, -15),
(298, 0, 6, 5, -25, 15),
(299, 0, 6, 5, -25, 25),
(300, 0, 6, 5, -15, 5),
(301, 0, 6, 5, -15, 15),
(302, 0, 6, 5, -5, -5),
(303, 0, 6, 5, -5, 5),
(304, 0, 6, 5, 5, -15),
(305, 0, 6, 5, 5, -5),
(306, 0, 6, 5, 15, -25),
(307, 0, 6, 5, 15, -15),
(308, 0, 6, 5, 25, -25),
(309, 0, 6, 15, -25, 5),
(310, 0, 6, 15, -25, 15),
(311, 0, 6, 15, -15, -5),
(312, 0, 6, 15, -15, 5),
(313, 0, 6, 15, -5, -15),
(314, 0, 6, 15, -5, -5),
(315, 0, 6, 15, 5, -25),
(316, 0, 6, 15, 5, -15),
(317, 0, 6, 15, 15, -25),
(318, 0, 6, 25, -25, -5),
(319, 0, 6, 25, -25, 5),
(320, 0, 6, 25, -15, -15),
(321, 0, 6, 25, -15, -5),
(322, 0, 6, 25, -5, -25),
(323, 0, 6, 25, -5, -15),
(324, 0, 6, 25, 5, -25),
(325, 0, 7, -25, -5, 25),
(326, 0, 7, -25, 5, 15),
(327, 0, 7, -25, 5, 25),
(328, 0, 7, -25, 15, 5),
(329, 0, 7, -25, 15, 15),
(330, 0, 7, -25, 25, -5),
(331, 0, 7, -25, 25, 5),
(332, 0, 7, -15, -15, 25),
(333, 0, 7, -15, -5, 15),
(334, 0, 7, -15, -5, 25),
(335, 0, 7, -15, 5, 5),
(336, 0, 7, -15, 5, 15),
(337, 0, 7, -15, 15, -5),
(338, 0, 7, -15, 15, 5),
(339, 0, 7, -15, 25, -15),
(340, 0, 7, -15, 25, -5),
(341, 0, 7, -5, -25, 25),
(342, 0, 7, -5, -15, 15),
(343, 0, 7, -5, -15, 25),
(344, 0, 7, -5, -5, 5),
(345, 0, 7, -5, -5, 15),
(346, 0, 7, -5, 5, -5),
(347, 0, 7, -5, 5, 5),
(348, 0, 7, -5, 15, -15),
(349, 0, 7, -5, 15, -5),
(350, 0, 7, -5, 25, -25),
(351, 0, 7, -5, 25, -15),
(352, 0, 7, 5, -25, 15),
(353, 0, 7, 5, -25, 25),
(354, 0, 7, 5, -15, 5),
(355, 0, 7, 5, -15, 15),
(356, 0, 7, 5, -5, -5),
(357, 0, 7, 5, -5, 5),
(358, 0, 7, 5, 5, -15),
(359, 0, 7, 5, 5, -5),
(360, 0, 7, 5, 15, -25),
(361, 0, 7, 5, 15, -15),
(362, 0, 7, 5, 25, -25),
(363, 0, 7, 15, -25, 5),
(364, 0, 7, 15, -25, 15),
(365, 0, 7, 15, -15, -5),
(366, 0, 7, 15, -15, 5),
(367, 0, 7, 15, -5, -15),
(368, 0, 7, 15, -5, -5),
(369, 0, 7, 15, 5, -25),
(370, 0, 7, 15, 5, -15),
(371, 0, 7, 15, 15, -25),
(372, 0, 7, 25, -25, -5),
(373, 0, 7, 25, -25, 5),
(374, 0, 7, 25, -15, -15),
(375, 0, 7, 25, -15, -5),
(376, 0, 7, 25, -5, -25),
(377, 0, 7, 25, -5, -15),
(378, 0, 7, 25, 5, -25),
(379, 0, 8, -25, -5, 25),
(380, 0, 8, -25, 5, 15),
(381, 0, 8, -25, 5, 25),
(382, 0, 8, -25, 15, 5),
(383, 0, 8, -25, 15, 15),
(384, 0, 8, -25, 25, -5),
(385, 0, 8, -25, 25, 5),
(386, 0, 8, -15, -15, 25),
(387, 0, 8, -15, -5, 15),
(388, 0, 8, -15, -5, 25),
(389, 0, 8, -15, 5, 5),
(390, 0, 8, -15, 5, 15),
(391, 0, 8, -15, 15, -5),
(392, 0, 8, -15, 15, 5),
(393, 0, 8, -15, 25, -15),
(394, 0, 8, -15, 25, -5),
(395, 0, 8, -5, -25, 25),
(396, 0, 8, -5, -15, 15),
(397, 0, 8, -5, -15, 25),
(398, 0, 8, -5, -5, 5),
(399, 0, 8, -5, -5, 15),
(400, 0, 8, -5, 5, -5),
(401, 0, 8, -5, 5, 5),
(402, 0, 8, -5, 15, -15),
(403, 0, 8, -5, 15, -5),
(404, 0, 8, -5, 25, -25),
(405, 0, 8, -5, 25, -15),
(406, 0, 8, 5, -25, 15),
(407, 0, 8, 5, -25, 25),
(408, 0, 8, 5, -15, 5),
(409, 0, 8, 5, -15, 15),
(410, 0, 8, 5, -5, -5),
(411, 0, 8, 5, -5, 5),
(412, 0, 8, 5, 5, -15),
(413, 0, 8, 5, 5, -5),
(414, 0, 8, 5, 15, -25),
(415, 0, 8, 5, 15, -15),
(416, 0, 8, 5, 25, -25),
(417, 0, 8, 15, -25, 5),
(418, 0, 8, 15, -25, 15),
(419, 0, 8, 15, -15, -5),
(420, 0, 8, 15, -15, 5),
(421, 0, 8, 15, -5, -15),
(422, 0, 8, 15, -5, -5),
(423, 0, 8, 15, 5, -25),
(424, 0, 8, 15, 5, -15),
(425, 0, 8, 15, 15, -25),
(426, 0, 8, 25, -25, -5),
(427, 0, 8, 25, -25, 5),
(428, 0, 8, 25, -15, -15),
(429, 0, 8, 25, -15, -5),
(430, 0, 8, 25, -5, -25),
(431, 0, 8, 25, -5, -15),
(432, 0, 8, 25, 5, -25);

-- --------------------------------------------------------

--
-- Struktura tabeli dla tabeli `tiles`
--

CREATE TABLE IF NOT EXISTS `tiles` (
  `id` int(11) NOT NULL AUTO_INCREMENT,
  `board_id` int(11) NOT NULL,
  `type` enum('desert','stone','wood','clay','sheep','wheat','ocean') COLLATE utf8_bin NOT NULL DEFAULT 'ocean',
  `x` int(11) NOT NULL,
  `y` int(11) NOT NULL,
  `z` int(11) NOT NULL,
  `probability` int(11) DEFAULT NULL,
  PRIMARY KEY (`id`)
) ENGINE=InnoDB  DEFAULT CHARSET=utf8 COLLATE=utf8_bin AUTO_INCREMENT=297 ;

--
-- Zrzut danych tabeli `tiles`
--

INSERT INTO `tiles` (`id`, `board_id`, `type`, `x`, `y`, `z`, `probability`) VALUES
(1, 1, 'ocean', -30, 0, 30, NULL),
(2, 1, 'ocean', -30, 10, 20, NULL),
(3, 1, 'ocean', -30, 20, 10, NULL),
(4, 1, 'ocean', -30, 30, 0, NULL),
(5, 1, 'ocean', -20, -10, 30, NULL),
(6, 1, 'wood', -20, 0, 20, 3),
(7, 1, 'stone', -20, 10, 10, 10),
(8, 1, 'stone', -20, 20, 0, 8),
(9, 1, 'ocean', -20, 30, -10, NULL),
(10, 1, 'ocean', -10, -20, 30, NULL),
(11, 1, 'clay', -10, -10, 20, 8),
(12, 1, 'sheep', -10, 0, 10, 4),
(13, 1, 'wood', -10, 10, 0, 3),
(14, 1, 'wheat', -10, 20, -10, 12),
(15, 1, 'ocean', -10, 30, -20, NULL),
(16, 1, 'ocean', 0, -30, 30, NULL),
(17, 1, 'wheat', 0, -20, 20, 9),
(18, 1, 'wheat', 0, -10, 10, 6),
(19, 1, 'sheep', 0, 0, 0, 5),
(20, 1, 'clay', 0, 10, -10, 2),
(21, 1, 'clay', 0, 20, -20, 5),
(22, 1, 'ocean', 0, 30, -30, NULL),
(23, 1, 'ocean', 10, -30, 20, NULL),
(24, 1, 'sheep', 10, -20, 10, 11),
(25, 1, 'wood', 10, -10, 0, 10),
(26, 1, 'sheep', 10, 0, -10, 4),
(27, 1, 'stone', 10, 10, -20, 11),
(28, 1, 'ocean', 10, 20, -30, NULL),
(29, 1, 'ocean', 20, -30, 10, NULL),
(30, 1, 'desert', 20, -20, 0, NULL),
(31, 1, 'wood', 20, -10, -10, 6),
(32, 1, 'wheat', 20, 0, -20, 9),
(33, 1, 'ocean', 20, 10, -30, NULL),
(34, 1, 'ocean', 30, -30, 0, NULL),
(35, 1, 'ocean', 30, -20, -10, NULL),
(36, 1, 'ocean', 30, -10, -20, NULL),
(37, 1, 'ocean', 30, 0, -30, NULL),
(38, 2, 'ocean', -30, 0, 30, NULL),
(39, 2, 'ocean', -30, 10, 20, NULL),
(40, 2, 'ocean', -30, 20, 10, NULL),
(41, 2, 'ocean', -30, 30, 0, NULL),
(42, 2, 'ocean', -20, -10, 30, NULL),
(43, 2, 'clay', -20, 0, 20, 3),
(44, 2, 'stone', -20, 10, 10, 10),
(45, 2, 'stone', -20, 20, 0, 11),
(46, 2, 'ocean', -20, 30, -10, NULL),
(47, 2, 'ocean', -10, -20, 30, NULL),
(48, 2, 'wheat', -10, -10, 20, 12),
(49, 2, 'sheep', -10, 0, 10, 8),
(50, 2, 'sheep', -10, 10, 0, 2),
(51, 2, 'wheat', -10, 20, -10, 4),
(52, 2, 'ocean', -10, 30, -20, NULL),
(53, 2, 'ocean', 0, -30, 30, NULL),
(54, 2, 'clay', 0, -20, 20, 10),
(55, 2, 'desert', 0, -10, 10, NULL),
(56, 2, 'sheep', 0, 0, 0, 3),
(57, 2, 'wheat', 0, 10, -10, 4),
(58, 2, 'wood', 0, 20, -20, 9),
(59, 2, 'ocean', 0, 30, -30, NULL),
(60, 2, 'ocean', 10, -30, 20, NULL),
(61, 2, 'wheat', 10, -20, 10, 5),
(62, 2, 'clay', 10, -10, 0, 5),
(63, 2, 'wood', 10, 0, -10, 9),
(64, 2, 'wood', 10, 10, -20, 11),
(65, 2, 'ocean', 10, 20, -30, NULL),
(66, 2, 'ocean', 20, -30, 10, NULL),
(67, 2, 'wood', 20, -20, 0, 8),
(68, 2, 'sheep', 20, -10, -10, 6),
(69, 2, 'stone', 20, 0, -20, 6),
(70, 2, 'ocean', 20, 10, -30, NULL),
(71, 2, 'ocean', 30, -30, 0, NULL),
(72, 2, 'ocean', 30, -20, -10, NULL),
(73, 2, 'ocean', 30, -10, -20, NULL),
(74, 2, 'ocean', 30, 0, -30, NULL),
(75, 3, 'ocean', -30, 0, 30, NULL),
(76, 3, 'ocean', -30, 10, 20, NULL),
(77, 3, 'ocean', -30, 20, 10, NULL),
(78, 3, 'ocean', -30, 30, 0, NULL),
(79, 3, 'ocean', -20, -10, 30, NULL),
(80, 3, 'wheat', -20, 0, 20, 5),
(81, 3, 'sheep', -20, 10, 10, 3),
(82, 3, 'stone', -20, 20, 0, 9),
(83, 3, 'ocean', -20, 30, -10, NULL),
(84, 3, 'ocean', -10, -20, 30, NULL),
(85, 3, 'wood', -10, -10, 20, 9),
(86, 3, 'clay', -10, 0, 10, 5),
(87, 3, 'wood', -10, 10, 0, 12),
(88, 3, 'wheat', -10, 20, -10, 4),
(89, 3, 'ocean', -10, 30, -20, NULL),
(90, 3, 'ocean', 0, -30, 30, NULL),
(91, 3, 'clay', 0, -20, 20, 4),
(92, 3, 'sheep', 0, -10, 10, 11),
(93, 3, 'wheat', 0, 0, 0, 11),
(94, 3, 'clay', 0, 10, -10, 10),
(95, 3, 'wood', 0, 20, -20, 8),
(96, 3, 'ocean', 0, 30, -30, NULL),
(97, 3, 'ocean', 10, -30, 20, NULL),
(98, 3, 'sheep', 10, -20, 10, 6),
(99, 3, 'wood', 10, -10, 0, 8),
(100, 3, 'sheep', 10, 0, -10, 2),
(101, 3, 'desert', 10, 10, -20, NULL),
(102, 3, 'ocean', 10, 20, -30, NULL),
(103, 3, 'ocean', 20, -30, 10, NULL),
(104, 3, 'stone', 20, -20, 0, 3),
(105, 3, 'wheat', 20, -10, -10, 6),
(106, 3, 'stone', 20, 0, -20, 10),
(107, 3, 'ocean', 20, 10, -30, NULL),
(108, 3, 'ocean', 30, -30, 0, NULL),
(109, 3, 'ocean', 30, -20, -10, NULL),
(110, 3, 'ocean', 30, -10, -20, NULL),
(111, 3, 'ocean', 30, 0, -30, NULL),
(112, 4, 'ocean', -30, 0, 30, NULL),
(113, 4, 'ocean', -30, 10, 20, NULL),
(114, 4, 'ocean', -30, 20, 10, NULL),
(115, 4, 'ocean', -30, 30, 0, NULL),
(116, 4, 'ocean', -20, -10, 30, NULL),
(117, 4, 'sheep', -20, 0, 20, 2),
(118, 4, 'wheat', -20, 10, 10, 5),
(119, 4, 'wheat', -20, 20, 0, 11),
(120, 4, 'ocean', -20, 30, -10, NULL),
(121, 4, 'ocean', -10, -20, 30, NULL),
(122, 4, 'wood', -10, -10, 20, 3),
(123, 4, 'stone', -10, 0, 10, 11),
(124, 4, 'wood', -10, 10, 0, 9),
(125, 4, 'sheep', -10, 20, -10, 4),
(126, 4, 'ocean', -10, 30, -20, NULL),
(127, 4, 'ocean', 0, -30, 30, NULL),
(128, 4, 'clay', 0, -20, 20, 9),
(129, 4, 'clay', 0, -10, 10, 6),
(130, 4, 'wood', 0, 0, 0, 10),
(131, 4, 'desert', 0, 10, -10, NULL),
(132, 4, 'wheat', 0, 20, -20, 3),
(133, 4, 'ocean', 0, 30, -30, NULL),
(134, 4, 'ocean', 10, -30, 20, NULL),
(135, 4, 'wheat', 10, -20, 10, 8),
(136, 4, 'stone', 10, -10, 0, 6),
(137, 4, 'stone', 10, 0, -10, 8),
(138, 4, 'wood', 10, 10, -20, 10),
(139, 4, 'ocean', 10, 20, -30, NULL),
(140, 4, 'ocean', 20, -30, 10, NULL),
(141, 4, 'sheep', 20, -20, 0, 4),
(142, 4, 'sheep', 20, -10, -10, 12),
(143, 4, 'clay', 20, 0, -20, 5),
(144, 4, 'ocean', 20, 10, -30, NULL),
(145, 4, 'ocean', 30, -30, 0, NULL),
(146, 4, 'ocean', 30, -20, -10, NULL),
(147, 4, 'ocean', 30, -10, -20, NULL),
(148, 4, 'ocean', 30, 0, -30, NULL),
(149, 5, 'ocean', -30, 0, 30, NULL),
(150, 5, 'ocean', -30, 10, 20, NULL),
(151, 5, 'ocean', -30, 20, 10, NULL),
(152, 5, 'ocean', -30, 30, 0, NULL),
(153, 5, 'ocean', -20, -10, 30, NULL),
(154, 5, 'wheat', -20, 0, 20, 5),
(155, 5, 'clay', -20, 10, 10, 10),
(156, 5, 'wheat', -20, 20, 0, 11),
(157, 5, 'ocean', -20, 30, -10, NULL),
(158, 5, 'ocean', -10, -20, 30, NULL),
(159, 5, 'wheat', -10, -10, 20, 4),
(160, 5, 'stone', -10, 0, 10, 2),
(161, 5, 'desert', -10, 10, 0, NULL),
(162, 5, 'sheep', -10, 20, -10, 6),
(163, 5, 'ocean', -10, 30, -20, NULL),
(164, 5, 'ocean', 0, -30, 30, NULL),
(165, 5, 'stone', 0, -20, 20, 9),
(166, 5, 'sheep', 0, -10, 10, 10),
(167, 5, 'wood', 0, 0, 0, 12),
(168, 5, 'wood', 0, 10, -10, 8),
(169, 5, 'sheep', 0, 20, -20, 3),
(170, 5, 'ocean', 0, 30, -30, NULL),
(171, 5, 'ocean', 10, -30, 20, NULL),
(172, 5, 'sheep', 10, -20, 10, 9),
(173, 5, 'clay', 10, -10, 0, 5),
(174, 5, 'wheat', 10, 0, -10, 6),
(175, 5, 'wood', 10, 10, -20, 8),
(176, 5, 'ocean', 10, 20, -30, NULL),
(177, 5, 'ocean', 20, -30, 10, NULL),
(178, 5, 'clay', 20, -20, 0, 11),
(179, 5, 'wood', 20, -10, -10, 4),
(180, 5, 'stone', 20, 0, -20, 3),
(181, 5, 'ocean', 20, 10, -30, NULL),
(182, 5, 'ocean', 30, -30, 0, NULL),
(183, 5, 'ocean', 30, -20, -10, NULL),
(184, 5, 'ocean', 30, -10, -20, NULL),
(185, 5, 'ocean', 30, 0, -30, NULL),
(186, 6, 'ocean', -30, 0, 30, NULL),
(187, 6, 'ocean', -30, 10, 20, NULL),
(188, 6, 'ocean', -30, 20, 10, NULL),
(189, 6, 'ocean', -30, 30, 0, NULL),
(190, 6, 'ocean', -20, -10, 30, NULL),
(191, 6, 'wheat', -20, 0, 20, 9),
(192, 6, 'wheat', -20, 10, 10, 8),
(193, 6, 'sheep', -20, 20, 0, 10),
(194, 6, 'ocean', -20, 30, -10, NULL),
(195, 6, 'ocean', -10, -20, 30, NULL),
(196, 6, 'wheat', -10, -10, 20, 12),
(197, 6, 'wheat', -10, 0, 10, 6),
(198, 6, 'clay', -10, 10, 0, 2),
(199, 6, 'stone', -10, 20, -10, 11),
(200, 6, 'ocean', -10, 30, -20, NULL),
(201, 6, 'ocean', 0, -30, 30, NULL),
(202, 6, 'sheep', 0, -20, 20, 5),
(203, 6, 'wood', 0, -10, 10, 3),
(204, 6, 'clay', 0, 0, 0, 6),
(205, 6, 'stone', 0, 10, -10, 4),
(206, 6, 'sheep', 0, 20, -20, 11),
(207, 6, 'ocean', 0, 30, -30, NULL),
(208, 6, 'ocean', 10, -30, 20, NULL),
(209, 6, 'wood', 10, -20, 10, 8),
(210, 6, 'wood', 10, -10, 0, 9),
(211, 6, 'clay', 10, 0, -10, 10),
(212, 6, 'stone', 10, 10, -20, 3),
(213, 6, 'ocean', 10, 20, -30, NULL),
(214, 6, 'ocean', 20, -30, 10, NULL),
(215, 6, 'sheep', 20, -20, 0, 5),
(216, 6, 'desert', 20, -10, -10, NULL),
(217, 6, 'wood', 20, 0, -20, 4),
(218, 6, 'ocean', 20, 10, -30, NULL),
(219, 6, 'ocean', 30, -30, 0, NULL),
(220, 6, 'ocean', 30, -20, -10, NULL),
(221, 6, 'ocean', 30, -10, -20, NULL),
(222, 6, 'ocean', 30, 0, -30, NULL),
(223, 7, 'ocean', -30, 0, 30, NULL),
(224, 7, 'ocean', -30, 10, 20, NULL),
(225, 7, 'ocean', -30, 20, 10, NULL),
(226, 7, 'ocean', -30, 30, 0, NULL),
(227, 7, 'ocean', -20, -10, 30, NULL),
(228, 7, 'wood', -20, 0, 20, 8),
(229, 7, 'wheat', -20, 10, 10, 4),
(230, 7, 'sheep', -20, 20, 0, 11),
(231, 7, 'ocean', -20, 30, -10, NULL),
(232, 7, 'ocean', -10, -20, 30, NULL),
(233, 7, 'sheep', -10, -10, 20, 6),
(234, 7, 'sheep', -10, 0, 10, 4),
(235, 7, 'wheat', -10, 10, 0, 10),
(236, 7, 'clay', -10, 20, -10, 5),
(237, 7, 'ocean', -10, 30, -20, NULL),
(238, 7, 'ocean', 0, -30, 30, NULL),
(239, 7, 'wheat', 0, -20, 20, 11),
(240, 7, 'stone', 0, -10, 10, 3),
(241, 7, 'stone', 0, 0, 0, 3),
(242, 7, 'clay', 0, 10, -10, 5),
(243, 7, 'sheep', 0, 20, -20, 10),
(244, 7, 'ocean', 0, 30, -30, NULL),
(245, 7, 'ocean', 10, -30, 20, NULL),
(246, 7, 'wood', 10, -20, 10, 9),
(247, 7, 'desert', 10, -10, 0, NULL),
(248, 7, 'stone', 10, 0, -10, 9),
(249, 7, 'wheat', 10, 10, -20, 6),
(250, 7, 'ocean', 10, 20, -30, NULL),
(251, 7, 'ocean', 20, -30, 10, NULL),
(252, 7, 'wood', 20, -20, 0, 2),
(253, 7, 'clay', 20, -10, -10, 8),
(254, 7, 'wood', 20, 0, -20, 12),
(255, 7, 'ocean', 20, 10, -30, NULL),
(256, 7, 'ocean', 30, -30, 0, NULL),
(257, 7, 'ocean', 30, -20, -10, NULL),
(258, 7, 'ocean', 30, -10, -20, NULL),
(259, 7, 'ocean', 30, 0, -30, NULL),
(260, 8, 'ocean', -30, 0, 30, NULL),
(261, 8, 'ocean', -30, 10, 20, NULL),
(262, 8, 'ocean', -30, 20, 10, NULL),
(263, 8, 'ocean', -30, 30, 0, NULL),
(264, 8, 'ocean', -20, -10, 30, NULL),
(265, 8, 'wheat', -20, 0, 20, 12),
(266, 8, 'sheep', -20, 10, 10, 11),
(267, 8, 'wheat', -20, 20, 0, 6),
(268, 8, 'ocean', -20, 30, -10, NULL),
(269, 8, 'ocean', -10, -20, 30, NULL),
(270, 8, 'sheep', -10, -10, 20, 9),
(271, 8, 'desert', -10, 0, 10, NULL),
(272, 8, 'stone', -10, 10, 0, 5),
(273, 8, 'clay', -10, 20, -10, 2),
(274, 8, 'ocean', -10, 30, -20, NULL),
(275, 8, 'ocean', 0, -30, 30, NULL),
(276, 8, 'wheat', 0, -20, 20, 3),
(277, 8, 'clay', 0, -10, 10, 4),
(278, 8, 'clay', 0, 0, 0, 6),
(279, 8, 'wood', 0, 10, -10, 5),
(280, 8, 'wheat', 0, 20, -20, 11),
(281, 8, 'ocean', 0, 30, -30, NULL),
(282, 8, 'ocean', 10, -30, 20, NULL),
(283, 8, 'wood', 10, -20, 10, 10),
(284, 8, 'stone', 10, -10, 0, 9),
(285, 8, 'wood', 10, 0, -10, 3),
(286, 8, 'sheep', 10, 10, -20, 4),
(287, 8, 'ocean', 10, 20, -30, NULL),
(288, 8, 'ocean', 20, -30, 10, NULL),
(289, 8, 'wood', 20, -20, 0, 8),
(290, 8, 'sheep', 20, -10, -10, 8),
(291, 8, 'stone', 20, 0, -20, 10),
(292, 8, 'ocean', 20, 10, -30, NULL),
(293, 8, 'ocean', 30, -30, 0, NULL),
(294, 8, 'ocean', 30, -20, -10, NULL),
(295, 8, 'ocean', 30, -10, -20, NULL),
(296, 8, 'ocean', 30, 0, -30, NULL);

-- --------------------------------------------------------

--
-- Struktura tabeli dla tabeli `users`
--

CREATE TABLE IF NOT EXISTS `users` (
  `id` int(11) NOT NULL AUTO_INCREMENT,
  `nickname` varchar(250) COLLATE utf8_bin NOT NULL,
  `email` varchar(250) COLLATE utf8_bin NOT NULL,
  `password` varchar(64) COLLATE utf8_bin NOT NULL,
  `games_played` int(11) NOT NULL DEFAULT '0',
  `games_won` int(11) NOT NULL DEFAULT '0',
  `games_completed` int(11) NOT NULL DEFAULT '0',
  PRIMARY KEY (`id`)
) ENGINE=InnoDB DEFAULT CHARSET=utf8 COLLATE=utf8_bin AUTO_INCREMENT=1 ;

/*!40101 SET CHARACTER_SET_CLIENT=@OLD_CHARACTER_SET_CLIENT */;
/*!40101 SET CHARACTER_SET_RESULTS=@OLD_CHARACTER_SET_RESULTS */;
/*!40101 SET COLLATION_CONNECTION=@OLD_COLLATION_CONNECTION */;
