-- phpMyAdmin SQL Dump
-- version 4.1.6
-- http://www.phpmyadmin.net
--
-- Host: 127.0.0.1
-- Generation Time: 10 Mar 2014, 14:44
-- Server version: 5.6.16
-- PHP Version: 5.5.9

SET SQL_MODE = "NO_AUTO_VALUE_ON_ZERO";
SET time_zone = "+00:00";


/*!40101 SET @OLD_CHARACTER_SET_CLIENT=@@CHARACTER_SET_CLIENT */;
/*!40101 SET @OLD_CHARACTER_SET_RESULTS=@@CHARACTER_SET_RESULTS */;
/*!40101 SET @OLD_COLLATION_CONNECTION=@@COLLATION_CONNECTION */;
/*!40101 SET NAMES utf8 */;

--
-- Database: `catan`
--

-- --------------------------------------------------------

--
-- Struktura tabeli dla tabeli `boards`
--

CREATE TABLE IF NOT EXISTS `boards` (
  `id` int(11) NOT NULL AUTO_INCREMENT,
  `thief` int(11) NOT NULL DEFAULT '0',
  `finished` tinyint(1) NOT NULL DEFAULT '0',
  `is_changed` tinyint(1) NOT NULL DEFAULT '1',
  PRIMARY KEY (`id`)
) ENGINE=InnoDB  DEFAULT CHARSET=utf8 COLLATE=utf8_bin AUTO_INCREMENT=20 ;

--
-- Zrzut danych tabeli `boards`
--

INSERT INTO `boards` (`id`, `thief`, `finished`, `is_changed`) VALUES
(1, 0, 0, 1),
(2, 0, 0, 1),
(3, 0, 0, 1),
(4, 0, 0, 1),
(5, 0, 0, 1),
(6, 0, 0, 1),
(7, 0, 0, 1),
(8, 0, 0, 1),
(9, 0, 0, 1),
(10, 0, 0, 1),
(11, 0, 0, 1),
(12, 0, 0, 1),
(13, 0, 0, 1),
(14, 0, 0, 1),
(15, 0, 0, 1),
(16, 0, 0, 1),
(17, 0, 0, 1),
(18, 0, 0, 1),
(19, 0, 0, 1);

-- --------------------------------------------------------

--
-- Struktura tabeli dla tabeli `cards`
--

CREATE TABLE IF NOT EXISTS `cards` (
  `id` int(11) NOT NULL AUTO_INCREMENT,
  `board_id` int(11) NOT NULL,
  `player_id` int(11) DEFAULT NULL,
  `is_used` tinyint(1) NOT NULL DEFAULT '0',
  `type` enum('knight','victorypoint','monopoly','yearofplenty','roadbuilding') CHARACTER SET utf8 NOT NULL,
  PRIMARY KEY (`id`)
) ENGINE=InnoDB DEFAULT CHARSET=utf8 COLLATE=utf8_bin AUTO_INCREMENT=1 ;

-- --------------------------------------------------------

--
-- Struktura tabeli dla tabeli `games`
--

CREATE TABLE IF NOT EXISTS `games` (
  `id` int(11) NOT NULL AUTO_INCREMENT,
  `is_changed` tinyint(1) NOT NULL DEFAULT '1',
  `in_use` tinyint(1) NOT NULL DEFAULT '1',
  `turn_number` int(11) NOT NULL,
  `curret_player` int(11) NOT NULL,
  `active_thief` int(11) NOT NULL,
  PRIMARY KEY (`id`)
) ENGINE=InnoDB  DEFAULT CHARSET=utf8 COLLATE=utf8_bin AUTO_INCREMENT=7 ;

--
-- Zrzut danych tabeli `games`
--

INSERT INTO `games` (`id`, `is_changed`, `in_use`, `turn_number`, `curret_player`, `active_thief`) VALUES
(1, 1, 1, 0, 0, 0),
(2, 1, 1, 0, 0, 0),
(3, 1, 1, 0, 0, 0),
(4, 1, 1, 0, 0, 0),
(5, 1, 1, 0, 0, 0),
(6, 1, 1, 0, 0, 0);

-- --------------------------------------------------------

--
-- Struktura tabeli dla tabeli `players`
--

CREATE TABLE IF NOT EXISTS `players` (
  `id` int(11) NOT NULL AUTO_INCREMENT,
  `game_id` int(11) NOT NULL,
  `user_id` int(11) NOT NULL,
  `turn_order` int(11) NOT NULL,
  `wood` int(11) NOT NULL DEFAULT '0',
  `stone` int(11) NOT NULL DEFAULT '0',
  `sheep` int(11) NOT NULL DEFAULT '0',
  `clay` int(11) NOT NULL DEFAULT '0',
  `wheat` int(11) NOT NULL DEFAULT '0',
  PRIMARY KEY (`id`)
) ENGINE=InnoDB  DEFAULT CHARSET=utf8 COLLATE=utf8_bin AUTO_INCREMENT=2 ;

--
-- Zrzut danych tabeli `players`
--

INSERT INTO `players` (`id`, `game_id`, `user_id`, `turn_order`, `wood`, `stone`, `sheep`, `clay`, `wheat`) VALUES
(1, 6, 1, 0, 0, 0, 0, 0, 0);

-- --------------------------------------------------------

--
-- Struktura tabeli dla tabeli `ports`
--

CREATE TABLE IF NOT EXISTS `ports` (
  `id` int(11) NOT NULL AUTO_INCREMENT,
  `type` enum('default','wood','stone','sheep','clay','wheat') COLLATE utf8_bin NOT NULL,
  `board_id` int(11) NOT NULL,
  `x` int(11) NOT NULL,
  `y` int(11) NOT NULL,
  `z` int(11) NOT NULL,
  PRIMARY KEY (`id`)
) ENGINE=InnoDB  DEFAULT CHARSET=utf8 COLLATE=utf8_bin AUTO_INCREMENT=172 ;

--
-- Zrzut danych tabeli `ports`
--

INSERT INTO `ports` (`id`, `type`, `board_id`, `x`, `y`, `z`) VALUES
(1, 'default', 1, 15, 10, -25),
(2, 'wood', 1, -5, 25, -20),
(3, 'default', 1, -20, 25, -5),
(4, 'stone', 1, -25, 15, 10),
(5, 'wheat', 1, -25, 0, 25),
(6, 'clay', 1, -10, -15, 25),
(7, 'default', 1, 10, -25, 15),
(8, 'default', 1, 25, -25, 0),
(9, 'sheep', 1, 25, -5, -20),
(10, 'sheep', 2, 15, 10, -25),
(11, 'stone', 2, -5, 25, -20),
(12, 'clay', 2, -20, 25, -5),
(13, 'default', 2, -25, 15, 10),
(14, 'wood', 2, -25, 0, 25),
(15, 'default', 2, -10, -15, 25),
(16, 'default', 2, 10, -25, 15),
(17, 'wheat', 2, 25, -25, 0),
(18, 'default', 2, 25, -5, -20),
(19, 'sheep', 3, 15, 10, -25),
(20, 'default', 3, -5, 25, -20),
(21, 'default', 3, -20, 25, -5),
(22, 'default', 3, -25, 15, 10),
(23, 'clay', 3, -25, 0, 25),
(24, 'stone', 3, -10, -15, 25),
(25, 'default', 3, 10, -25, 15),
(26, 'wheat', 3, 25, -25, 0),
(27, 'wood', 3, 25, -5, -20),
(28, 'sheep', 4, 15, 10, -25),
(29, 'default', 4, -5, 25, -20),
(30, 'stone', 4, -20, 25, -5),
(31, 'wheat', 4, -25, 15, 10),
(32, 'default', 4, -25, 0, 25),
(33, 'wood', 4, -10, -15, 25),
(34, 'clay', 4, 10, -25, 15),
(35, 'default', 4, 25, -25, 0),
(36, 'default', 4, 25, -5, -20),
(37, 'default', 5, 15, 10, -25),
(38, 'default', 5, -5, 25, -20),
(39, 'default', 5, -20, 25, -5),
(40, 'wood', 5, -25, 15, 10),
(41, 'clay', 5, -25, 0, 25),
(42, 'default', 5, -10, -15, 25),
(43, 'sheep', 5, 10, -25, 15),
(44, 'stone', 5, 25, -25, 0),
(45, 'wheat', 5, 25, -5, -20),
(46, 'default', 6, 15, 10, -25),
(47, 'sheep', 6, -5, 25, -20),
(48, 'wheat', 6, -20, 25, -5),
(49, 'wood', 6, -25, 15, 10),
(50, 'default', 6, -25, 0, 25),
(51, 'default', 6, -10, -15, 25),
(52, 'default', 6, 10, -25, 15),
(53, 'stone', 6, 25, -25, 0),
(54, 'clay', 6, 25, -5, -20),
(55, 'stone', 7, 15, 10, -25),
(56, 'clay', 7, -5, 25, -20),
(57, 'default', 7, -20, 25, -5),
(58, 'sheep', 7, -25, 15, 10),
(59, 'default', 7, -25, 0, 25),
(60, 'wheat', 7, -10, -15, 25),
(61, 'default', 7, 10, -25, 15),
(62, 'wood', 7, 25, -25, 0),
(63, 'default', 7, 25, -5, -20),
(64, 'sheep', 8, 15, 10, -25),
(65, 'default', 8, -5, 25, -20),
(66, 'wood', 8, -20, 25, -5),
(67, 'default', 8, -25, 15, 10),
(68, 'default', 8, -25, 0, 25),
(69, 'default', 8, -10, -15, 25),
(70, 'stone', 8, 10, -25, 15),
(71, 'clay', 8, 25, -25, 0),
(72, 'wheat', 8, 25, -5, -20),
(73, 'stone', 9, 15, 10, -25),
(74, 'wheat', 9, -5, 25, -20),
(75, 'wood', 9, -20, 25, -5),
(76, 'default', 9, -25, 15, 10),
(77, 'default', 9, -25, 0, 25),
(78, 'clay', 9, -10, -15, 25),
(79, 'default', 9, 10, -25, 15),
(80, 'default', 9, 25, -25, 0),
(81, 'sheep', 9, 25, -5, -20),
(82, 'default', 10, 15, 10, -25),
(83, 'wheat', 10, -5, 25, -20),
(84, 'clay', 10, -20, 25, -5),
(85, 'wood', 10, -25, 15, 10),
(86, 'default', 10, -25, 0, 25),
(87, 'default', 10, -10, -15, 25),
(88, 'stone', 10, 10, -25, 15),
(89, 'default', 10, 25, -25, 0),
(90, 'sheep', 10, 25, -5, -20),
(91, 'default', 11, 15, 10, -25),
(92, 'wood', 11, -5, 25, -20),
(93, 'clay', 11, -20, 25, -5),
(94, 'sheep', 11, -25, 15, 10),
(95, 'default', 11, -25, 0, 25),
(96, 'default', 11, -10, -15, 25),
(97, 'wheat', 11, 10, -25, 15),
(98, 'stone', 11, 25, -25, 0),
(99, 'default', 11, 25, -5, -20),
(100, 'default', 12, 15, 10, -25),
(101, 'default', 12, -5, 25, -20),
(102, 'stone', 12, -20, 25, -5),
(103, 'default', 12, -25, 15, 10),
(104, 'clay', 12, -25, 0, 25),
(105, 'wood', 12, -10, -15, 25),
(106, 'sheep', 12, 10, -25, 15),
(107, 'wheat', 12, 25, -25, 0),
(108, 'default', 12, 25, -5, -20),
(109, 'default', 13, 15, 10, -25),
(110, 'clay', 13, -5, 25, -20),
(111, 'default', 13, -20, 25, -5),
(112, 'wood', 13, -25, 15, 10),
(113, 'default', 13, -25, 0, 25),
(114, 'stone', 13, -10, -15, 25),
(115, 'sheep', 13, 10, -25, 15),
(116, 'wheat', 13, 25, -25, 0),
(117, 'default', 13, 25, -5, -20),
(118, 'wheat', 14, 15, 10, -25),
(119, 'default', 14, -5, 25, -20),
(120, 'default', 14, -20, 25, -5),
(121, 'stone', 14, -25, 15, 10),
(122, 'sheep', 14, -25, 0, 25),
(123, 'default', 14, -10, -15, 25),
(124, 'wood', 14, 10, -25, 15),
(125, 'default', 14, 25, -25, 0),
(126, 'clay', 14, 25, -5, -20),
(127, 'default', 15, 15, 10, -25),
(128, 'wood', 15, -5, 25, -20),
(129, 'clay', 15, -20, 25, -5),
(130, 'stone', 15, -25, 15, 10),
(131, 'wheat', 15, -25, 0, 25),
(132, 'default', 15, -10, -15, 25),
(133, 'default', 15, 10, -25, 15),
(134, 'default', 15, 25, -25, 0),
(135, 'sheep', 15, 25, -5, -20),
(136, 'default', 16, 15, 10, -25),
(137, 'stone', 16, -5, 25, -20),
(138, 'wood', 16, -20, 25, -5),
(139, 'default', 16, -25, 15, 10),
(140, 'sheep', 16, -25, 0, 25),
(141, 'clay', 16, -10, -15, 25),
(142, 'default', 16, 10, -25, 15),
(143, 'default', 16, 25, -25, 0),
(144, 'wheat', 16, 25, -5, -20),
(145, 'sheep', 17, 15, 10, -25),
(146, 'default', 17, -5, 25, -20),
(147, 'default', 17, -20, 25, -5),
(148, 'default', 17, -25, 15, 10),
(149, 'wheat', 17, -25, 0, 25),
(150, 'stone', 17, -10, -15, 25),
(151, 'wood', 17, 10, -25, 15),
(152, 'clay', 17, 25, -25, 0),
(153, 'default', 17, 25, -5, -20),
(154, 'default', 18, 15, 10, -25),
(155, 'wheat', 18, -5, 25, -20),
(156, 'wood', 18, -20, 25, -5),
(157, 'default', 18, -25, 15, 10),
(158, 'clay', 18, -25, 0, 25),
(159, 'sheep', 18, -10, -15, 25),
(160, 'stone', 18, 10, -25, 15),
(161, 'default', 18, 25, -25, 0),
(162, 'default', 18, 25, -5, -20),
(163, 'wheat', 19, 15, 10, -25),
(164, 'default', 19, -5, 25, -20),
(165, 'clay', 19, -20, 25, -5),
(166, 'stone', 19, -25, 15, 10),
(167, 'default', 19, -25, 0, 25),
(168, 'default', 19, -10, -15, 25),
(169, 'sheep', 19, 10, -25, 15),
(170, 'default', 19, 25, -25, 0),
(171, 'wood', 19, 25, -5, -20);

-- --------------------------------------------------------

--
-- Struktura tabeli dla tabeli `roads`
--

CREATE TABLE IF NOT EXISTS `roads` (
  `id` int(11) NOT NULL AUTO_INCREMENT,
  `board_id` int(11) NOT NULL,
  `x` int(11) NOT NULL,
  `y` int(11) NOT NULL,
  `z` int(11) NOT NULL,
  PRIMARY KEY (`id`)
) ENGINE=InnoDB  DEFAULT CHARSET=utf8 COLLATE=utf8_bin AUTO_INCREMENT=1369 ;

--
-- Zrzut danych tabeli `roads`
--

INSERT INTO `roads` (`id`, `board_id`, `x`, `y`, `z`) VALUES
(1, 1, -20, -5, 25),
(2, 1, -20, 5, 15),
(3, 1, -20, 15, 5),
(4, 1, -20, 25, -5),
(5, 1, -10, -15, 25),
(6, 1, -10, -5, 15),
(7, 1, -10, 5, 5),
(8, 1, -10, 15, -5),
(9, 1, -10, 25, -15),
(10, 1, 0, -25, 25),
(11, 1, 0, -15, 15),
(12, 1, 0, -5, 5),
(13, 1, 0, 5, -5),
(14, 1, 0, 15, -15),
(15, 1, 0, 25, -25),
(16, 1, 10, -25, 15),
(17, 1, 10, -15, 5),
(18, 1, 10, -5, -5),
(19, 1, 10, 5, -15),
(20, 1, 10, 15, -25),
(21, 1, 20, -25, 5),
(22, 1, 20, -15, -5),
(23, 1, 20, -5, -15),
(24, 1, 20, 5, -25),
(25, 1, 25, -5, -20),
(26, 1, 15, 5, -20),
(27, 1, 5, 15, -20),
(28, 1, -5, 25, -20),
(29, 1, 25, -15, -10),
(30, 1, 15, -5, -10),
(31, 1, 5, 5, -10),
(32, 1, -5, 15, -10),
(33, 1, -15, 25, -10),
(34, 1, 25, -25, 0),
(35, 1, 15, -15, 0),
(36, 1, 5, -5, 0),
(37, 1, -5, 5, 0),
(38, 1, -15, 15, 0),
(39, 1, -25, 25, 0),
(40, 1, 15, -25, 10),
(41, 1, 5, -15, 10),
(42, 1, -5, -5, 10),
(43, 1, -15, 5, 10),
(44, 1, -25, 15, 10),
(45, 1, 5, -25, 20),
(46, 1, -5, -15, 20),
(47, 1, -15, -5, 20),
(48, 1, -25, 5, 20),
(49, 1, -5, -20, 25),
(50, 1, 5, -20, 15),
(51, 1, 15, -20, 5),
(52, 1, 25, -20, -5),
(53, 1, -15, -10, 25),
(54, 1, -5, -10, 15),
(55, 1, 5, -10, 5),
(56, 1, 15, -10, -5),
(57, 1, 25, -10, -15),
(58, 1, -25, 0, 25),
(59, 1, -15, 0, 15),
(60, 1, -5, 0, 5),
(61, 1, 5, 0, -5),
(62, 1, 15, 0, -15),
(63, 1, 25, 0, -25),
(64, 1, -25, 10, 15),
(65, 1, -15, 10, 5),
(66, 1, -5, 10, -5),
(67, 1, 5, 10, -15),
(68, 1, 15, 10, -25),
(69, 1, -25, 20, 5),
(70, 1, -15, 20, -5),
(71, 1, -5, 20, -15),
(72, 1, 5, 20, -25),
(73, 2, -20, -5, 25),
(74, 2, -20, 5, 15),
(75, 2, -20, 15, 5),
(76, 2, -20, 25, -5),
(77, 2, -10, -15, 25),
(78, 2, -10, -5, 15),
(79, 2, -10, 5, 5),
(80, 2, -10, 15, -5),
(81, 2, -10, 25, -15),
(82, 2, 0, -25, 25),
(83, 2, 0, -15, 15),
(84, 2, 0, -5, 5),
(85, 2, 0, 5, -5),
(86, 2, 0, 15, -15),
(87, 2, 0, 25, -25),
(88, 2, 10, -25, 15),
(89, 2, 10, -15, 5),
(90, 2, 10, -5, -5),
(91, 2, 10, 5, -15),
(92, 2, 10, 15, -25),
(93, 2, 20, -25, 5),
(94, 2, 20, -15, -5),
(95, 2, 20, -5, -15),
(96, 2, 20, 5, -25),
(97, 2, 25, -5, -20),
(98, 2, 15, 5, -20),
(99, 2, 5, 15, -20),
(100, 2, -5, 25, -20),
(101, 2, 25, -15, -10),
(102, 2, 15, -5, -10),
(103, 2, 5, 5, -10),
(104, 2, -5, 15, -10),
(105, 2, -15, 25, -10),
(106, 2, 25, -25, 0),
(107, 2, 15, -15, 0),
(108, 2, 5, -5, 0),
(109, 2, -5, 5, 0),
(110, 2, -15, 15, 0),
(111, 2, -25, 25, 0),
(112, 2, 15, -25, 10),
(113, 2, 5, -15, 10),
(114, 2, -5, -5, 10),
(115, 2, -15, 5, 10),
(116, 2, -25, 15, 10),
(117, 2, 5, -25, 20),
(118, 2, -5, -15, 20),
(119, 2, -15, -5, 20),
(120, 2, -25, 5, 20),
(121, 2, -5, -20, 25),
(122, 2, 5, -20, 15),
(123, 2, 15, -20, 5),
(124, 2, 25, -20, -5),
(125, 2, -15, -10, 25),
(126, 2, -5, -10, 15),
(127, 2, 5, -10, 5),
(128, 2, 15, -10, -5),
(129, 2, 25, -10, -15),
(130, 2, -25, 0, 25),
(131, 2, -15, 0, 15),
(132, 2, -5, 0, 5),
(133, 2, 5, 0, -5),
(134, 2, 15, 0, -15),
(135, 2, 25, 0, -25),
(136, 2, -25, 10, 15),
(137, 2, -15, 10, 5),
(138, 2, -5, 10, -5),
(139, 2, 5, 10, -15),
(140, 2, 15, 10, -25),
(141, 2, -25, 20, 5),
(142, 2, -15, 20, -5),
(143, 2, -5, 20, -15),
(144, 2, 5, 20, -25),
(145, 3, -20, -5, 25),
(146, 3, -20, 5, 15),
(147, 3, -20, 15, 5),
(148, 3, -20, 25, -5),
(149, 3, -10, -15, 25),
(150, 3, -10, -5, 15),
(151, 3, -10, 5, 5),
(152, 3, -10, 15, -5),
(153, 3, -10, 25, -15),
(154, 3, 0, -25, 25),
(155, 3, 0, -15, 15),
(156, 3, 0, -5, 5),
(157, 3, 0, 5, -5),
(158, 3, 0, 15, -15),
(159, 3, 0, 25, -25),
(160, 3, 10, -25, 15),
(161, 3, 10, -15, 5),
(162, 3, 10, -5, -5),
(163, 3, 10, 5, -15),
(164, 3, 10, 15, -25),
(165, 3, 20, -25, 5),
(166, 3, 20, -15, -5),
(167, 3, 20, -5, -15),
(168, 3, 20, 5, -25),
(169, 3, 25, -5, -20),
(170, 3, 15, 5, -20),
(171, 3, 5, 15, -20),
(172, 3, -5, 25, -20),
(173, 3, 25, -15, -10),
(174, 3, 15, -5, -10),
(175, 3, 5, 5, -10),
(176, 3, -5, 15, -10),
(177, 3, -15, 25, -10),
(178, 3, 25, -25, 0),
(179, 3, 15, -15, 0),
(180, 3, 5, -5, 0),
(181, 3, -5, 5, 0),
(182, 3, -15, 15, 0),
(183, 3, -25, 25, 0),
(184, 3, 15, -25, 10),
(185, 3, 5, -15, 10),
(186, 3, -5, -5, 10),
(187, 3, -15, 5, 10),
(188, 3, -25, 15, 10),
(189, 3, 5, -25, 20),
(190, 3, -5, -15, 20),
(191, 3, -15, -5, 20),
(192, 3, -25, 5, 20),
(193, 3, -5, -20, 25),
(194, 3, 5, -20, 15),
(195, 3, 15, -20, 5),
(196, 3, 25, -20, -5),
(197, 3, -15, -10, 25),
(198, 3, -5, -10, 15),
(199, 3, 5, -10, 5),
(200, 3, 15, -10, -5),
(201, 3, 25, -10, -15),
(202, 3, -25, 0, 25),
(203, 3, -15, 0, 15),
(204, 3, -5, 0, 5),
(205, 3, 5, 0, -5),
(206, 3, 15, 0, -15),
(207, 3, 25, 0, -25),
(208, 3, -25, 10, 15),
(209, 3, -15, 10, 5),
(210, 3, -5, 10, -5),
(211, 3, 5, 10, -15),
(212, 3, 15, 10, -25),
(213, 3, -25, 20, 5),
(214, 3, -15, 20, -5),
(215, 3, -5, 20, -15),
(216, 3, 5, 20, -25),
(217, 4, -20, -5, 25),
(218, 4, -20, 5, 15),
(219, 4, -20, 15, 5),
(220, 4, -20, 25, -5),
(221, 4, -10, -15, 25),
(222, 4, -10, -5, 15),
(223, 4, -10, 5, 5),
(224, 4, -10, 15, -5),
(225, 4, -10, 25, -15),
(226, 4, 0, -25, 25),
(227, 4, 0, -15, 15),
(228, 4, 0, -5, 5),
(229, 4, 0, 5, -5),
(230, 4, 0, 15, -15),
(231, 4, 0, 25, -25),
(232, 4, 10, -25, 15),
(233, 4, 10, -15, 5),
(234, 4, 10, -5, -5),
(235, 4, 10, 5, -15),
(236, 4, 10, 15, -25),
(237, 4, 20, -25, 5),
(238, 4, 20, -15, -5),
(239, 4, 20, -5, -15),
(240, 4, 20, 5, -25),
(241, 4, 25, -5, -20),
(242, 4, 15, 5, -20),
(243, 4, 5, 15, -20),
(244, 4, -5, 25, -20),
(245, 4, 25, -15, -10),
(246, 4, 15, -5, -10),
(247, 4, 5, 5, -10),
(248, 4, -5, 15, -10),
(249, 4, -15, 25, -10),
(250, 4, 25, -25, 0),
(251, 4, 15, -15, 0),
(252, 4, 5, -5, 0),
(253, 4, -5, 5, 0),
(254, 4, -15, 15, 0),
(255, 4, -25, 25, 0),
(256, 4, 15, -25, 10),
(257, 4, 5, -15, 10),
(258, 4, -5, -5, 10),
(259, 4, -15, 5, 10),
(260, 4, -25, 15, 10),
(261, 4, 5, -25, 20),
(262, 4, -5, -15, 20),
(263, 4, -15, -5, 20),
(264, 4, -25, 5, 20),
(265, 4, -5, -20, 25),
(266, 4, 5, -20, 15),
(267, 4, 15, -20, 5),
(268, 4, 25, -20, -5),
(269, 4, -15, -10, 25),
(270, 4, -5, -10, 15),
(271, 4, 5, -10, 5),
(272, 4, 15, -10, -5),
(273, 4, 25, -10, -15),
(274, 4, -25, 0, 25),
(275, 4, -15, 0, 15),
(276, 4, -5, 0, 5),
(277, 4, 5, 0, -5),
(278, 4, 15, 0, -15),
(279, 4, 25, 0, -25),
(280, 4, -25, 10, 15),
(281, 4, -15, 10, 5),
(282, 4, -5, 10, -5),
(283, 4, 5, 10, -15),
(284, 4, 15, 10, -25),
(285, 4, -25, 20, 5),
(286, 4, -15, 20, -5),
(287, 4, -5, 20, -15),
(288, 4, 5, 20, -25),
(289, 5, -20, -5, 25),
(290, 5, -20, 5, 15),
(291, 5, -20, 15, 5),
(292, 5, -20, 25, -5),
(293, 5, -10, -15, 25),
(294, 5, -10, -5, 15),
(295, 5, -10, 5, 5),
(296, 5, -10, 15, -5),
(297, 5, -10, 25, -15),
(298, 5, 0, -25, 25),
(299, 5, 0, -15, 15),
(300, 5, 0, -5, 5),
(301, 5, 0, 5, -5),
(302, 5, 0, 15, -15),
(303, 5, 0, 25, -25),
(304, 5, 10, -25, 15),
(305, 5, 10, -15, 5),
(306, 5, 10, -5, -5),
(307, 5, 10, 5, -15),
(308, 5, 10, 15, -25),
(309, 5, 20, -25, 5),
(310, 5, 20, -15, -5),
(311, 5, 20, -5, -15),
(312, 5, 20, 5, -25),
(313, 5, 25, -5, -20),
(314, 5, 15, 5, -20),
(315, 5, 5, 15, -20),
(316, 5, -5, 25, -20),
(317, 5, 25, -15, -10),
(318, 5, 15, -5, -10),
(319, 5, 5, 5, -10),
(320, 5, -5, 15, -10),
(321, 5, -15, 25, -10),
(322, 5, 25, -25, 0),
(323, 5, 15, -15, 0),
(324, 5, 5, -5, 0),
(325, 5, -5, 5, 0),
(326, 5, -15, 15, 0),
(327, 5, -25, 25, 0),
(328, 5, 15, -25, 10),
(329, 5, 5, -15, 10),
(330, 5, -5, -5, 10),
(331, 5, -15, 5, 10),
(332, 5, -25, 15, 10),
(333, 5, 5, -25, 20),
(334, 5, -5, -15, 20),
(335, 5, -15, -5, 20),
(336, 5, -25, 5, 20),
(337, 5, -5, -20, 25),
(338, 5, 5, -20, 15),
(339, 5, 15, -20, 5),
(340, 5, 25, -20, -5),
(341, 5, -15, -10, 25),
(342, 5, -5, -10, 15),
(343, 5, 5, -10, 5),
(344, 5, 15, -10, -5),
(345, 5, 25, -10, -15),
(346, 5, -25, 0, 25),
(347, 5, -15, 0, 15),
(348, 5, -5, 0, 5),
(349, 5, 5, 0, -5),
(350, 5, 15, 0, -15),
(351, 5, 25, 0, -25),
(352, 5, -25, 10, 15),
(353, 5, -15, 10, 5),
(354, 5, -5, 10, -5),
(355, 5, 5, 10, -15),
(356, 5, 15, 10, -25),
(357, 5, -25, 20, 5),
(358, 5, -15, 20, -5),
(359, 5, -5, 20, -15),
(360, 5, 5, 20, -25),
(361, 6, -20, -5, 25),
(362, 6, -20, 5, 15),
(363, 6, -20, 15, 5),
(364, 6, -20, 25, -5),
(365, 6, -10, -15, 25),
(366, 6, -10, -5, 15),
(367, 6, -10, 5, 5),
(368, 6, -10, 15, -5),
(369, 6, -10, 25, -15),
(370, 6, 0, -25, 25),
(371, 6, 0, -15, 15),
(372, 6, 0, -5, 5),
(373, 6, 0, 5, -5),
(374, 6, 0, 15, -15),
(375, 6, 0, 25, -25),
(376, 6, 10, -25, 15),
(377, 6, 10, -15, 5),
(378, 6, 10, -5, -5),
(379, 6, 10, 5, -15),
(380, 6, 10, 15, -25),
(381, 6, 20, -25, 5),
(382, 6, 20, -15, -5),
(383, 6, 20, -5, -15),
(384, 6, 20, 5, -25),
(385, 6, 25, -5, -20),
(386, 6, 15, 5, -20),
(387, 6, 5, 15, -20),
(388, 6, -5, 25, -20),
(389, 6, 25, -15, -10),
(390, 6, 15, -5, -10),
(391, 6, 5, 5, -10),
(392, 6, -5, 15, -10),
(393, 6, -15, 25, -10),
(394, 6, 25, -25, 0),
(395, 6, 15, -15, 0),
(396, 6, 5, -5, 0),
(397, 6, -5, 5, 0),
(398, 6, -15, 15, 0),
(399, 6, -25, 25, 0),
(400, 6, 15, -25, 10),
(401, 6, 5, -15, 10),
(402, 6, -5, -5, 10),
(403, 6, -15, 5, 10),
(404, 6, -25, 15, 10),
(405, 6, 5, -25, 20),
(406, 6, -5, -15, 20),
(407, 6, -15, -5, 20),
(408, 6, -25, 5, 20),
(409, 6, -5, -20, 25),
(410, 6, 5, -20, 15),
(411, 6, 15, -20, 5),
(412, 6, 25, -20, -5),
(413, 6, -15, -10, 25),
(414, 6, -5, -10, 15),
(415, 6, 5, -10, 5),
(416, 6, 15, -10, -5),
(417, 6, 25, -10, -15),
(418, 6, -25, 0, 25),
(419, 6, -15, 0, 15),
(420, 6, -5, 0, 5),
(421, 6, 5, 0, -5),
(422, 6, 15, 0, -15),
(423, 6, 25, 0, -25),
(424, 6, -25, 10, 15),
(425, 6, -15, 10, 5),
(426, 6, -5, 10, -5),
(427, 6, 5, 10, -15),
(428, 6, 15, 10, -25),
(429, 6, -25, 20, 5),
(430, 6, -15, 20, -5),
(431, 6, -5, 20, -15),
(432, 6, 5, 20, -25),
(433, 7, -20, -5, 25),
(434, 7, -20, 5, 15),
(435, 7, -20, 15, 5),
(436, 7, -20, 25, -5),
(437, 7, -10, -15, 25),
(438, 7, -10, -5, 15),
(439, 7, -10, 5, 5),
(440, 7, -10, 15, -5),
(441, 7, -10, 25, -15),
(442, 7, 0, -25, 25),
(443, 7, 0, -15, 15),
(444, 7, 0, -5, 5),
(445, 7, 0, 5, -5),
(446, 7, 0, 15, -15),
(447, 7, 0, 25, -25),
(448, 7, 10, -25, 15),
(449, 7, 10, -15, 5),
(450, 7, 10, -5, -5),
(451, 7, 10, 5, -15),
(452, 7, 10, 15, -25),
(453, 7, 20, -25, 5),
(454, 7, 20, -15, -5),
(455, 7, 20, -5, -15),
(456, 7, 20, 5, -25),
(457, 7, 25, -5, -20),
(458, 7, 15, 5, -20),
(459, 7, 5, 15, -20),
(460, 7, -5, 25, -20),
(461, 7, 25, -15, -10),
(462, 7, 15, -5, -10),
(463, 7, 5, 5, -10),
(464, 7, -5, 15, -10),
(465, 7, -15, 25, -10),
(466, 7, 25, -25, 0),
(467, 7, 15, -15, 0),
(468, 7, 5, -5, 0),
(469, 7, -5, 5, 0),
(470, 7, -15, 15, 0),
(471, 7, -25, 25, 0),
(472, 7, 15, -25, 10),
(473, 7, 5, -15, 10),
(474, 7, -5, -5, 10),
(475, 7, -15, 5, 10),
(476, 7, -25, 15, 10),
(477, 7, 5, -25, 20),
(478, 7, -5, -15, 20),
(479, 7, -15, -5, 20),
(480, 7, -25, 5, 20),
(481, 7, -5, -20, 25),
(482, 7, 5, -20, 15),
(483, 7, 15, -20, 5),
(484, 7, 25, -20, -5),
(485, 7, -15, -10, 25),
(486, 7, -5, -10, 15),
(487, 7, 5, -10, 5),
(488, 7, 15, -10, -5),
(489, 7, 25, -10, -15),
(490, 7, -25, 0, 25),
(491, 7, -15, 0, 15),
(492, 7, -5, 0, 5),
(493, 7, 5, 0, -5),
(494, 7, 15, 0, -15),
(495, 7, 25, 0, -25),
(496, 7, -25, 10, 15),
(497, 7, -15, 10, 5),
(498, 7, -5, 10, -5),
(499, 7, 5, 10, -15),
(500, 7, 15, 10, -25),
(501, 7, -25, 20, 5),
(502, 7, -15, 20, -5),
(503, 7, -5, 20, -15),
(504, 7, 5, 20, -25),
(505, 8, -20, -5, 25),
(506, 8, -20, 5, 15),
(507, 8, -20, 15, 5),
(508, 8, -20, 25, -5),
(509, 8, -10, -15, 25),
(510, 8, -10, -5, 15),
(511, 8, -10, 5, 5),
(512, 8, -10, 15, -5),
(513, 8, -10, 25, -15),
(514, 8, 0, -25, 25),
(515, 8, 0, -15, 15),
(516, 8, 0, -5, 5),
(517, 8, 0, 5, -5),
(518, 8, 0, 15, -15),
(519, 8, 0, 25, -25),
(520, 8, 10, -25, 15),
(521, 8, 10, -15, 5),
(522, 8, 10, -5, -5),
(523, 8, 10, 5, -15),
(524, 8, 10, 15, -25),
(525, 8, 20, -25, 5),
(526, 8, 20, -15, -5),
(527, 8, 20, -5, -15),
(528, 8, 20, 5, -25),
(529, 8, 25, -5, -20),
(530, 8, 15, 5, -20),
(531, 8, 5, 15, -20),
(532, 8, -5, 25, -20),
(533, 8, 25, -15, -10),
(534, 8, 15, -5, -10),
(535, 8, 5, 5, -10),
(536, 8, -5, 15, -10),
(537, 8, -15, 25, -10),
(538, 8, 25, -25, 0),
(539, 8, 15, -15, 0),
(540, 8, 5, -5, 0),
(541, 8, -5, 5, 0),
(542, 8, -15, 15, 0),
(543, 8, -25, 25, 0),
(544, 8, 15, -25, 10),
(545, 8, 5, -15, 10),
(546, 8, -5, -5, 10),
(547, 8, -15, 5, 10),
(548, 8, -25, 15, 10),
(549, 8, 5, -25, 20),
(550, 8, -5, -15, 20),
(551, 8, -15, -5, 20),
(552, 8, -25, 5, 20),
(553, 8, -5, -20, 25),
(554, 8, 5, -20, 15),
(555, 8, 15, -20, 5),
(556, 8, 25, -20, -5),
(557, 8, -15, -10, 25),
(558, 8, -5, -10, 15),
(559, 8, 5, -10, 5),
(560, 8, 15, -10, -5),
(561, 8, 25, -10, -15),
(562, 8, -25, 0, 25),
(563, 8, -15, 0, 15),
(564, 8, -5, 0, 5),
(565, 8, 5, 0, -5),
(566, 8, 15, 0, -15),
(567, 8, 25, 0, -25),
(568, 8, -25, 10, 15),
(569, 8, -15, 10, 5),
(570, 8, -5, 10, -5),
(571, 8, 5, 10, -15),
(572, 8, 15, 10, -25),
(573, 8, -25, 20, 5),
(574, 8, -15, 20, -5),
(575, 8, -5, 20, -15),
(576, 8, 5, 20, -25),
(577, 9, -20, -5, 25),
(578, 9, -20, 5, 15),
(579, 9, -20, 15, 5),
(580, 9, -20, 25, -5),
(581, 9, -10, -15, 25),
(582, 9, -10, -5, 15),
(583, 9, -10, 5, 5),
(584, 9, -10, 15, -5),
(585, 9, -10, 25, -15),
(586, 9, 0, -25, 25),
(587, 9, 0, -15, 15),
(588, 9, 0, -5, 5),
(589, 9, 0, 5, -5),
(590, 9, 0, 15, -15),
(591, 9, 0, 25, -25),
(592, 9, 10, -25, 15),
(593, 9, 10, -15, 5),
(594, 9, 10, -5, -5),
(595, 9, 10, 5, -15),
(596, 9, 10, 15, -25),
(597, 9, 20, -25, 5),
(598, 9, 20, -15, -5),
(599, 9, 20, -5, -15),
(600, 9, 20, 5, -25),
(601, 9, 25, -5, -20),
(602, 9, 15, 5, -20),
(603, 9, 5, 15, -20),
(604, 9, -5, 25, -20),
(605, 9, 25, -15, -10),
(606, 9, 15, -5, -10),
(607, 9, 5, 5, -10),
(608, 9, -5, 15, -10),
(609, 9, -15, 25, -10),
(610, 9, 25, -25, 0),
(611, 9, 15, -15, 0),
(612, 9, 5, -5, 0),
(613, 9, -5, 5, 0),
(614, 9, -15, 15, 0),
(615, 9, -25, 25, 0),
(616, 9, 15, -25, 10),
(617, 9, 5, -15, 10),
(618, 9, -5, -5, 10),
(619, 9, -15, 5, 10),
(620, 9, -25, 15, 10),
(621, 9, 5, -25, 20),
(622, 9, -5, -15, 20),
(623, 9, -15, -5, 20),
(624, 9, -25, 5, 20),
(625, 9, -5, -20, 25),
(626, 9, 5, -20, 15),
(627, 9, 15, -20, 5),
(628, 9, 25, -20, -5),
(629, 9, -15, -10, 25),
(630, 9, -5, -10, 15),
(631, 9, 5, -10, 5),
(632, 9, 15, -10, -5),
(633, 9, 25, -10, -15),
(634, 9, -25, 0, 25),
(635, 9, -15, 0, 15),
(636, 9, -5, 0, 5),
(637, 9, 5, 0, -5),
(638, 9, 15, 0, -15),
(639, 9, 25, 0, -25),
(640, 9, -25, 10, 15),
(641, 9, -15, 10, 5),
(642, 9, -5, 10, -5),
(643, 9, 5, 10, -15),
(644, 9, 15, 10, -25),
(645, 9, -25, 20, 5),
(646, 9, -15, 20, -5),
(647, 9, -5, 20, -15),
(648, 9, 5, 20, -25),
(649, 10, -20, -5, 25),
(650, 10, -20, 5, 15),
(651, 10, -20, 15, 5),
(652, 10, -20, 25, -5),
(653, 10, -10, -15, 25),
(654, 10, -10, -5, 15),
(655, 10, -10, 5, 5),
(656, 10, -10, 15, -5),
(657, 10, -10, 25, -15),
(658, 10, 0, -25, 25),
(659, 10, 0, -15, 15),
(660, 10, 0, -5, 5),
(661, 10, 0, 5, -5),
(662, 10, 0, 15, -15),
(663, 10, 0, 25, -25),
(664, 10, 10, -25, 15),
(665, 10, 10, -15, 5),
(666, 10, 10, -5, -5),
(667, 10, 10, 5, -15),
(668, 10, 10, 15, -25),
(669, 10, 20, -25, 5),
(670, 10, 20, -15, -5),
(671, 10, 20, -5, -15),
(672, 10, 20, 5, -25),
(673, 10, 25, -5, -20),
(674, 10, 15, 5, -20),
(675, 10, 5, 15, -20),
(676, 10, -5, 25, -20),
(677, 10, 25, -15, -10),
(678, 10, 15, -5, -10),
(679, 10, 5, 5, -10),
(680, 10, -5, 15, -10),
(681, 10, -15, 25, -10),
(682, 10, 25, -25, 0),
(683, 10, 15, -15, 0),
(684, 10, 5, -5, 0),
(685, 10, -5, 5, 0),
(686, 10, -15, 15, 0),
(687, 10, -25, 25, 0),
(688, 10, 15, -25, 10),
(689, 10, 5, -15, 10),
(690, 10, -5, -5, 10),
(691, 10, -15, 5, 10),
(692, 10, -25, 15, 10),
(693, 10, 5, -25, 20),
(694, 10, -5, -15, 20),
(695, 10, -15, -5, 20),
(696, 10, -25, 5, 20),
(697, 10, -5, -20, 25),
(698, 10, 5, -20, 15),
(699, 10, 15, -20, 5),
(700, 10, 25, -20, -5),
(701, 10, -15, -10, 25),
(702, 10, -5, -10, 15),
(703, 10, 5, -10, 5),
(704, 10, 15, -10, -5),
(705, 10, 25, -10, -15),
(706, 10, -25, 0, 25),
(707, 10, -15, 0, 15),
(708, 10, -5, 0, 5),
(709, 10, 5, 0, -5),
(710, 10, 15, 0, -15),
(711, 10, 25, 0, -25),
(712, 10, -25, 10, 15),
(713, 10, -15, 10, 5),
(714, 10, -5, 10, -5),
(715, 10, 5, 10, -15),
(716, 10, 15, 10, -25),
(717, 10, -25, 20, 5),
(718, 10, -15, 20, -5),
(719, 10, -5, 20, -15),
(720, 10, 5, 20, -25),
(721, 11, -20, -5, 25),
(722, 11, -20, 5, 15),
(723, 11, -20, 15, 5),
(724, 11, -20, 25, -5),
(725, 11, -10, -15, 25),
(726, 11, -10, -5, 15),
(727, 11, -10, 5, 5),
(728, 11, -10, 15, -5),
(729, 11, -10, 25, -15),
(730, 11, 0, -25, 25),
(731, 11, 0, -15, 15),
(732, 11, 0, -5, 5),
(733, 11, 0, 5, -5),
(734, 11, 0, 15, -15),
(735, 11, 0, 25, -25),
(736, 11, 10, -25, 15),
(737, 11, 10, -15, 5),
(738, 11, 10, -5, -5),
(739, 11, 10, 5, -15),
(740, 11, 10, 15, -25),
(741, 11, 20, -25, 5),
(742, 11, 20, -15, -5),
(743, 11, 20, -5, -15),
(744, 11, 20, 5, -25),
(745, 11, 25, -5, -20),
(746, 11, 15, 5, -20),
(747, 11, 5, 15, -20),
(748, 11, -5, 25, -20),
(749, 11, 25, -15, -10),
(750, 11, 15, -5, -10),
(751, 11, 5, 5, -10),
(752, 11, -5, 15, -10),
(753, 11, -15, 25, -10),
(754, 11, 25, -25, 0),
(755, 11, 15, -15, 0),
(756, 11, 5, -5, 0),
(757, 11, -5, 5, 0),
(758, 11, -15, 15, 0),
(759, 11, -25, 25, 0),
(760, 11, 15, -25, 10),
(761, 11, 5, -15, 10),
(762, 11, -5, -5, 10),
(763, 11, -15, 5, 10),
(764, 11, -25, 15, 10),
(765, 11, 5, -25, 20),
(766, 11, -5, -15, 20),
(767, 11, -15, -5, 20),
(768, 11, -25, 5, 20),
(769, 11, -5, -20, 25),
(770, 11, 5, -20, 15),
(771, 11, 15, -20, 5),
(772, 11, 25, -20, -5),
(773, 11, -15, -10, 25),
(774, 11, -5, -10, 15),
(775, 11, 5, -10, 5),
(776, 11, 15, -10, -5),
(777, 11, 25, -10, -15),
(778, 11, -25, 0, 25),
(779, 11, -15, 0, 15),
(780, 11, -5, 0, 5),
(781, 11, 5, 0, -5),
(782, 11, 15, 0, -15),
(783, 11, 25, 0, -25),
(784, 11, -25, 10, 15),
(785, 11, -15, 10, 5),
(786, 11, -5, 10, -5),
(787, 11, 5, 10, -15),
(788, 11, 15, 10, -25),
(789, 11, -25, 20, 5),
(790, 11, -15, 20, -5),
(791, 11, -5, 20, -15),
(792, 11, 5, 20, -25),
(793, 12, -20, -5, 25),
(794, 12, -20, 5, 15),
(795, 12, -20, 15, 5),
(796, 12, -20, 25, -5),
(797, 12, -10, -15, 25),
(798, 12, -10, -5, 15),
(799, 12, -10, 5, 5),
(800, 12, -10, 15, -5),
(801, 12, -10, 25, -15),
(802, 12, 0, -25, 25),
(803, 12, 0, -15, 15),
(804, 12, 0, -5, 5),
(805, 12, 0, 5, -5),
(806, 12, 0, 15, -15),
(807, 12, 0, 25, -25),
(808, 12, 10, -25, 15),
(809, 12, 10, -15, 5),
(810, 12, 10, -5, -5),
(811, 12, 10, 5, -15),
(812, 12, 10, 15, -25),
(813, 12, 20, -25, 5),
(814, 12, 20, -15, -5),
(815, 12, 20, -5, -15),
(816, 12, 20, 5, -25),
(817, 12, 25, -5, -20),
(818, 12, 15, 5, -20),
(819, 12, 5, 15, -20),
(820, 12, -5, 25, -20),
(821, 12, 25, -15, -10),
(822, 12, 15, -5, -10),
(823, 12, 5, 5, -10),
(824, 12, -5, 15, -10),
(825, 12, -15, 25, -10),
(826, 12, 25, -25, 0),
(827, 12, 15, -15, 0),
(828, 12, 5, -5, 0),
(829, 12, -5, 5, 0),
(830, 12, -15, 15, 0),
(831, 12, -25, 25, 0),
(832, 12, 15, -25, 10),
(833, 12, 5, -15, 10),
(834, 12, -5, -5, 10),
(835, 12, -15, 5, 10),
(836, 12, -25, 15, 10),
(837, 12, 5, -25, 20),
(838, 12, -5, -15, 20),
(839, 12, -15, -5, 20),
(840, 12, -25, 5, 20),
(841, 12, -5, -20, 25),
(842, 12, 5, -20, 15),
(843, 12, 15, -20, 5),
(844, 12, 25, -20, -5),
(845, 12, -15, -10, 25),
(846, 12, -5, -10, 15),
(847, 12, 5, -10, 5),
(848, 12, 15, -10, -5),
(849, 12, 25, -10, -15),
(850, 12, -25, 0, 25),
(851, 12, -15, 0, 15),
(852, 12, -5, 0, 5),
(853, 12, 5, 0, -5),
(854, 12, 15, 0, -15),
(855, 12, 25, 0, -25),
(856, 12, -25, 10, 15),
(857, 12, -15, 10, 5),
(858, 12, -5, 10, -5),
(859, 12, 5, 10, -15),
(860, 12, 15, 10, -25),
(861, 12, -25, 20, 5),
(862, 12, -15, 20, -5),
(863, 12, -5, 20, -15),
(864, 12, 5, 20, -25),
(865, 13, -20, -5, 25),
(866, 13, -20, 5, 15),
(867, 13, -20, 15, 5),
(868, 13, -20, 25, -5),
(869, 13, -10, -15, 25),
(870, 13, -10, -5, 15),
(871, 13, -10, 5, 5),
(872, 13, -10, 15, -5),
(873, 13, -10, 25, -15),
(874, 13, 0, -25, 25),
(875, 13, 0, -15, 15),
(876, 13, 0, -5, 5),
(877, 13, 0, 5, -5),
(878, 13, 0, 15, -15),
(879, 13, 0, 25, -25),
(880, 13, 10, -25, 15),
(881, 13, 10, -15, 5),
(882, 13, 10, -5, -5),
(883, 13, 10, 5, -15),
(884, 13, 10, 15, -25),
(885, 13, 20, -25, 5),
(886, 13, 20, -15, -5),
(887, 13, 20, -5, -15),
(888, 13, 20, 5, -25),
(889, 13, 25, -5, -20),
(890, 13, 15, 5, -20),
(891, 13, 5, 15, -20),
(892, 13, -5, 25, -20),
(893, 13, 25, -15, -10),
(894, 13, 15, -5, -10),
(895, 13, 5, 5, -10),
(896, 13, -5, 15, -10),
(897, 13, -15, 25, -10),
(898, 13, 25, -25, 0),
(899, 13, 15, -15, 0),
(900, 13, 5, -5, 0),
(901, 13, -5, 5, 0),
(902, 13, -15, 15, 0),
(903, 13, -25, 25, 0),
(904, 13, 15, -25, 10),
(905, 13, 5, -15, 10),
(906, 13, -5, -5, 10),
(907, 13, -15, 5, 10),
(908, 13, -25, 15, 10),
(909, 13, 5, -25, 20),
(910, 13, -5, -15, 20),
(911, 13, -15, -5, 20),
(912, 13, -25, 5, 20),
(913, 13, -5, -20, 25),
(914, 13, 5, -20, 15),
(915, 13, 15, -20, 5),
(916, 13, 25, -20, -5),
(917, 13, -15, -10, 25),
(918, 13, -5, -10, 15),
(919, 13, 5, -10, 5),
(920, 13, 15, -10, -5),
(921, 13, 25, -10, -15),
(922, 13, -25, 0, 25),
(923, 13, -15, 0, 15),
(924, 13, -5, 0, 5),
(925, 13, 5, 0, -5),
(926, 13, 15, 0, -15),
(927, 13, 25, 0, -25),
(928, 13, -25, 10, 15),
(929, 13, -15, 10, 5),
(930, 13, -5, 10, -5),
(931, 13, 5, 10, -15),
(932, 13, 15, 10, -25),
(933, 13, -25, 20, 5),
(934, 13, -15, 20, -5),
(935, 13, -5, 20, -15),
(936, 13, 5, 20, -25),
(937, 14, -20, -5, 25),
(938, 14, -20, 5, 15),
(939, 14, -20, 15, 5),
(940, 14, -20, 25, -5),
(941, 14, -10, -15, 25),
(942, 14, -10, -5, 15),
(943, 14, -10, 5, 5),
(944, 14, -10, 15, -5),
(945, 14, -10, 25, -15),
(946, 14, 0, -25, 25),
(947, 14, 0, -15, 15),
(948, 14, 0, -5, 5),
(949, 14, 0, 5, -5),
(950, 14, 0, 15, -15),
(951, 14, 0, 25, -25),
(952, 14, 10, -25, 15),
(953, 14, 10, -15, 5),
(954, 14, 10, -5, -5),
(955, 14, 10, 5, -15),
(956, 14, 10, 15, -25),
(957, 14, 20, -25, 5),
(958, 14, 20, -15, -5),
(959, 14, 20, -5, -15),
(960, 14, 20, 5, -25),
(961, 14, 25, -5, -20),
(962, 14, 15, 5, -20),
(963, 14, 5, 15, -20),
(964, 14, -5, 25, -20),
(965, 14, 25, -15, -10),
(966, 14, 15, -5, -10),
(967, 14, 5, 5, -10),
(968, 14, -5, 15, -10),
(969, 14, -15, 25, -10),
(970, 14, 25, -25, 0),
(971, 14, 15, -15, 0),
(972, 14, 5, -5, 0),
(973, 14, -5, 5, 0),
(974, 14, -15, 15, 0),
(975, 14, -25, 25, 0),
(976, 14, 15, -25, 10),
(977, 14, 5, -15, 10),
(978, 14, -5, -5, 10),
(979, 14, -15, 5, 10),
(980, 14, -25, 15, 10),
(981, 14, 5, -25, 20),
(982, 14, -5, -15, 20),
(983, 14, -15, -5, 20),
(984, 14, -25, 5, 20),
(985, 14, -5, -20, 25),
(986, 14, 5, -20, 15),
(987, 14, 15, -20, 5),
(988, 14, 25, -20, -5),
(989, 14, -15, -10, 25),
(990, 14, -5, -10, 15),
(991, 14, 5, -10, 5),
(992, 14, 15, -10, -5),
(993, 14, 25, -10, -15),
(994, 14, -25, 0, 25),
(995, 14, -15, 0, 15),
(996, 14, -5, 0, 5),
(997, 14, 5, 0, -5),
(998, 14, 15, 0, -15),
(999, 14, 25, 0, -25),
(1000, 14, -25, 10, 15),
(1001, 14, -15, 10, 5),
(1002, 14, -5, 10, -5),
(1003, 14, 5, 10, -15),
(1004, 14, 15, 10, -25),
(1005, 14, -25, 20, 5),
(1006, 14, -15, 20, -5),
(1007, 14, -5, 20, -15),
(1008, 14, 5, 20, -25),
(1009, 15, -20, -5, 25),
(1010, 15, -20, 5, 15),
(1011, 15, -20, 15, 5),
(1012, 15, -20, 25, -5),
(1013, 15, -10, -15, 25),
(1014, 15, -10, -5, 15),
(1015, 15, -10, 5, 5),
(1016, 15, -10, 15, -5),
(1017, 15, -10, 25, -15),
(1018, 15, 0, -25, 25),
(1019, 15, 0, -15, 15),
(1020, 15, 0, -5, 5),
(1021, 15, 0, 5, -5),
(1022, 15, 0, 15, -15),
(1023, 15, 0, 25, -25),
(1024, 15, 10, -25, 15),
(1025, 15, 10, -15, 5),
(1026, 15, 10, -5, -5),
(1027, 15, 10, 5, -15),
(1028, 15, 10, 15, -25),
(1029, 15, 20, -25, 5),
(1030, 15, 20, -15, -5),
(1031, 15, 20, -5, -15),
(1032, 15, 20, 5, -25),
(1033, 15, 25, -5, -20),
(1034, 15, 15, 5, -20),
(1035, 15, 5, 15, -20),
(1036, 15, -5, 25, -20),
(1037, 15, 25, -15, -10),
(1038, 15, 15, -5, -10),
(1039, 15, 5, 5, -10),
(1040, 15, -5, 15, -10),
(1041, 15, -15, 25, -10),
(1042, 15, 25, -25, 0),
(1043, 15, 15, -15, 0),
(1044, 15, 5, -5, 0),
(1045, 15, -5, 5, 0),
(1046, 15, -15, 15, 0),
(1047, 15, -25, 25, 0),
(1048, 15, 15, -25, 10),
(1049, 15, 5, -15, 10),
(1050, 15, -5, -5, 10),
(1051, 15, -15, 5, 10),
(1052, 15, -25, 15, 10),
(1053, 15, 5, -25, 20),
(1054, 15, -5, -15, 20),
(1055, 15, -15, -5, 20),
(1056, 15, -25, 5, 20),
(1057, 15, -5, -20, 25),
(1058, 15, 5, -20, 15),
(1059, 15, 15, -20, 5),
(1060, 15, 25, -20, -5),
(1061, 15, -15, -10, 25),
(1062, 15, -5, -10, 15),
(1063, 15, 5, -10, 5),
(1064, 15, 15, -10, -5),
(1065, 15, 25, -10, -15),
(1066, 15, -25, 0, 25),
(1067, 15, -15, 0, 15),
(1068, 15, -5, 0, 5),
(1069, 15, 5, 0, -5),
(1070, 15, 15, 0, -15),
(1071, 15, 25, 0, -25),
(1072, 15, -25, 10, 15),
(1073, 15, -15, 10, 5),
(1074, 15, -5, 10, -5),
(1075, 15, 5, 10, -15),
(1076, 15, 15, 10, -25),
(1077, 15, -25, 20, 5),
(1078, 15, -15, 20, -5),
(1079, 15, -5, 20, -15),
(1080, 15, 5, 20, -25),
(1081, 16, -20, -5, 25),
(1082, 16, -20, 5, 15),
(1083, 16, -20, 15, 5),
(1084, 16, -20, 25, -5),
(1085, 16, -10, -15, 25),
(1086, 16, -10, -5, 15),
(1087, 16, -10, 5, 5),
(1088, 16, -10, 15, -5),
(1089, 16, -10, 25, -15),
(1090, 16, 0, -25, 25),
(1091, 16, 0, -15, 15),
(1092, 16, 0, -5, 5),
(1093, 16, 0, 5, -5),
(1094, 16, 0, 15, -15),
(1095, 16, 0, 25, -25),
(1096, 16, 10, -25, 15),
(1097, 16, 10, -15, 5),
(1098, 16, 10, -5, -5),
(1099, 16, 10, 5, -15),
(1100, 16, 10, 15, -25),
(1101, 16, 20, -25, 5),
(1102, 16, 20, -15, -5),
(1103, 16, 20, -5, -15),
(1104, 16, 20, 5, -25),
(1105, 16, 25, -5, -20),
(1106, 16, 15, 5, -20),
(1107, 16, 5, 15, -20),
(1108, 16, -5, 25, -20),
(1109, 16, 25, -15, -10),
(1110, 16, 15, -5, -10),
(1111, 16, 5, 5, -10),
(1112, 16, -5, 15, -10),
(1113, 16, -15, 25, -10),
(1114, 16, 25, -25, 0),
(1115, 16, 15, -15, 0),
(1116, 16, 5, -5, 0),
(1117, 16, -5, 5, 0),
(1118, 16, -15, 15, 0),
(1119, 16, -25, 25, 0),
(1120, 16, 15, -25, 10),
(1121, 16, 5, -15, 10),
(1122, 16, -5, -5, 10),
(1123, 16, -15, 5, 10),
(1124, 16, -25, 15, 10),
(1125, 16, 5, -25, 20),
(1126, 16, -5, -15, 20),
(1127, 16, -15, -5, 20),
(1128, 16, -25, 5, 20),
(1129, 16, -5, -20, 25),
(1130, 16, 5, -20, 15),
(1131, 16, 15, -20, 5),
(1132, 16, 25, -20, -5),
(1133, 16, -15, -10, 25),
(1134, 16, -5, -10, 15),
(1135, 16, 5, -10, 5),
(1136, 16, 15, -10, -5),
(1137, 16, 25, -10, -15),
(1138, 16, -25, 0, 25),
(1139, 16, -15, 0, 15),
(1140, 16, -5, 0, 5),
(1141, 16, 5, 0, -5),
(1142, 16, 15, 0, -15),
(1143, 16, 25, 0, -25),
(1144, 16, -25, 10, 15),
(1145, 16, -15, 10, 5),
(1146, 16, -5, 10, -5),
(1147, 16, 5, 10, -15),
(1148, 16, 15, 10, -25),
(1149, 16, -25, 20, 5),
(1150, 16, -15, 20, -5),
(1151, 16, -5, 20, -15),
(1152, 16, 5, 20, -25),
(1153, 17, -20, -5, 25),
(1154, 17, -20, 5, 15),
(1155, 17, -20, 15, 5),
(1156, 17, -20, 25, -5),
(1157, 17, -10, -15, 25),
(1158, 17, -10, -5, 15),
(1159, 17, -10, 5, 5),
(1160, 17, -10, 15, -5),
(1161, 17, -10, 25, -15),
(1162, 17, 0, -25, 25),
(1163, 17, 0, -15, 15),
(1164, 17, 0, -5, 5),
(1165, 17, 0, 5, -5),
(1166, 17, 0, 15, -15),
(1167, 17, 0, 25, -25),
(1168, 17, 10, -25, 15),
(1169, 17, 10, -15, 5),
(1170, 17, 10, -5, -5),
(1171, 17, 10, 5, -15),
(1172, 17, 10, 15, -25),
(1173, 17, 20, -25, 5),
(1174, 17, 20, -15, -5),
(1175, 17, 20, -5, -15),
(1176, 17, 20, 5, -25),
(1177, 17, 25, -5, -20),
(1178, 17, 15, 5, -20),
(1179, 17, 5, 15, -20),
(1180, 17, -5, 25, -20),
(1181, 17, 25, -15, -10),
(1182, 17, 15, -5, -10),
(1183, 17, 5, 5, -10),
(1184, 17, -5, 15, -10),
(1185, 17, -15, 25, -10),
(1186, 17, 25, -25, 0),
(1187, 17, 15, -15, 0),
(1188, 17, 5, -5, 0),
(1189, 17, -5, 5, 0),
(1190, 17, -15, 15, 0),
(1191, 17, -25, 25, 0),
(1192, 17, 15, -25, 10),
(1193, 17, 5, -15, 10),
(1194, 17, -5, -5, 10),
(1195, 17, -15, 5, 10),
(1196, 17, -25, 15, 10),
(1197, 17, 5, -25, 20),
(1198, 17, -5, -15, 20),
(1199, 17, -15, -5, 20),
(1200, 17, -25, 5, 20),
(1201, 17, -5, -20, 25),
(1202, 17, 5, -20, 15),
(1203, 17, 15, -20, 5),
(1204, 17, 25, -20, -5),
(1205, 17, -15, -10, 25),
(1206, 17, -5, -10, 15),
(1207, 17, 5, -10, 5),
(1208, 17, 15, -10, -5),
(1209, 17, 25, -10, -15),
(1210, 17, -25, 0, 25),
(1211, 17, -15, 0, 15),
(1212, 17, -5, 0, 5),
(1213, 17, 5, 0, -5),
(1214, 17, 15, 0, -15),
(1215, 17, 25, 0, -25),
(1216, 17, -25, 10, 15),
(1217, 17, -15, 10, 5),
(1218, 17, -5, 10, -5),
(1219, 17, 5, 10, -15),
(1220, 17, 15, 10, -25),
(1221, 17, -25, 20, 5),
(1222, 17, -15, 20, -5),
(1223, 17, -5, 20, -15),
(1224, 17, 5, 20, -25),
(1225, 18, -20, -5, 25),
(1226, 18, -20, 5, 15),
(1227, 18, -20, 15, 5),
(1228, 18, -20, 25, -5),
(1229, 18, -10, -15, 25),
(1230, 18, -10, -5, 15),
(1231, 18, -10, 5, 5),
(1232, 18, -10, 15, -5),
(1233, 18, -10, 25, -15),
(1234, 18, 0, -25, 25),
(1235, 18, 0, -15, 15),
(1236, 18, 0, -5, 5),
(1237, 18, 0, 5, -5),
(1238, 18, 0, 15, -15),
(1239, 18, 0, 25, -25),
(1240, 18, 10, -25, 15),
(1241, 18, 10, -15, 5),
(1242, 18, 10, -5, -5),
(1243, 18, 10, 5, -15),
(1244, 18, 10, 15, -25),
(1245, 18, 20, -25, 5),
(1246, 18, 20, -15, -5),
(1247, 18, 20, -5, -15),
(1248, 18, 20, 5, -25),
(1249, 18, 25, -5, -20),
(1250, 18, 15, 5, -20),
(1251, 18, 5, 15, -20),
(1252, 18, -5, 25, -20),
(1253, 18, 25, -15, -10),
(1254, 18, 15, -5, -10),
(1255, 18, 5, 5, -10),
(1256, 18, -5, 15, -10),
(1257, 18, -15, 25, -10),
(1258, 18, 25, -25, 0),
(1259, 18, 15, -15, 0),
(1260, 18, 5, -5, 0),
(1261, 18, -5, 5, 0),
(1262, 18, -15, 15, 0),
(1263, 18, -25, 25, 0),
(1264, 18, 15, -25, 10),
(1265, 18, 5, -15, 10),
(1266, 18, -5, -5, 10),
(1267, 18, -15, 5, 10),
(1268, 18, -25, 15, 10),
(1269, 18, 5, -25, 20),
(1270, 18, -5, -15, 20),
(1271, 18, -15, -5, 20),
(1272, 18, -25, 5, 20),
(1273, 18, -5, -20, 25),
(1274, 18, 5, -20, 15),
(1275, 18, 15, -20, 5),
(1276, 18, 25, -20, -5),
(1277, 18, -15, -10, 25),
(1278, 18, -5, -10, 15),
(1279, 18, 5, -10, 5),
(1280, 18, 15, -10, -5),
(1281, 18, 25, -10, -15),
(1282, 18, -25, 0, 25),
(1283, 18, -15, 0, 15),
(1284, 18, -5, 0, 5),
(1285, 18, 5, 0, -5),
(1286, 18, 15, 0, -15),
(1287, 18, 25, 0, -25),
(1288, 18, -25, 10, 15),
(1289, 18, -15, 10, 5),
(1290, 18, -5, 10, -5),
(1291, 18, 5, 10, -15),
(1292, 18, 15, 10, -25),
(1293, 18, -25, 20, 5),
(1294, 18, -15, 20, -5),
(1295, 18, -5, 20, -15),
(1296, 18, 5, 20, -25),
(1297, 19, -20, -5, 25),
(1298, 19, -20, 5, 15),
(1299, 19, -20, 15, 5),
(1300, 19, -20, 25, -5),
(1301, 19, -10, -15, 25),
(1302, 19, -10, -5, 15),
(1303, 19, -10, 5, 5),
(1304, 19, -10, 15, -5),
(1305, 19, -10, 25, -15),
(1306, 19, 0, -25, 25),
(1307, 19, 0, -15, 15),
(1308, 19, 0, -5, 5),
(1309, 19, 0, 5, -5),
(1310, 19, 0, 15, -15),
(1311, 19, 0, 25, -25),
(1312, 19, 10, -25, 15),
(1313, 19, 10, -15, 5),
(1314, 19, 10, -5, -5),
(1315, 19, 10, 5, -15),
(1316, 19, 10, 15, -25),
(1317, 19, 20, -25, 5),
(1318, 19, 20, -15, -5),
(1319, 19, 20, -5, -15),
(1320, 19, 20, 5, -25),
(1321, 19, 25, -5, -20),
(1322, 19, 15, 5, -20),
(1323, 19, 5, 15, -20),
(1324, 19, -5, 25, -20),
(1325, 19, 25, -15, -10),
(1326, 19, 15, -5, -10),
(1327, 19, 5, 5, -10),
(1328, 19, -5, 15, -10),
(1329, 19, -15, 25, -10),
(1330, 19, 25, -25, 0),
(1331, 19, 15, -15, 0),
(1332, 19, 5, -5, 0),
(1333, 19, -5, 5, 0),
(1334, 19, -15, 15, 0),
(1335, 19, -25, 25, 0),
(1336, 19, 15, -25, 10),
(1337, 19, 5, -15, 10),
(1338, 19, -5, -5, 10),
(1339, 19, -15, 5, 10),
(1340, 19, -25, 15, 10),
(1341, 19, 5, -25, 20),
(1342, 19, -5, -15, 20),
(1343, 19, -15, -5, 20),
(1344, 19, -25, 5, 20),
(1345, 19, -5, -20, 25),
(1346, 19, 5, -20, 15),
(1347, 19, 15, -20, 5),
(1348, 19, 25, -20, -5),
(1349, 19, -15, -10, 25),
(1350, 19, -5, -10, 15),
(1351, 19, 5, -10, 5),
(1352, 19, 15, -10, -5),
(1353, 19, 25, -10, -15),
(1354, 19, -25, 0, 25),
(1355, 19, -15, 0, 15),
(1356, 19, -5, 0, 5),
(1357, 19, 5, 0, -5),
(1358, 19, 15, 0, -15),
(1359, 19, 25, 0, -25),
(1360, 19, -25, 10, 15),
(1361, 19, -15, 10, 5),
(1362, 19, -5, 10, -5),
(1363, 19, 5, 10, -15),
(1364, 19, 15, 10, -25),
(1365, 19, -25, 20, 5),
(1366, 19, -15, 20, -5),
(1367, 19, -5, 20, -15),
(1368, 19, 5, 20, -25);

-- --------------------------------------------------------

--
-- Struktura tabeli dla tabeli `settlements`
--

CREATE TABLE IF NOT EXISTS `settlements` (
  `id` int(11) NOT NULL AUTO_INCREMENT,
  `is_town` tinyint(1) NOT NULL DEFAULT '0',
  `board_id` int(11) NOT NULL,
  `x` int(11) NOT NULL,
  `y` int(11) NOT NULL,
  `z` int(11) NOT NULL,
  PRIMARY KEY (`id`)
) ENGINE=InnoDB  DEFAULT CHARSET=utf8 COLLATE=utf8_bin AUTO_INCREMENT=1027 ;

--
-- Zrzut danych tabeli `settlements`
--

INSERT INTO `settlements` (`id`, `is_town`, `board_id`, `x`, `y`, `z`) VALUES
(1, 0, 1, -25, -5, 25),
(2, 0, 1, -25, 5, 15),
(3, 0, 1, -25, 5, 25),
(4, 0, 1, -25, 15, 5),
(5, 0, 1, -25, 15, 15),
(6, 0, 1, -25, 25, -5),
(7, 0, 1, -25, 25, 5),
(8, 0, 1, -15, -15, 25),
(9, 0, 1, -15, -5, 15),
(10, 0, 1, -15, -5, 25),
(11, 0, 1, -15, 5, 5),
(12, 0, 1, -15, 5, 15),
(13, 0, 1, -15, 15, -5),
(14, 0, 1, -15, 15, 5),
(15, 0, 1, -15, 25, -15),
(16, 0, 1, -15, 25, -5),
(17, 0, 1, -5, -25, 25),
(18, 0, 1, -5, -15, 15),
(19, 0, 1, -5, -15, 25),
(20, 0, 1, -5, -5, 5),
(21, 0, 1, -5, -5, 15),
(22, 0, 1, -5, 5, -5),
(23, 0, 1, -5, 5, 5),
(24, 0, 1, -5, 15, -15),
(25, 0, 1, -5, 15, -5),
(26, 0, 1, -5, 25, -25),
(27, 0, 1, -5, 25, -15),
(28, 0, 1, 5, -25, 15),
(29, 0, 1, 5, -25, 25),
(30, 0, 1, 5, -15, 5),
(31, 0, 1, 5, -15, 15),
(32, 0, 1, 5, -5, -5),
(33, 0, 1, 5, -5, 5),
(34, 0, 1, 5, 5, -15),
(35, 0, 1, 5, 5, -5),
(36, 0, 1, 5, 15, -25),
(37, 0, 1, 5, 15, -15),
(38, 0, 1, 5, 25, -25),
(39, 0, 1, 15, -25, 5),
(40, 0, 1, 15, -25, 15),
(41, 0, 1, 15, -15, -5),
(42, 0, 1, 15, -15, 5),
(43, 0, 1, 15, -5, -15),
(44, 0, 1, 15, -5, -5),
(45, 0, 1, 15, 5, -25),
(46, 0, 1, 15, 5, -15),
(47, 0, 1, 15, 15, -25),
(48, 0, 1, 25, -25, -5),
(49, 0, 1, 25, -25, 5),
(50, 0, 1, 25, -15, -15),
(51, 0, 1, 25, -15, -5),
(52, 0, 1, 25, -5, -25),
(53, 0, 1, 25, -5, -15),
(54, 0, 1, 25, 5, -25),
(55, 0, 2, -25, -5, 25),
(56, 0, 2, -25, 5, 15),
(57, 0, 2, -25, 5, 25),
(58, 0, 2, -25, 15, 5),
(59, 0, 2, -25, 15, 15),
(60, 0, 2, -25, 25, -5),
(61, 0, 2, -25, 25, 5),
(62, 0, 2, -15, -15, 25),
(63, 0, 2, -15, -5, 15),
(64, 0, 2, -15, -5, 25),
(65, 0, 2, -15, 5, 5),
(66, 0, 2, -15, 5, 15),
(67, 0, 2, -15, 15, -5),
(68, 0, 2, -15, 15, 5),
(69, 0, 2, -15, 25, -15),
(70, 0, 2, -15, 25, -5),
(71, 0, 2, -5, -25, 25),
(72, 0, 2, -5, -15, 15),
(73, 0, 2, -5, -15, 25),
(74, 0, 2, -5, -5, 5),
(75, 0, 2, -5, -5, 15),
(76, 0, 2, -5, 5, -5),
(77, 0, 2, -5, 5, 5),
(78, 0, 2, -5, 15, -15),
(79, 0, 2, -5, 15, -5),
(80, 0, 2, -5, 25, -25),
(81, 0, 2, -5, 25, -15),
(82, 0, 2, 5, -25, 15),
(83, 0, 2, 5, -25, 25),
(84, 0, 2, 5, -15, 5),
(85, 0, 2, 5, -15, 15),
(86, 0, 2, 5, -5, -5),
(87, 0, 2, 5, -5, 5),
(88, 0, 2, 5, 5, -15),
(89, 0, 2, 5, 5, -5),
(90, 0, 2, 5, 15, -25),
(91, 0, 2, 5, 15, -15),
(92, 0, 2, 5, 25, -25),
(93, 0, 2, 15, -25, 5),
(94, 0, 2, 15, -25, 15),
(95, 0, 2, 15, -15, -5),
(96, 0, 2, 15, -15, 5),
(97, 0, 2, 15, -5, -15),
(98, 0, 2, 15, -5, -5),
(99, 0, 2, 15, 5, -25),
(100, 0, 2, 15, 5, -15),
(101, 0, 2, 15, 15, -25),
(102, 0, 2, 25, -25, -5),
(103, 0, 2, 25, -25, 5),
(104, 0, 2, 25, -15, -15),
(105, 0, 2, 25, -15, -5),
(106, 0, 2, 25, -5, -25),
(107, 0, 2, 25, -5, -15),
(108, 0, 2, 25, 5, -25),
(109, 0, 3, -25, -5, 25),
(110, 0, 3, -25, 5, 15),
(111, 0, 3, -25, 5, 25),
(112, 0, 3, -25, 15, 5),
(113, 0, 3, -25, 15, 15),
(114, 0, 3, -25, 25, -5),
(115, 0, 3, -25, 25, 5),
(116, 0, 3, -15, -15, 25),
(117, 0, 3, -15, -5, 15),
(118, 0, 3, -15, -5, 25),
(119, 0, 3, -15, 5, 5),
(120, 0, 3, -15, 5, 15),
(121, 0, 3, -15, 15, -5),
(122, 0, 3, -15, 15, 5),
(123, 0, 3, -15, 25, -15),
(124, 0, 3, -15, 25, -5),
(125, 0, 3, -5, -25, 25),
(126, 0, 3, -5, -15, 15),
(127, 0, 3, -5, -15, 25),
(128, 0, 3, -5, -5, 5),
(129, 0, 3, -5, -5, 15),
(130, 0, 3, -5, 5, -5),
(131, 0, 3, -5, 5, 5),
(132, 0, 3, -5, 15, -15),
(133, 0, 3, -5, 15, -5),
(134, 0, 3, -5, 25, -25),
(135, 0, 3, -5, 25, -15),
(136, 0, 3, 5, -25, 15),
(137, 0, 3, 5, -25, 25),
(138, 0, 3, 5, -15, 5),
(139, 0, 3, 5, -15, 15),
(140, 0, 3, 5, -5, -5),
(141, 0, 3, 5, -5, 5),
(142, 0, 3, 5, 5, -15),
(143, 0, 3, 5, 5, -5),
(144, 0, 3, 5, 15, -25),
(145, 0, 3, 5, 15, -15),
(146, 0, 3, 5, 25, -25),
(147, 0, 3, 15, -25, 5),
(148, 0, 3, 15, -25, 15),
(149, 0, 3, 15, -15, -5),
(150, 0, 3, 15, -15, 5),
(151, 0, 3, 15, -5, -15),
(152, 0, 3, 15, -5, -5),
(153, 0, 3, 15, 5, -25),
(154, 0, 3, 15, 5, -15),
(155, 0, 3, 15, 15, -25),
(156, 0, 3, 25, -25, -5),
(157, 0, 3, 25, -25, 5),
(158, 0, 3, 25, -15, -15),
(159, 0, 3, 25, -15, -5),
(160, 0, 3, 25, -5, -25),
(161, 0, 3, 25, -5, -15),
(162, 0, 3, 25, 5, -25),
(163, 0, 4, -25, -5, 25),
(164, 0, 4, -25, 5, 15),
(165, 0, 4, -25, 5, 25),
(166, 0, 4, -25, 15, 5),
(167, 0, 4, -25, 15, 15),
(168, 0, 4, -25, 25, -5),
(169, 0, 4, -25, 25, 5),
(170, 0, 4, -15, -15, 25),
(171, 0, 4, -15, -5, 15),
(172, 0, 4, -15, -5, 25),
(173, 0, 4, -15, 5, 5),
(174, 0, 4, -15, 5, 15),
(175, 0, 4, -15, 15, -5),
(176, 0, 4, -15, 15, 5),
(177, 0, 4, -15, 25, -15),
(178, 0, 4, -15, 25, -5),
(179, 0, 4, -5, -25, 25),
(180, 0, 4, -5, -15, 15),
(181, 0, 4, -5, -15, 25),
(182, 0, 4, -5, -5, 5),
(183, 0, 4, -5, -5, 15),
(184, 0, 4, -5, 5, -5),
(185, 0, 4, -5, 5, 5),
(186, 0, 4, -5, 15, -15),
(187, 0, 4, -5, 15, -5),
(188, 0, 4, -5, 25, -25),
(189, 0, 4, -5, 25, -15),
(190, 0, 4, 5, -25, 15),
(191, 0, 4, 5, -25, 25),
(192, 0, 4, 5, -15, 5),
(193, 0, 4, 5, -15, 15),
(194, 0, 4, 5, -5, -5),
(195, 0, 4, 5, -5, 5),
(196, 0, 4, 5, 5, -15),
(197, 0, 4, 5, 5, -5),
(198, 0, 4, 5, 15, -25),
(199, 0, 4, 5, 15, -15),
(200, 0, 4, 5, 25, -25),
(201, 0, 4, 15, -25, 5),
(202, 0, 4, 15, -25, 15),
(203, 0, 4, 15, -15, -5),
(204, 0, 4, 15, -15, 5),
(205, 0, 4, 15, -5, -15),
(206, 0, 4, 15, -5, -5),
(207, 0, 4, 15, 5, -25),
(208, 0, 4, 15, 5, -15),
(209, 0, 4, 15, 15, -25),
(210, 0, 4, 25, -25, -5),
(211, 0, 4, 25, -25, 5),
(212, 0, 4, 25, -15, -15),
(213, 0, 4, 25, -15, -5),
(214, 0, 4, 25, -5, -25),
(215, 0, 4, 25, -5, -15),
(216, 0, 4, 25, 5, -25),
(217, 0, 5, -25, -5, 25),
(218, 0, 5, -25, 5, 15),
(219, 0, 5, -25, 5, 25),
(220, 0, 5, -25, 15, 5),
(221, 0, 5, -25, 15, 15),
(222, 0, 5, -25, 25, -5),
(223, 0, 5, -25, 25, 5),
(224, 0, 5, -15, -15, 25),
(225, 0, 5, -15, -5, 15),
(226, 0, 5, -15, -5, 25),
(227, 0, 5, -15, 5, 5),
(228, 0, 5, -15, 5, 15),
(229, 0, 5, -15, 15, -5),
(230, 0, 5, -15, 15, 5),
(231, 0, 5, -15, 25, -15),
(232, 0, 5, -15, 25, -5),
(233, 0, 5, -5, -25, 25),
(234, 0, 5, -5, -15, 15),
(235, 0, 5, -5, -15, 25),
(236, 0, 5, -5, -5, 5),
(237, 0, 5, -5, -5, 15),
(238, 0, 5, -5, 5, -5),
(239, 0, 5, -5, 5, 5),
(240, 0, 5, -5, 15, -15),
(241, 0, 5, -5, 15, -5),
(242, 0, 5, -5, 25, -25),
(243, 0, 5, -5, 25, -15),
(244, 0, 5, 5, -25, 15),
(245, 0, 5, 5, -25, 25),
(246, 0, 5, 5, -15, 5),
(247, 0, 5, 5, -15, 15),
(248, 0, 5, 5, -5, -5),
(249, 0, 5, 5, -5, 5),
(250, 0, 5, 5, 5, -15),
(251, 0, 5, 5, 5, -5),
(252, 0, 5, 5, 15, -25),
(253, 0, 5, 5, 15, -15),
(254, 0, 5, 5, 25, -25),
(255, 0, 5, 15, -25, 5),
(256, 0, 5, 15, -25, 15),
(257, 0, 5, 15, -15, -5),
(258, 0, 5, 15, -15, 5),
(259, 0, 5, 15, -5, -15),
(260, 0, 5, 15, -5, -5),
(261, 0, 5, 15, 5, -25),
(262, 0, 5, 15, 5, -15),
(263, 0, 5, 15, 15, -25),
(264, 0, 5, 25, -25, -5),
(265, 0, 5, 25, -25, 5),
(266, 0, 5, 25, -15, -15),
(267, 0, 5, 25, -15, -5),
(268, 0, 5, 25, -5, -25),
(269, 0, 5, 25, -5, -15),
(270, 0, 5, 25, 5, -25),
(271, 0, 6, -25, -5, 25),
(272, 0, 6, -25, 5, 15),
(273, 0, 6, -25, 5, 25),
(274, 0, 6, -25, 15, 5),
(275, 0, 6, -25, 15, 15),
(276, 0, 6, -25, 25, -5),
(277, 0, 6, -25, 25, 5),
(278, 0, 6, -15, -15, 25),
(279, 0, 6, -15, -5, 15),
(280, 0, 6, -15, -5, 25),
(281, 0, 6, -15, 5, 5),
(282, 0, 6, -15, 5, 15),
(283, 0, 6, -15, 15, -5),
(284, 0, 6, -15, 15, 5),
(285, 0, 6, -15, 25, -15),
(286, 0, 6, -15, 25, -5),
(287, 0, 6, -5, -25, 25),
(288, 0, 6, -5, -15, 15),
(289, 0, 6, -5, -15, 25),
(290, 0, 6, -5, -5, 5),
(291, 0, 6, -5, -5, 15),
(292, 0, 6, -5, 5, -5),
(293, 0, 6, -5, 5, 5),
(294, 0, 6, -5, 15, -15),
(295, 0, 6, -5, 15, -5),
(296, 0, 6, -5, 25, -25),
(297, 0, 6, -5, 25, -15),
(298, 0, 6, 5, -25, 15),
(299, 0, 6, 5, -25, 25),
(300, 0, 6, 5, -15, 5),
(301, 0, 6, 5, -15, 15),
(302, 0, 6, 5, -5, -5),
(303, 0, 6, 5, -5, 5),
(304, 0, 6, 5, 5, -15),
(305, 0, 6, 5, 5, -5),
(306, 0, 6, 5, 15, -25),
(307, 0, 6, 5, 15, -15),
(308, 0, 6, 5, 25, -25),
(309, 0, 6, 15, -25, 5),
(310, 0, 6, 15, -25, 15),
(311, 0, 6, 15, -15, -5),
(312, 0, 6, 15, -15, 5),
(313, 0, 6, 15, -5, -15),
(314, 0, 6, 15, -5, -5),
(315, 0, 6, 15, 5, -25),
(316, 0, 6, 15, 5, -15),
(317, 0, 6, 15, 15, -25),
(318, 0, 6, 25, -25, -5),
(319, 0, 6, 25, -25, 5),
(320, 0, 6, 25, -15, -15),
(321, 0, 6, 25, -15, -5),
(322, 0, 6, 25, -5, -25),
(323, 0, 6, 25, -5, -15),
(324, 0, 6, 25, 5, -25),
(325, 0, 7, -25, -5, 25),
(326, 0, 7, -25, 5, 15),
(327, 0, 7, -25, 5, 25),
(328, 0, 7, -25, 15, 5),
(329, 0, 7, -25, 15, 15),
(330, 0, 7, -25, 25, -5),
(331, 0, 7, -25, 25, 5),
(332, 0, 7, -15, -15, 25),
(333, 0, 7, -15, -5, 15),
(334, 0, 7, -15, -5, 25),
(335, 0, 7, -15, 5, 5),
(336, 0, 7, -15, 5, 15),
(337, 0, 7, -15, 15, -5),
(338, 0, 7, -15, 15, 5),
(339, 0, 7, -15, 25, -15),
(340, 0, 7, -15, 25, -5),
(341, 0, 7, -5, -25, 25),
(342, 0, 7, -5, -15, 15),
(343, 0, 7, -5, -15, 25),
(344, 0, 7, -5, -5, 5),
(345, 0, 7, -5, -5, 15),
(346, 0, 7, -5, 5, -5),
(347, 0, 7, -5, 5, 5),
(348, 0, 7, -5, 15, -15),
(349, 0, 7, -5, 15, -5),
(350, 0, 7, -5, 25, -25),
(351, 0, 7, -5, 25, -15),
(352, 0, 7, 5, -25, 15),
(353, 0, 7, 5, -25, 25),
(354, 0, 7, 5, -15, 5),
(355, 0, 7, 5, -15, 15),
(356, 0, 7, 5, -5, -5),
(357, 0, 7, 5, -5, 5),
(358, 0, 7, 5, 5, -15),
(359, 0, 7, 5, 5, -5),
(360, 0, 7, 5, 15, -25),
(361, 0, 7, 5, 15, -15),
(362, 0, 7, 5, 25, -25),
(363, 0, 7, 15, -25, 5),
(364, 0, 7, 15, -25, 15),
(365, 0, 7, 15, -15, -5),
(366, 0, 7, 15, -15, 5),
(367, 0, 7, 15, -5, -15),
(368, 0, 7, 15, -5, -5),
(369, 0, 7, 15, 5, -25),
(370, 0, 7, 15, 5, -15),
(371, 0, 7, 15, 15, -25),
(372, 0, 7, 25, -25, -5),
(373, 0, 7, 25, -25, 5),
(374, 0, 7, 25, -15, -15),
(375, 0, 7, 25, -15, -5),
(376, 0, 7, 25, -5, -25),
(377, 0, 7, 25, -5, -15),
(378, 0, 7, 25, 5, -25),
(379, 0, 8, -25, -5, 25),
(380, 0, 8, -25, 5, 15),
(381, 0, 8, -25, 5, 25),
(382, 0, 8, -25, 15, 5),
(383, 0, 8, -25, 15, 15),
(384, 0, 8, -25, 25, -5),
(385, 0, 8, -25, 25, 5),
(386, 0, 8, -15, -15, 25),
(387, 0, 8, -15, -5, 15),
(388, 0, 8, -15, -5, 25),
(389, 0, 8, -15, 5, 5),
(390, 0, 8, -15, 5, 15),
(391, 0, 8, -15, 15, -5),
(392, 0, 8, -15, 15, 5),
(393, 0, 8, -15, 25, -15),
(394, 0, 8, -15, 25, -5),
(395, 0, 8, -5, -25, 25),
(396, 0, 8, -5, -15, 15),
(397, 0, 8, -5, -15, 25),
(398, 0, 8, -5, -5, 5),
(399, 0, 8, -5, -5, 15),
(400, 0, 8, -5, 5, -5),
(401, 0, 8, -5, 5, 5),
(402, 0, 8, -5, 15, -15),
(403, 0, 8, -5, 15, -5),
(404, 0, 8, -5, 25, -25),
(405, 0, 8, -5, 25, -15),
(406, 0, 8, 5, -25, 15),
(407, 0, 8, 5, -25, 25),
(408, 0, 8, 5, -15, 5),
(409, 0, 8, 5, -15, 15),
(410, 0, 8, 5, -5, -5),
(411, 0, 8, 5, -5, 5),
(412, 0, 8, 5, 5, -15),
(413, 0, 8, 5, 5, -5),
(414, 0, 8, 5, 15, -25),
(415, 0, 8, 5, 15, -15),
(416, 0, 8, 5, 25, -25),
(417, 0, 8, 15, -25, 5),
(418, 0, 8, 15, -25, 15),
(419, 0, 8, 15, -15, -5),
(420, 0, 8, 15, -15, 5),
(421, 0, 8, 15, -5, -15),
(422, 0, 8, 15, -5, -5),
(423, 0, 8, 15, 5, -25),
(424, 0, 8, 15, 5, -15),
(425, 0, 8, 15, 15, -25),
(426, 0, 8, 25, -25, -5),
(427, 0, 8, 25, -25, 5),
(428, 0, 8, 25, -15, -15),
(429, 0, 8, 25, -15, -5),
(430, 0, 8, 25, -5, -25),
(431, 0, 8, 25, -5, -15),
(432, 0, 8, 25, 5, -25),
(433, 0, 9, -25, -5, 25),
(434, 0, 9, -25, 5, 15),
(435, 0, 9, -25, 5, 25),
(436, 0, 9, -25, 15, 5),
(437, 0, 9, -25, 15, 15),
(438, 0, 9, -25, 25, -5),
(439, 0, 9, -25, 25, 5),
(440, 0, 9, -15, -15, 25),
(441, 0, 9, -15, -5, 15),
(442, 0, 9, -15, -5, 25),
(443, 0, 9, -15, 5, 5),
(444, 0, 9, -15, 5, 15),
(445, 0, 9, -15, 15, -5),
(446, 0, 9, -15, 15, 5),
(447, 0, 9, -15, 25, -15),
(448, 0, 9, -15, 25, -5),
(449, 0, 9, -5, -25, 25),
(450, 0, 9, -5, -15, 15),
(451, 0, 9, -5, -15, 25),
(452, 0, 9, -5, -5, 5),
(453, 0, 9, -5, -5, 15),
(454, 0, 9, -5, 5, -5),
(455, 0, 9, -5, 5, 5),
(456, 0, 9, -5, 15, -15),
(457, 0, 9, -5, 15, -5),
(458, 0, 9, -5, 25, -25),
(459, 0, 9, -5, 25, -15),
(460, 0, 9, 5, -25, 15),
(461, 0, 9, 5, -25, 25),
(462, 0, 9, 5, -15, 5),
(463, 0, 9, 5, -15, 15),
(464, 0, 9, 5, -5, -5),
(465, 0, 9, 5, -5, 5),
(466, 0, 9, 5, 5, -15),
(467, 0, 9, 5, 5, -5),
(468, 0, 9, 5, 15, -25),
(469, 0, 9, 5, 15, -15),
(470, 0, 9, 5, 25, -25),
(471, 0, 9, 15, -25, 5),
(472, 0, 9, 15, -25, 15),
(473, 0, 9, 15, -15, -5),
(474, 0, 9, 15, -15, 5),
(475, 0, 9, 15, -5, -15),
(476, 0, 9, 15, -5, -5),
(477, 0, 9, 15, 5, -25),
(478, 0, 9, 15, 5, -15),
(479, 0, 9, 15, 15, -25),
(480, 0, 9, 25, -25, -5),
(481, 0, 9, 25, -25, 5),
(482, 0, 9, 25, -15, -15),
(483, 0, 9, 25, -15, -5),
(484, 0, 9, 25, -5, -25),
(485, 0, 9, 25, -5, -15),
(486, 0, 9, 25, 5, -25),
(487, 0, 10, -25, -5, 25),
(488, 0, 10, -25, 5, 15),
(489, 0, 10, -25, 5, 25),
(490, 0, 10, -25, 15, 5),
(491, 0, 10, -25, 15, 15),
(492, 0, 10, -25, 25, -5),
(493, 0, 10, -25, 25, 5),
(494, 0, 10, -15, -15, 25),
(495, 0, 10, -15, -5, 15),
(496, 0, 10, -15, -5, 25),
(497, 0, 10, -15, 5, 5),
(498, 0, 10, -15, 5, 15),
(499, 0, 10, -15, 15, -5),
(500, 0, 10, -15, 15, 5),
(501, 0, 10, -15, 25, -15),
(502, 0, 10, -15, 25, -5),
(503, 0, 10, -5, -25, 25),
(504, 0, 10, -5, -15, 15),
(505, 0, 10, -5, -15, 25),
(506, 0, 10, -5, -5, 5),
(507, 0, 10, -5, -5, 15),
(508, 0, 10, -5, 5, -5),
(509, 0, 10, -5, 5, 5),
(510, 0, 10, -5, 15, -15),
(511, 0, 10, -5, 15, -5),
(512, 0, 10, -5, 25, -25),
(513, 0, 10, -5, 25, -15),
(514, 0, 10, 5, -25, 15),
(515, 0, 10, 5, -25, 25),
(516, 0, 10, 5, -15, 5),
(517, 0, 10, 5, -15, 15),
(518, 0, 10, 5, -5, -5),
(519, 0, 10, 5, -5, 5),
(520, 0, 10, 5, 5, -15),
(521, 0, 10, 5, 5, -5),
(522, 0, 10, 5, 15, -25),
(523, 0, 10, 5, 15, -15),
(524, 0, 10, 5, 25, -25),
(525, 0, 10, 15, -25, 5),
(526, 0, 10, 15, -25, 15),
(527, 0, 10, 15, -15, -5),
(528, 0, 10, 15, -15, 5),
(529, 0, 10, 15, -5, -15),
(530, 0, 10, 15, -5, -5),
(531, 0, 10, 15, 5, -25),
(532, 0, 10, 15, 5, -15),
(533, 0, 10, 15, 15, -25),
(534, 0, 10, 25, -25, -5),
(535, 0, 10, 25, -25, 5),
(536, 0, 10, 25, -15, -15),
(537, 0, 10, 25, -15, -5),
(538, 0, 10, 25, -5, -25),
(539, 0, 10, 25, -5, -15),
(540, 0, 10, 25, 5, -25),
(541, 0, 11, -25, -5, 25),
(542, 0, 11, -25, 5, 15),
(543, 0, 11, -25, 5, 25),
(544, 0, 11, -25, 15, 5),
(545, 0, 11, -25, 15, 15),
(546, 0, 11, -25, 25, -5),
(547, 0, 11, -25, 25, 5),
(548, 0, 11, -15, -15, 25),
(549, 0, 11, -15, -5, 15),
(550, 0, 11, -15, -5, 25),
(551, 0, 11, -15, 5, 5),
(552, 0, 11, -15, 5, 15),
(553, 0, 11, -15, 15, -5),
(554, 0, 11, -15, 15, 5),
(555, 0, 11, -15, 25, -15),
(556, 0, 11, -15, 25, -5),
(557, 0, 11, -5, -25, 25),
(558, 0, 11, -5, -15, 15),
(559, 0, 11, -5, -15, 25),
(560, 0, 11, -5, -5, 5),
(561, 0, 11, -5, -5, 15),
(562, 0, 11, -5, 5, -5),
(563, 0, 11, -5, 5, 5),
(564, 0, 11, -5, 15, -15),
(565, 0, 11, -5, 15, -5),
(566, 0, 11, -5, 25, -25),
(567, 0, 11, -5, 25, -15),
(568, 0, 11, 5, -25, 15),
(569, 0, 11, 5, -25, 25),
(570, 0, 11, 5, -15, 5),
(571, 0, 11, 5, -15, 15),
(572, 0, 11, 5, -5, -5),
(573, 0, 11, 5, -5, 5),
(574, 0, 11, 5, 5, -15),
(575, 0, 11, 5, 5, -5),
(576, 0, 11, 5, 15, -25),
(577, 0, 11, 5, 15, -15),
(578, 0, 11, 5, 25, -25),
(579, 0, 11, 15, -25, 5),
(580, 0, 11, 15, -25, 15),
(581, 0, 11, 15, -15, -5),
(582, 0, 11, 15, -15, 5),
(583, 0, 11, 15, -5, -15),
(584, 0, 11, 15, -5, -5),
(585, 0, 11, 15, 5, -25),
(586, 0, 11, 15, 5, -15),
(587, 0, 11, 15, 15, -25),
(588, 0, 11, 25, -25, -5),
(589, 0, 11, 25, -25, 5),
(590, 0, 11, 25, -15, -15),
(591, 0, 11, 25, -15, -5),
(592, 0, 11, 25, -5, -25),
(593, 0, 11, 25, -5, -15),
(594, 0, 11, 25, 5, -25),
(595, 0, 12, -25, -5, 25),
(596, 0, 12, -25, 5, 15),
(597, 0, 12, -25, 5, 25),
(598, 0, 12, -25, 15, 5),
(599, 0, 12, -25, 15, 15),
(600, 0, 12, -25, 25, -5),
(601, 0, 12, -25, 25, 5),
(602, 0, 12, -15, -15, 25),
(603, 0, 12, -15, -5, 15),
(604, 0, 12, -15, -5, 25),
(605, 0, 12, -15, 5, 5),
(606, 0, 12, -15, 5, 15),
(607, 0, 12, -15, 15, -5),
(608, 0, 12, -15, 15, 5),
(609, 0, 12, -15, 25, -15),
(610, 0, 12, -15, 25, -5),
(611, 0, 12, -5, -25, 25),
(612, 0, 12, -5, -15, 15),
(613, 0, 12, -5, -15, 25),
(614, 0, 12, -5, -5, 5),
(615, 0, 12, -5, -5, 15),
(616, 0, 12, -5, 5, -5),
(617, 0, 12, -5, 5, 5),
(618, 0, 12, -5, 15, -15),
(619, 0, 12, -5, 15, -5),
(620, 0, 12, -5, 25, -25),
(621, 0, 12, -5, 25, -15),
(622, 0, 12, 5, -25, 15),
(623, 0, 12, 5, -25, 25),
(624, 0, 12, 5, -15, 5),
(625, 0, 12, 5, -15, 15),
(626, 0, 12, 5, -5, -5),
(627, 0, 12, 5, -5, 5),
(628, 0, 12, 5, 5, -15),
(629, 0, 12, 5, 5, -5),
(630, 0, 12, 5, 15, -25),
(631, 0, 12, 5, 15, -15),
(632, 0, 12, 5, 25, -25),
(633, 0, 12, 15, -25, 5),
(634, 0, 12, 15, -25, 15),
(635, 0, 12, 15, -15, -5),
(636, 0, 12, 15, -15, 5),
(637, 0, 12, 15, -5, -15),
(638, 0, 12, 15, -5, -5),
(639, 0, 12, 15, 5, -25),
(640, 0, 12, 15, 5, -15),
(641, 0, 12, 15, 15, -25),
(642, 0, 12, 25, -25, -5),
(643, 0, 12, 25, -25, 5),
(644, 0, 12, 25, -15, -15),
(645, 0, 12, 25, -15, -5),
(646, 0, 12, 25, -5, -25),
(647, 0, 12, 25, -5, -15),
(648, 0, 12, 25, 5, -25),
(649, 0, 13, -25, -5, 25),
(650, 0, 13, -25, 5, 15),
(651, 0, 13, -25, 5, 25),
(652, 0, 13, -25, 15, 5),
(653, 0, 13, -25, 15, 15),
(654, 0, 13, -25, 25, -5),
(655, 0, 13, -25, 25, 5),
(656, 0, 13, -15, -15, 25),
(657, 0, 13, -15, -5, 15),
(658, 0, 13, -15, -5, 25),
(659, 0, 13, -15, 5, 5),
(660, 0, 13, -15, 5, 15),
(661, 0, 13, -15, 15, -5),
(662, 0, 13, -15, 15, 5),
(663, 0, 13, -15, 25, -15),
(664, 0, 13, -15, 25, -5),
(665, 0, 13, -5, -25, 25),
(666, 0, 13, -5, -15, 15),
(667, 0, 13, -5, -15, 25),
(668, 0, 13, -5, -5, 5),
(669, 0, 13, -5, -5, 15),
(670, 0, 13, -5, 5, -5),
(671, 0, 13, -5, 5, 5),
(672, 0, 13, -5, 15, -15),
(673, 0, 13, -5, 15, -5),
(674, 0, 13, -5, 25, -25),
(675, 0, 13, -5, 25, -15),
(676, 0, 13, 5, -25, 15),
(677, 0, 13, 5, -25, 25),
(678, 0, 13, 5, -15, 5),
(679, 0, 13, 5, -15, 15),
(680, 0, 13, 5, -5, -5),
(681, 0, 13, 5, -5, 5),
(682, 0, 13, 5, 5, -15),
(683, 0, 13, 5, 5, -5),
(684, 0, 13, 5, 15, -25),
(685, 0, 13, 5, 15, -15),
(686, 0, 13, 5, 25, -25),
(687, 0, 13, 15, -25, 5),
(688, 0, 13, 15, -25, 15),
(689, 0, 13, 15, -15, -5),
(690, 0, 13, 15, -15, 5),
(691, 0, 13, 15, -5, -15),
(692, 0, 13, 15, -5, -5),
(693, 0, 13, 15, 5, -25),
(694, 0, 13, 15, 5, -15),
(695, 0, 13, 15, 15, -25),
(696, 0, 13, 25, -25, -5),
(697, 0, 13, 25, -25, 5),
(698, 0, 13, 25, -15, -15),
(699, 0, 13, 25, -15, -5),
(700, 0, 13, 25, -5, -25),
(701, 0, 13, 25, -5, -15),
(702, 0, 13, 25, 5, -25),
(703, 0, 14, -25, -5, 25),
(704, 0, 14, -25, 5, 15),
(705, 0, 14, -25, 5, 25),
(706, 0, 14, -25, 15, 5),
(707, 0, 14, -25, 15, 15),
(708, 0, 14, -25, 25, -5),
(709, 0, 14, -25, 25, 5),
(710, 0, 14, -15, -15, 25),
(711, 0, 14, -15, -5, 15),
(712, 0, 14, -15, -5, 25),
(713, 0, 14, -15, 5, 5),
(714, 0, 14, -15, 5, 15),
(715, 0, 14, -15, 15, -5),
(716, 0, 14, -15, 15, 5),
(717, 0, 14, -15, 25, -15),
(718, 0, 14, -15, 25, -5),
(719, 0, 14, -5, -25, 25),
(720, 0, 14, -5, -15, 15),
(721, 0, 14, -5, -15, 25),
(722, 0, 14, -5, -5, 5),
(723, 0, 14, -5, -5, 15),
(724, 0, 14, -5, 5, -5),
(725, 0, 14, -5, 5, 5),
(726, 0, 14, -5, 15, -15),
(727, 0, 14, -5, 15, -5),
(728, 0, 14, -5, 25, -25),
(729, 0, 14, -5, 25, -15),
(730, 0, 14, 5, -25, 15),
(731, 0, 14, 5, -25, 25),
(732, 0, 14, 5, -15, 5),
(733, 0, 14, 5, -15, 15),
(734, 0, 14, 5, -5, -5),
(735, 0, 14, 5, -5, 5),
(736, 0, 14, 5, 5, -15),
(737, 0, 14, 5, 5, -5),
(738, 0, 14, 5, 15, -25),
(739, 0, 14, 5, 15, -15),
(740, 0, 14, 5, 25, -25),
(741, 0, 14, 15, -25, 5),
(742, 0, 14, 15, -25, 15),
(743, 0, 14, 15, -15, -5),
(744, 0, 14, 15, -15, 5),
(745, 0, 14, 15, -5, -15),
(746, 0, 14, 15, -5, -5),
(747, 0, 14, 15, 5, -25),
(748, 0, 14, 15, 5, -15),
(749, 0, 14, 15, 15, -25),
(750, 0, 14, 25, -25, -5),
(751, 0, 14, 25, -25, 5),
(752, 0, 14, 25, -15, -15),
(753, 0, 14, 25, -15, -5),
(754, 0, 14, 25, -5, -25),
(755, 0, 14, 25, -5, -15),
(756, 0, 14, 25, 5, -25),
(757, 0, 15, -25, -5, 25),
(758, 0, 15, -25, 5, 15),
(759, 0, 15, -25, 5, 25),
(760, 0, 15, -25, 15, 5),
(761, 0, 15, -25, 15, 15),
(762, 0, 15, -25, 25, -5),
(763, 0, 15, -25, 25, 5),
(764, 0, 15, -15, -15, 25),
(765, 0, 15, -15, -5, 15),
(766, 0, 15, -15, -5, 25),
(767, 0, 15, -15, 5, 5),
(768, 0, 15, -15, 5, 15),
(769, 0, 15, -15, 15, -5),
(770, 0, 15, -15, 15, 5),
(771, 0, 15, -15, 25, -15),
(772, 0, 15, -15, 25, -5),
(773, 0, 15, -5, -25, 25),
(774, 0, 15, -5, -15, 15),
(775, 0, 15, -5, -15, 25),
(776, 0, 15, -5, -5, 5),
(777, 0, 15, -5, -5, 15),
(778, 0, 15, -5, 5, -5),
(779, 0, 15, -5, 5, 5),
(780, 0, 15, -5, 15, -15),
(781, 0, 15, -5, 15, -5),
(782, 0, 15, -5, 25, -25),
(783, 0, 15, -5, 25, -15),
(784, 0, 15, 5, -25, 15),
(785, 0, 15, 5, -25, 25),
(786, 0, 15, 5, -15, 5),
(787, 0, 15, 5, -15, 15),
(788, 0, 15, 5, -5, -5),
(789, 0, 15, 5, -5, 5),
(790, 0, 15, 5, 5, -15),
(791, 0, 15, 5, 5, -5),
(792, 0, 15, 5, 15, -25),
(793, 0, 15, 5, 15, -15),
(794, 0, 15, 5, 25, -25),
(795, 0, 15, 15, -25, 5),
(796, 0, 15, 15, -25, 15),
(797, 0, 15, 15, -15, -5),
(798, 0, 15, 15, -15, 5),
(799, 0, 15, 15, -5, -15),
(800, 0, 15, 15, -5, -5),
(801, 0, 15, 15, 5, -25),
(802, 0, 15, 15, 5, -15),
(803, 0, 15, 15, 15, -25),
(804, 0, 15, 25, -25, -5),
(805, 0, 15, 25, -25, 5),
(806, 0, 15, 25, -15, -15),
(807, 0, 15, 25, -15, -5),
(808, 0, 15, 25, -5, -25),
(809, 0, 15, 25, -5, -15),
(810, 0, 15, 25, 5, -25),
(811, 0, 16, -25, -5, 25),
(812, 0, 16, -25, 5, 15),
(813, 0, 16, -25, 5, 25),
(814, 0, 16, -25, 15, 5),
(815, 0, 16, -25, 15, 15),
(816, 0, 16, -25, 25, -5),
(817, 0, 16, -25, 25, 5),
(818, 0, 16, -15, -15, 25),
(819, 0, 16, -15, -5, 15),
(820, 0, 16, -15, -5, 25),
(821, 0, 16, -15, 5, 5),
(822, 0, 16, -15, 5, 15),
(823, 0, 16, -15, 15, -5),
(824, 0, 16, -15, 15, 5),
(825, 0, 16, -15, 25, -15),
(826, 0, 16, -15, 25, -5),
(827, 0, 16, -5, -25, 25),
(828, 0, 16, -5, -15, 15),
(829, 0, 16, -5, -15, 25),
(830, 0, 16, -5, -5, 5),
(831, 0, 16, -5, -5, 15),
(832, 0, 16, -5, 5, -5),
(833, 0, 16, -5, 5, 5),
(834, 0, 16, -5, 15, -15),
(835, 0, 16, -5, 15, -5),
(836, 0, 16, -5, 25, -25),
(837, 0, 16, -5, 25, -15),
(838, 0, 16, 5, -25, 15),
(839, 0, 16, 5, -25, 25),
(840, 0, 16, 5, -15, 5),
(841, 0, 16, 5, -15, 15),
(842, 0, 16, 5, -5, -5),
(843, 0, 16, 5, -5, 5),
(844, 0, 16, 5, 5, -15),
(845, 0, 16, 5, 5, -5),
(846, 0, 16, 5, 15, -25),
(847, 0, 16, 5, 15, -15),
(848, 0, 16, 5, 25, -25),
(849, 0, 16, 15, -25, 5),
(850, 0, 16, 15, -25, 15),
(851, 0, 16, 15, -15, -5),
(852, 0, 16, 15, -15, 5),
(853, 0, 16, 15, -5, -15),
(854, 0, 16, 15, -5, -5),
(855, 0, 16, 15, 5, -25),
(856, 0, 16, 15, 5, -15),
(857, 0, 16, 15, 15, -25),
(858, 0, 16, 25, -25, -5),
(859, 0, 16, 25, -25, 5),
(860, 0, 16, 25, -15, -15),
(861, 0, 16, 25, -15, -5),
(862, 0, 16, 25, -5, -25),
(863, 0, 16, 25, -5, -15),
(864, 0, 16, 25, 5, -25),
(865, 0, 17, -25, -5, 25),
(866, 0, 17, -25, 5, 15),
(867, 0, 17, -25, 5, 25),
(868, 0, 17, -25, 15, 5),
(869, 0, 17, -25, 15, 15),
(870, 0, 17, -25, 25, -5),
(871, 0, 17, -25, 25, 5),
(872, 0, 17, -15, -15, 25),
(873, 0, 17, -15, -5, 15),
(874, 0, 17, -15, -5, 25),
(875, 0, 17, -15, 5, 5),
(876, 0, 17, -15, 5, 15),
(877, 0, 17, -15, 15, -5),
(878, 0, 17, -15, 15, 5),
(879, 0, 17, -15, 25, -15),
(880, 0, 17, -15, 25, -5),
(881, 0, 17, -5, -25, 25),
(882, 0, 17, -5, -15, 15),
(883, 0, 17, -5, -15, 25),
(884, 0, 17, -5, -5, 5),
(885, 0, 17, -5, -5, 15),
(886, 0, 17, -5, 5, -5),
(887, 0, 17, -5, 5, 5),
(888, 0, 17, -5, 15, -15),
(889, 0, 17, -5, 15, -5),
(890, 0, 17, -5, 25, -25),
(891, 0, 17, -5, 25, -15),
(892, 0, 17, 5, -25, 15),
(893, 0, 17, 5, -25, 25),
(894, 0, 17, 5, -15, 5),
(895, 0, 17, 5, -15, 15),
(896, 0, 17, 5, -5, -5),
(897, 0, 17, 5, -5, 5),
(898, 0, 17, 5, 5, -15),
(899, 0, 17, 5, 5, -5),
(900, 0, 17, 5, 15, -25),
(901, 0, 17, 5, 15, -15),
(902, 0, 17, 5, 25, -25),
(903, 0, 17, 15, -25, 5),
(904, 0, 17, 15, -25, 15),
(905, 0, 17, 15, -15, -5),
(906, 0, 17, 15, -15, 5),
(907, 0, 17, 15, -5, -15),
(908, 0, 17, 15, -5, -5),
(909, 0, 17, 15, 5, -25),
(910, 0, 17, 15, 5, -15),
(911, 0, 17, 15, 15, -25),
(912, 0, 17, 25, -25, -5),
(913, 0, 17, 25, -25, 5),
(914, 0, 17, 25, -15, -15),
(915, 0, 17, 25, -15, -5),
(916, 0, 17, 25, -5, -25),
(917, 0, 17, 25, -5, -15),
(918, 0, 17, 25, 5, -25),
(919, 0, 18, -25, -5, 25),
(920, 0, 18, -25, 5, 15),
(921, 0, 18, -25, 5, 25),
(922, 0, 18, -25, 15, 5),
(923, 0, 18, -25, 15, 15),
(924, 0, 18, -25, 25, -5),
(925, 0, 18, -25, 25, 5),
(926, 0, 18, -15, -15, 25),
(927, 0, 18, -15, -5, 15),
(928, 0, 18, -15, -5, 25),
(929, 0, 18, -15, 5, 5),
(930, 0, 18, -15, 5, 15),
(931, 0, 18, -15, 15, -5),
(932, 0, 18, -15, 15, 5),
(933, 0, 18, -15, 25, -15),
(934, 0, 18, -15, 25, -5),
(935, 0, 18, -5, -25, 25),
(936, 0, 18, -5, -15, 15),
(937, 0, 18, -5, -15, 25),
(938, 0, 18, -5, -5, 5),
(939, 0, 18, -5, -5, 15),
(940, 0, 18, -5, 5, -5),
(941, 0, 18, -5, 5, 5),
(942, 0, 18, -5, 15, -15),
(943, 0, 18, -5, 15, -5),
(944, 0, 18, -5, 25, -25),
(945, 0, 18, -5, 25, -15),
(946, 0, 18, 5, -25, 15),
(947, 0, 18, 5, -25, 25),
(948, 0, 18, 5, -15, 5),
(949, 0, 18, 5, -15, 15),
(950, 0, 18, 5, -5, -5),
(951, 0, 18, 5, -5, 5),
(952, 0, 18, 5, 5, -15),
(953, 0, 18, 5, 5, -5),
(954, 0, 18, 5, 15, -25),
(955, 0, 18, 5, 15, -15),
(956, 0, 18, 5, 25, -25),
(957, 0, 18, 15, -25, 5),
(958, 0, 18, 15, -25, 15),
(959, 0, 18, 15, -15, -5),
(960, 0, 18, 15, -15, 5),
(961, 0, 18, 15, -5, -15),
(962, 0, 18, 15, -5, -5),
(963, 0, 18, 15, 5, -25),
(964, 0, 18, 15, 5, -15),
(965, 0, 18, 15, 15, -25),
(966, 0, 18, 25, -25, -5),
(967, 0, 18, 25, -25, 5),
(968, 0, 18, 25, -15, -15),
(969, 0, 18, 25, -15, -5),
(970, 0, 18, 25, -5, -25),
(971, 0, 18, 25, -5, -15),
(972, 0, 18, 25, 5, -25),
(973, 0, 19, -25, -5, 25),
(974, 0, 19, -25, 5, 15),
(975, 0, 19, -25, 5, 25),
(976, 0, 19, -25, 15, 5),
(977, 0, 19, -25, 15, 15),
(978, 0, 19, -25, 25, -5),
(979, 0, 19, -25, 25, 5),
(980, 0, 19, -15, -15, 25),
(981, 0, 19, -15, -5, 15),
(982, 0, 19, -15, -5, 25),
(983, 0, 19, -15, 5, 5),
(984, 0, 19, -15, 5, 15),
(985, 0, 19, -15, 15, -5),
(986, 0, 19, -15, 15, 5),
(987, 0, 19, -15, 25, -15),
(988, 0, 19, -15, 25, -5),
(989, 0, 19, -5, -25, 25),
(990, 0, 19, -5, -15, 15),
(991, 0, 19, -5, -15, 25),
(992, 0, 19, -5, -5, 5),
(993, 0, 19, -5, -5, 15),
(994, 0, 19, -5, 5, -5),
(995, 0, 19, -5, 5, 5),
(996, 0, 19, -5, 15, -15),
(997, 0, 19, -5, 15, -5),
(998, 0, 19, -5, 25, -25),
(999, 0, 19, -5, 25, -15),
(1000, 0, 19, 5, -25, 15),
(1001, 0, 19, 5, -25, 25),
(1002, 0, 19, 5, -15, 5),
(1003, 0, 19, 5, -15, 15),
(1004, 0, 19, 5, -5, -5),
(1005, 0, 19, 5, -5, 5),
(1006, 0, 19, 5, 5, -15),
(1007, 0, 19, 5, 5, -5),
(1008, 0, 19, 5, 15, -25),
(1009, 0, 19, 5, 15, -15),
(1010, 0, 19, 5, 25, -25),
(1011, 0, 19, 15, -25, 5),
(1012, 0, 19, 15, -25, 15),
(1013, 0, 19, 15, -15, -5),
(1014, 0, 19, 15, -15, 5),
(1015, 0, 19, 15, -5, -15),
(1016, 0, 19, 15, -5, -5),
(1017, 0, 19, 15, 5, -25),
(1018, 0, 19, 15, 5, -15),
(1019, 0, 19, 15, 15, -25),
(1020, 0, 19, 25, -25, -5),
(1021, 0, 19, 25, -25, 5),
(1022, 0, 19, 25, -15, -15),
(1023, 0, 19, 25, -15, -5),
(1024, 0, 19, 25, -5, -25),
(1025, 0, 19, 25, -5, -15),
(1026, 0, 19, 25, 5, -25);

-- --------------------------------------------------------

--
-- Struktura tabeli dla tabeli `tiles`
--

CREATE TABLE IF NOT EXISTS `tiles` (
  `id` int(11) NOT NULL AUTO_INCREMENT,
  `board_id` int(11) NOT NULL,
  `type` enum('desert','stone','wood','clay','sheep','wheat','ocean') COLLATE utf8_bin NOT NULL DEFAULT 'ocean',
  `x` int(11) NOT NULL,
  `y` int(11) NOT NULL,
  `z` int(11) NOT NULL,
  `probability` int(11) DEFAULT NULL,
  PRIMARY KEY (`id`)
) ENGINE=InnoDB  DEFAULT CHARSET=utf8 COLLATE=utf8_bin AUTO_INCREMENT=704 ;

--
-- Zrzut danych tabeli `tiles`
--

INSERT INTO `tiles` (`id`, `board_id`, `type`, `x`, `y`, `z`, `probability`) VALUES
(1, 1, 'ocean', -30, 0, 30, NULL),
(2, 1, 'ocean', -30, 10, 20, NULL),
(3, 1, 'ocean', -30, 20, 10, NULL),
(4, 1, 'ocean', -30, 30, 0, NULL),
(5, 1, 'ocean', -20, -10, 30, NULL),
(6, 1, 'wood', -20, 0, 20, 3),
(7, 1, 'stone', -20, 10, 10, 10),
(8, 1, 'stone', -20, 20, 0, 8),
(9, 1, 'ocean', -20, 30, -10, NULL),
(10, 1, 'ocean', -10, -20, 30, NULL),
(11, 1, 'clay', -10, -10, 20, 8),
(12, 1, 'sheep', -10, 0, 10, 4),
(13, 1, 'wood', -10, 10, 0, 3),
(14, 1, 'wheat', -10, 20, -10, 12),
(15, 1, 'ocean', -10, 30, -20, NULL),
(16, 1, 'ocean', 0, -30, 30, NULL),
(17, 1, 'wheat', 0, -20, 20, 9),
(18, 1, 'wheat', 0, -10, 10, 6),
(19, 1, 'sheep', 0, 0, 0, 5),
(20, 1, 'clay', 0, 10, -10, 2),
(21, 1, 'clay', 0, 20, -20, 5),
(22, 1, 'ocean', 0, 30, -30, NULL),
(23, 1, 'ocean', 10, -30, 20, NULL),
(24, 1, 'sheep', 10, -20, 10, 11),
(25, 1, 'wood', 10, -10, 0, 10),
(26, 1, 'sheep', 10, 0, -10, 4),
(27, 1, 'stone', 10, 10, -20, 11),
(28, 1, 'ocean', 10, 20, -30, NULL),
(29, 1, 'ocean', 20, -30, 10, NULL),
(30, 1, 'desert', 20, -20, 0, NULL),
(31, 1, 'wood', 20, -10, -10, 6),
(32, 1, 'wheat', 20, 0, -20, 9),
(33, 1, 'ocean', 20, 10, -30, NULL),
(34, 1, 'ocean', 30, -30, 0, NULL),
(35, 1, 'ocean', 30, -20, -10, NULL),
(36, 1, 'ocean', 30, -10, -20, NULL),
(37, 1, 'ocean', 30, 0, -30, NULL),
(38, 2, 'ocean', -30, 0, 30, NULL),
(39, 2, 'ocean', -30, 10, 20, NULL),
(40, 2, 'ocean', -30, 20, 10, NULL),
(41, 2, 'ocean', -30, 30, 0, NULL),
(42, 2, 'ocean', -20, -10, 30, NULL),
(43, 2, 'clay', -20, 0, 20, 3),
(44, 2, 'stone', -20, 10, 10, 10),
(45, 2, 'stone', -20, 20, 0, 11),
(46, 2, 'ocean', -20, 30, -10, NULL),
(47, 2, 'ocean', -10, -20, 30, NULL),
(48, 2, 'wheat', -10, -10, 20, 12),
(49, 2, 'sheep', -10, 0, 10, 8),
(50, 2, 'sheep', -10, 10, 0, 2),
(51, 2, 'wheat', -10, 20, -10, 4),
(52, 2, 'ocean', -10, 30, -20, NULL),
(53, 2, 'ocean', 0, -30, 30, NULL),
(54, 2, 'clay', 0, -20, 20, 10),
(55, 2, 'desert', 0, -10, 10, NULL),
(56, 2, 'sheep', 0, 0, 0, 3),
(57, 2, 'wheat', 0, 10, -10, 4),
(58, 2, 'wood', 0, 20, -20, 9),
(59, 2, 'ocean', 0, 30, -30, NULL),
(60, 2, 'ocean', 10, -30, 20, NULL),
(61, 2, 'wheat', 10, -20, 10, 5),
(62, 2, 'clay', 10, -10, 0, 5),
(63, 2, 'wood', 10, 0, -10, 9),
(64, 2, 'wood', 10, 10, -20, 11),
(65, 2, 'ocean', 10, 20, -30, NULL),
(66, 2, 'ocean', 20, -30, 10, NULL),
(67, 2, 'wood', 20, -20, 0, 8),
(68, 2, 'sheep', 20, -10, -10, 6),
(69, 2, 'stone', 20, 0, -20, 6),
(70, 2, 'ocean', 20, 10, -30, NULL),
(71, 2, 'ocean', 30, -30, 0, NULL),
(72, 2, 'ocean', 30, -20, -10, NULL),
(73, 2, 'ocean', 30, -10, -20, NULL),
(74, 2, 'ocean', 30, 0, -30, NULL),
(75, 3, 'ocean', -30, 0, 30, NULL),
(76, 3, 'ocean', -30, 10, 20, NULL),
(77, 3, 'ocean', -30, 20, 10, NULL),
(78, 3, 'ocean', -30, 30, 0, NULL),
(79, 3, 'ocean', -20, -10, 30, NULL),
(80, 3, 'wheat', -20, 0, 20, 5),
(81, 3, 'sheep', -20, 10, 10, 3),
(82, 3, 'stone', -20, 20, 0, 9),
(83, 3, 'ocean', -20, 30, -10, NULL),
(84, 3, 'ocean', -10, -20, 30, NULL),
(85, 3, 'wood', -10, -10, 20, 9),
(86, 3, 'clay', -10, 0, 10, 5),
(87, 3, 'wood', -10, 10, 0, 12),
(88, 3, 'wheat', -10, 20, -10, 4),
(89, 3, 'ocean', -10, 30, -20, NULL),
(90, 3, 'ocean', 0, -30, 30, NULL),
(91, 3, 'clay', 0, -20, 20, 4),
(92, 3, 'sheep', 0, -10, 10, 11),
(93, 3, 'wheat', 0, 0, 0, 11),
(94, 3, 'clay', 0, 10, -10, 10),
(95, 3, 'wood', 0, 20, -20, 8),
(96, 3, 'ocean', 0, 30, -30, NULL),
(97, 3, 'ocean', 10, -30, 20, NULL),
(98, 3, 'sheep', 10, -20, 10, 6),
(99, 3, 'wood', 10, -10, 0, 8),
(100, 3, 'sheep', 10, 0, -10, 2),
(101, 3, 'desert', 10, 10, -20, NULL),
(102, 3, 'ocean', 10, 20, -30, NULL),
(103, 3, 'ocean', 20, -30, 10, NULL),
(104, 3, 'stone', 20, -20, 0, 3),
(105, 3, 'wheat', 20, -10, -10, 6),
(106, 3, 'stone', 20, 0, -20, 10),
(107, 3, 'ocean', 20, 10, -30, NULL),
(108, 3, 'ocean', 30, -30, 0, NULL),
(109, 3, 'ocean', 30, -20, -10, NULL),
(110, 3, 'ocean', 30, -10, -20, NULL),
(111, 3, 'ocean', 30, 0, -30, NULL),
(112, 4, 'ocean', -30, 0, 30, NULL),
(113, 4, 'ocean', -30, 10, 20, NULL),
(114, 4, 'ocean', -30, 20, 10, NULL),
(115, 4, 'ocean', -30, 30, 0, NULL),
(116, 4, 'ocean', -20, -10, 30, NULL),
(117, 4, 'sheep', -20, 0, 20, 2),
(118, 4, 'wheat', -20, 10, 10, 5),
(119, 4, 'wheat', -20, 20, 0, 11),
(120, 4, 'ocean', -20, 30, -10, NULL),
(121, 4, 'ocean', -10, -20, 30, NULL),
(122, 4, 'wood', -10, -10, 20, 3),
(123, 4, 'stone', -10, 0, 10, 11),
(124, 4, 'wood', -10, 10, 0, 9),
(125, 4, 'sheep', -10, 20, -10, 4),
(126, 4, 'ocean', -10, 30, -20, NULL),
(127, 4, 'ocean', 0, -30, 30, NULL),
(128, 4, 'clay', 0, -20, 20, 9),
(129, 4, 'clay', 0, -10, 10, 6),
(130, 4, 'wood', 0, 0, 0, 10),
(131, 4, 'desert', 0, 10, -10, NULL),
(132, 4, 'wheat', 0, 20, -20, 3),
(133, 4, 'ocean', 0, 30, -30, NULL),
(134, 4, 'ocean', 10, -30, 20, NULL),
(135, 4, 'wheat', 10, -20, 10, 8),
(136, 4, 'stone', 10, -10, 0, 6),
(137, 4, 'stone', 10, 0, -10, 8),
(138, 4, 'wood', 10, 10, -20, 10),
(139, 4, 'ocean', 10, 20, -30, NULL),
(140, 4, 'ocean', 20, -30, 10, NULL),
(141, 4, 'sheep', 20, -20, 0, 4),
(142, 4, 'sheep', 20, -10, -10, 12),
(143, 4, 'clay', 20, 0, -20, 5),
(144, 4, 'ocean', 20, 10, -30, NULL),
(145, 4, 'ocean', 30, -30, 0, NULL),
(146, 4, 'ocean', 30, -20, -10, NULL),
(147, 4, 'ocean', 30, -10, -20, NULL),
(148, 4, 'ocean', 30, 0, -30, NULL),
(149, 5, 'ocean', -30, 0, 30, NULL),
(150, 5, 'ocean', -30, 10, 20, NULL),
(151, 5, 'ocean', -30, 20, 10, NULL),
(152, 5, 'ocean', -30, 30, 0, NULL),
(153, 5, 'ocean', -20, -10, 30, NULL),
(154, 5, 'wheat', -20, 0, 20, 5),
(155, 5, 'clay', -20, 10, 10, 10),
(156, 5, 'wheat', -20, 20, 0, 11),
(157, 5, 'ocean', -20, 30, -10, NULL),
(158, 5, 'ocean', -10, -20, 30, NULL),
(159, 5, 'wheat', -10, -10, 20, 4),
(160, 5, 'stone', -10, 0, 10, 2),
(161, 5, 'desert', -10, 10, 0, NULL),
(162, 5, 'sheep', -10, 20, -10, 6),
(163, 5, 'ocean', -10, 30, -20, NULL),
(164, 5, 'ocean', 0, -30, 30, NULL),
(165, 5, 'stone', 0, -20, 20, 9),
(166, 5, 'sheep', 0, -10, 10, 10),
(167, 5, 'wood', 0, 0, 0, 12),
(168, 5, 'wood', 0, 10, -10, 8),
(169, 5, 'sheep', 0, 20, -20, 3),
(170, 5, 'ocean', 0, 30, -30, NULL),
(171, 5, 'ocean', 10, -30, 20, NULL),
(172, 5, 'sheep', 10, -20, 10, 9),
(173, 5, 'clay', 10, -10, 0, 5),
(174, 5, 'wheat', 10, 0, -10, 6),
(175, 5, 'wood', 10, 10, -20, 8),
(176, 5, 'ocean', 10, 20, -30, NULL),
(177, 5, 'ocean', 20, -30, 10, NULL),
(178, 5, 'clay', 20, -20, 0, 11),
(179, 5, 'wood', 20, -10, -10, 4),
(180, 5, 'stone', 20, 0, -20, 3),
(181, 5, 'ocean', 20, 10, -30, NULL),
(182, 5, 'ocean', 30, -30, 0, NULL),
(183, 5, 'ocean', 30, -20, -10, NULL),
(184, 5, 'ocean', 30, -10, -20, NULL),
(185, 5, 'ocean', 30, 0, -30, NULL),
(186, 6, 'ocean', -30, 0, 30, NULL),
(187, 6, 'ocean', -30, 10, 20, NULL),
(188, 6, 'ocean', -30, 20, 10, NULL),
(189, 6, 'ocean', -30, 30, 0, NULL),
(190, 6, 'ocean', -20, -10, 30, NULL),
(191, 6, 'wheat', -20, 0, 20, 9),
(192, 6, 'wheat', -20, 10, 10, 8),
(193, 6, 'sheep', -20, 20, 0, 10),
(194, 6, 'ocean', -20, 30, -10, NULL),
(195, 6, 'ocean', -10, -20, 30, NULL),
(196, 6, 'wheat', -10, -10, 20, 12),
(197, 6, 'wheat', -10, 0, 10, 6),
(198, 6, 'clay', -10, 10, 0, 2),
(199, 6, 'stone', -10, 20, -10, 11),
(200, 6, 'ocean', -10, 30, -20, NULL),
(201, 6, 'ocean', 0, -30, 30, NULL),
(202, 6, 'sheep', 0, -20, 20, 5),
(203, 6, 'wood', 0, -10, 10, 3),
(204, 6, 'clay', 0, 0, 0, 6),
(205, 6, 'stone', 0, 10, -10, 4),
(206, 6, 'sheep', 0, 20, -20, 11),
(207, 6, 'ocean', 0, 30, -30, NULL),
(208, 6, 'ocean', 10, -30, 20, NULL),
(209, 6, 'wood', 10, -20, 10, 8),
(210, 6, 'wood', 10, -10, 0, 9),
(211, 6, 'clay', 10, 0, -10, 10),
(212, 6, 'stone', 10, 10, -20, 3),
(213, 6, 'ocean', 10, 20, -30, NULL),
(214, 6, 'ocean', 20, -30, 10, NULL),
(215, 6, 'sheep', 20, -20, 0, 5),
(216, 6, 'desert', 20, -10, -10, NULL),
(217, 6, 'wood', 20, 0, -20, 4),
(218, 6, 'ocean', 20, 10, -30, NULL),
(219, 6, 'ocean', 30, -30, 0, NULL),
(220, 6, 'ocean', 30, -20, -10, NULL),
(221, 6, 'ocean', 30, -10, -20, NULL),
(222, 6, 'ocean', 30, 0, -30, NULL),
(223, 7, 'ocean', -30, 0, 30, NULL),
(224, 7, 'ocean', -30, 10, 20, NULL),
(225, 7, 'ocean', -30, 20, 10, NULL),
(226, 7, 'ocean', -30, 30, 0, NULL),
(227, 7, 'ocean', -20, -10, 30, NULL),
(228, 7, 'wood', -20, 0, 20, 8),
(229, 7, 'wheat', -20, 10, 10, 4),
(230, 7, 'sheep', -20, 20, 0, 11),
(231, 7, 'ocean', -20, 30, -10, NULL),
(232, 7, 'ocean', -10, -20, 30, NULL),
(233, 7, 'sheep', -10, -10, 20, 6),
(234, 7, 'sheep', -10, 0, 10, 4),
(235, 7, 'wheat', -10, 10, 0, 10),
(236, 7, 'clay', -10, 20, -10, 5),
(237, 7, 'ocean', -10, 30, -20, NULL),
(238, 7, 'ocean', 0, -30, 30, NULL),
(239, 7, 'wheat', 0, -20, 20, 11),
(240, 7, 'stone', 0, -10, 10, 3),
(241, 7, 'stone', 0, 0, 0, 3),
(242, 7, 'clay', 0, 10, -10, 5),
(243, 7, 'sheep', 0, 20, -20, 10),
(244, 7, 'ocean', 0, 30, -30, NULL),
(245, 7, 'ocean', 10, -30, 20, NULL),
(246, 7, 'wood', 10, -20, 10, 9),
(247, 7, 'desert', 10, -10, 0, NULL),
(248, 7, 'stone', 10, 0, -10, 9),
(249, 7, 'wheat', 10, 10, -20, 6),
(250, 7, 'ocean', 10, 20, -30, NULL),
(251, 7, 'ocean', 20, -30, 10, NULL),
(252, 7, 'wood', 20, -20, 0, 2),
(253, 7, 'clay', 20, -10, -10, 8),
(254, 7, 'wood', 20, 0, -20, 12),
(255, 7, 'ocean', 20, 10, -30, NULL),
(256, 7, 'ocean', 30, -30, 0, NULL),
(257, 7, 'ocean', 30, -20, -10, NULL),
(258, 7, 'ocean', 30, -10, -20, NULL),
(259, 7, 'ocean', 30, 0, -30, NULL),
(260, 8, 'ocean', -30, 0, 30, NULL),
(261, 8, 'ocean', -30, 10, 20, NULL),
(262, 8, 'ocean', -30, 20, 10, NULL),
(263, 8, 'ocean', -30, 30, 0, NULL),
(264, 8, 'ocean', -20, -10, 30, NULL),
(265, 8, 'wheat', -20, 0, 20, 12),
(266, 8, 'sheep', -20, 10, 10, 11),
(267, 8, 'wheat', -20, 20, 0, 6),
(268, 8, 'ocean', -20, 30, -10, NULL),
(269, 8, 'ocean', -10, -20, 30, NULL),
(270, 8, 'sheep', -10, -10, 20, 9),
(271, 8, 'desert', -10, 0, 10, NULL),
(272, 8, 'stone', -10, 10, 0, 5),
(273, 8, 'clay', -10, 20, -10, 2),
(274, 8, 'ocean', -10, 30, -20, NULL),
(275, 8, 'ocean', 0, -30, 30, NULL),
(276, 8, 'wheat', 0, -20, 20, 3),
(277, 8, 'clay', 0, -10, 10, 4),
(278, 8, 'clay', 0, 0, 0, 6),
(279, 8, 'wood', 0, 10, -10, 5),
(280, 8, 'wheat', 0, 20, -20, 11),
(281, 8, 'ocean', 0, 30, -30, NULL),
(282, 8, 'ocean', 10, -30, 20, NULL),
(283, 8, 'wood', 10, -20, 10, 10),
(284, 8, 'stone', 10, -10, 0, 9),
(285, 8, 'wood', 10, 0, -10, 3),
(286, 8, 'sheep', 10, 10, -20, 4),
(287, 8, 'ocean', 10, 20, -30, NULL),
(288, 8, 'ocean', 20, -30, 10, NULL),
(289, 8, 'wood', 20, -20, 0, 8),
(290, 8, 'sheep', 20, -10, -10, 8),
(291, 8, 'stone', 20, 0, -20, 10),
(292, 8, 'ocean', 20, 10, -30, NULL),
(293, 8, 'ocean', 30, -30, 0, NULL),
(294, 8, 'ocean', 30, -20, -10, NULL),
(295, 8, 'ocean', 30, -10, -20, NULL),
(296, 8, 'ocean', 30, 0, -30, NULL),
(297, 9, 'ocean', -30, 0, 30, NULL),
(298, 9, 'ocean', -30, 10, 20, NULL),
(299, 9, 'ocean', -30, 20, 10, NULL),
(300, 9, 'ocean', -30, 30, 0, NULL),
(301, 9, 'ocean', -20, -10, 30, NULL),
(302, 9, 'wheat', -20, 0, 20, 11),
(303, 9, 'clay', -20, 10, 10, 5),
(304, 9, 'wheat', -20, 20, 0, 8),
(305, 9, 'ocean', -20, 30, -10, NULL),
(306, 9, 'ocean', -10, -20, 30, NULL),
(307, 9, 'stone', -10, -10, 20, 10),
(308, 9, 'wood', -10, 0, 10, 2),
(309, 9, 'wood', -10, 10, 0, 4),
(310, 9, 'sheep', -10, 20, -10, 3),
(311, 9, 'ocean', -10, 30, -20, NULL),
(312, 9, 'ocean', 0, -30, 30, NULL),
(313, 9, 'sheep', 0, -20, 20, 9),
(314, 9, 'clay', 0, -10, 10, 4),
(315, 9, 'sheep', 0, 0, 0, 5),
(316, 9, 'wheat', 0, 10, -10, 3),
(317, 9, 'sheep', 0, 20, -20, 8),
(318, 9, 'ocean', 0, 30, -30, NULL),
(319, 9, 'ocean', 10, -30, 20, NULL),
(320, 9, 'stone', 10, -20, 10, 12),
(321, 9, 'stone', 10, -10, 0, 9),
(322, 9, 'wood', 10, 0, -10, 10),
(323, 9, 'desert', 10, 10, -20, NULL),
(324, 9, 'ocean', 10, 20, -30, NULL),
(325, 9, 'ocean', 20, -30, 10, NULL),
(326, 9, 'clay', 20, -20, 0, 6),
(327, 9, 'wood', 20, -10, -10, 6),
(328, 9, 'wheat', 20, 0, -20, 11),
(329, 9, 'ocean', 20, 10, -30, NULL),
(330, 9, 'ocean', 30, -30, 0, NULL),
(331, 9, 'ocean', 30, -20, -10, NULL),
(332, 9, 'ocean', 30, -10, -20, NULL),
(333, 9, 'ocean', 30, 0, -30, NULL),
(334, 10, 'ocean', -30, 0, 30, NULL),
(335, 10, 'ocean', -30, 10, 20, NULL),
(336, 10, 'ocean', -30, 20, 10, NULL),
(337, 10, 'ocean', -30, 30, 0, NULL),
(338, 10, 'ocean', -20, -10, 30, NULL),
(339, 10, 'wheat', -20, 0, 20, 3),
(340, 10, 'wood', -20, 10, 10, 8),
(341, 10, 'wood', -20, 20, 0, 3),
(342, 10, 'ocean', -20, 30, -10, NULL),
(343, 10, 'ocean', -10, -20, 30, NULL),
(344, 10, 'sheep', -10, -10, 20, 12),
(345, 10, 'sheep', -10, 0, 10, 11),
(346, 10, 'desert', -10, 10, 0, NULL),
(347, 10, 'clay', -10, 20, -10, 10),
(348, 10, 'ocean', -10, 30, -20, NULL),
(349, 10, 'ocean', 0, -30, 30, NULL),
(350, 10, 'stone', 0, -20, 20, 6),
(351, 10, 'clay', 0, -10, 10, 6),
(352, 10, 'sheep', 0, 0, 0, 2),
(353, 10, 'stone', 0, 10, -10, 11),
(354, 10, 'wood', 0, 20, -20, 9),
(355, 10, 'ocean', 0, 30, -30, NULL),
(356, 10, 'ocean', 10, -30, 20, NULL),
(357, 10, 'wood', 10, -20, 10, 5),
(358, 10, 'wheat', 10, -10, 0, 5),
(359, 10, 'clay', 10, 0, -10, 10),
(360, 10, 'sheep', 10, 10, -20, 9),
(361, 10, 'ocean', 10, 20, -30, NULL),
(362, 10, 'ocean', 20, -30, 10, NULL),
(363, 10, 'wheat', 20, -20, 0, 4),
(364, 10, 'stone', 20, -10, -10, 8),
(365, 10, 'wheat', 20, 0, -20, 4),
(366, 10, 'ocean', 20, 10, -30, NULL),
(367, 10, 'ocean', 30, -30, 0, NULL),
(368, 10, 'ocean', 30, -20, -10, NULL),
(369, 10, 'ocean', 30, -10, -20, NULL),
(370, 10, 'ocean', 30, 0, -30, NULL),
(371, 11, 'ocean', -30, 0, 30, NULL),
(372, 11, 'ocean', -30, 10, 20, NULL),
(373, 11, 'ocean', -30, 20, 10, NULL),
(374, 11, 'ocean', -30, 30, 0, NULL),
(375, 11, 'ocean', -20, -10, 30, NULL),
(376, 11, 'sheep', -20, 0, 20, 4),
(377, 11, 'stone', -20, 10, 10, 4),
(378, 11, 'wheat', -20, 20, 0, 10),
(379, 11, 'ocean', -20, 30, -10, NULL),
(380, 11, 'ocean', -10, -20, 30, NULL),
(381, 11, 'stone', -10, -10, 20, 12),
(382, 11, 'sheep', -10, 0, 10, 10),
(383, 11, 'clay', -10, 10, 0, 11),
(384, 11, 'wood', -10, 20, -10, 8),
(385, 11, 'ocean', -10, 30, -20, NULL),
(386, 11, 'ocean', 0, -30, 30, NULL),
(387, 11, 'wood', 0, -20, 20, 5),
(388, 11, 'wheat', 0, -10, 10, 9),
(389, 11, 'clay', 0, 0, 0, 8),
(390, 11, 'desert', 0, 10, -10, NULL),
(391, 11, 'sheep', 0, 20, -20, 6),
(392, 11, 'ocean', 0, 30, -30, NULL),
(393, 11, 'ocean', 10, -30, 20, NULL),
(394, 11, 'sheep', 10, -20, 10, 9),
(395, 11, 'wood', 10, -10, 0, 11),
(396, 11, 'wheat', 10, 0, -10, 5),
(397, 11, 'stone', 10, 10, -20, 2),
(398, 11, 'ocean', 10, 20, -30, NULL),
(399, 11, 'ocean', 20, -30, 10, NULL),
(400, 11, 'clay', 20, -20, 0, 3),
(401, 11, 'wheat', 20, -10, -10, 3),
(402, 11, 'wood', 20, 0, -20, 6),
(403, 11, 'ocean', 20, 10, -30, NULL),
(404, 11, 'ocean', 30, -30, 0, NULL),
(405, 11, 'ocean', 30, -20, -10, NULL),
(406, 11, 'ocean', 30, -10, -20, NULL),
(407, 11, 'ocean', 30, 0, -30, NULL),
(408, 12, 'ocean', -30, 0, 30, NULL),
(409, 12, 'ocean', -30, 10, 20, NULL),
(410, 12, 'ocean', -30, 20, 10, NULL),
(411, 12, 'ocean', -30, 30, 0, NULL),
(412, 12, 'ocean', -20, -10, 30, NULL),
(413, 12, 'wheat', -20, 0, 20, 5),
(414, 12, 'wood', -20, 10, 10, 3),
(415, 12, 'sheep', -20, 20, 0, 11),
(416, 12, 'ocean', -20, 30, -10, NULL),
(417, 12, 'ocean', -10, -20, 30, NULL),
(418, 12, 'wood', -10, -10, 20, 9),
(419, 12, 'wood', -10, 0, 10, 2),
(420, 12, 'stone', -10, 10, 0, 6),
(421, 12, 'stone', -10, 20, -10, 5),
(422, 12, 'ocean', -10, 30, -20, NULL),
(423, 12, 'ocean', 0, -30, 30, NULL),
(424, 12, 'wheat', 0, -20, 20, 4),
(425, 12, 'stone', 0, -10, 10, 12),
(426, 12, 'sheep', 0, 0, 0, 9),
(427, 12, 'clay', 0, 10, -10, 8),
(428, 12, 'sheep', 0, 20, -20, 6),
(429, 12, 'ocean', 0, 30, -30, NULL),
(430, 12, 'ocean', 10, -30, 20, NULL),
(431, 12, 'wheat', 10, -20, 10, 11),
(432, 12, 'sheep', 10, -10, 0, 4),
(433, 12, 'wood', 10, 0, -10, 10),
(434, 12, 'wheat', 10, 10, -20, 10),
(435, 12, 'ocean', 10, 20, -30, NULL),
(436, 12, 'ocean', 20, -30, 10, NULL),
(437, 12, 'desert', 20, -20, 0, NULL),
(438, 12, 'clay', 20, -10, -10, 8),
(439, 12, 'clay', 20, 0, -20, 3),
(440, 12, 'ocean', 20, 10, -30, NULL),
(441, 12, 'ocean', 30, -30, 0, NULL),
(442, 12, 'ocean', 30, -20, -10, NULL),
(443, 12, 'ocean', 30, -10, -20, NULL),
(444, 12, 'ocean', 30, 0, -30, NULL),
(445, 13, 'ocean', -30, 0, 30, NULL),
(446, 13, 'ocean', -30, 10, 20, NULL),
(447, 13, 'ocean', -30, 20, 10, NULL),
(448, 13, 'ocean', -30, 30, 0, NULL),
(449, 13, 'ocean', -20, -10, 30, NULL),
(450, 13, 'wheat', -20, 0, 20, 2),
(451, 13, 'clay', -20, 10, 10, 4),
(452, 13, 'wood', -20, 20, 0, 11),
(453, 13, 'ocean', -20, 30, -10, NULL),
(454, 13, 'ocean', -10, -20, 30, NULL),
(455, 13, 'wood', -10, -10, 20, 8),
(456, 13, 'sheep', -10, 0, 10, 3),
(457, 13, 'sheep', -10, 10, 0, 9),
(458, 13, 'wheat', -10, 20, -10, 6),
(459, 13, 'ocean', -10, 30, -20, NULL),
(460, 13, 'ocean', 0, -30, 30, NULL),
(461, 13, 'stone', 0, -20, 20, 10),
(462, 13, 'stone', 0, -10, 10, 9),
(463, 13, 'wood', 0, 0, 0, 3),
(464, 13, 'wheat', 0, 10, -10, 4),
(465, 13, 'clay', 0, 20, -20, 5),
(466, 13, 'ocean', 0, 30, -30, NULL),
(467, 13, 'ocean', 10, -30, 20, NULL),
(468, 13, 'wood', 10, -20, 10, 11),
(469, 13, 'clay', 10, -10, 0, 8),
(470, 13, 'sheep', 10, 0, -10, 6),
(471, 13, 'desert', 10, 10, -20, NULL),
(472, 13, 'ocean', 10, 20, -30, NULL),
(473, 13, 'ocean', 20, -30, 10, NULL),
(474, 13, 'sheep', 20, -20, 0, 12),
(475, 13, 'stone', 20, -10, -10, 10),
(476, 13, 'wheat', 20, 0, -20, 5),
(477, 13, 'ocean', 20, 10, -30, NULL),
(478, 13, 'ocean', 30, -30, 0, NULL),
(479, 13, 'ocean', 30, -20, -10, NULL),
(480, 13, 'ocean', 30, -10, -20, NULL),
(481, 13, 'ocean', 30, 0, -30, NULL),
(482, 14, 'ocean', -30, 0, 30, NULL),
(483, 14, 'ocean', -30, 10, 20, NULL),
(484, 14, 'ocean', -30, 20, 10, NULL),
(485, 14, 'ocean', -30, 30, 0, NULL),
(486, 14, 'ocean', -20, -10, 30, NULL),
(487, 14, 'wood', -20, 0, 20, 2),
(488, 14, 'wheat', -20, 10, 10, 8),
(489, 14, 'clay', -20, 20, 0, 12),
(490, 14, 'ocean', -20, 30, -10, NULL),
(491, 14, 'ocean', -10, -20, 30, NULL),
(492, 14, 'desert', -10, -10, 20, NULL),
(493, 14, 'clay', -10, 0, 10, 5),
(494, 14, 'sheep', -10, 10, 0, 10),
(495, 14, 'wood', -10, 20, -10, 11),
(496, 14, 'ocean', -10, 30, -20, NULL),
(497, 14, 'ocean', 0, -30, 30, NULL),
(498, 14, 'wood', 0, -20, 20, 3),
(499, 14, 'clay', 0, -10, 10, 8),
(500, 14, 'sheep', 0, 0, 0, 3),
(501, 14, 'stone', 0, 10, -10, 5),
(502, 14, 'wheat', 0, 20, -20, 4),
(503, 14, 'ocean', 0, 30, -30, NULL),
(504, 14, 'ocean', 10, -30, 20, NULL),
(505, 14, 'wood', 10, -20, 10, 10),
(506, 14, 'sheep', 10, -10, 0, 6),
(507, 14, 'sheep', 10, 0, -10, 11),
(508, 14, 'stone', 10, 10, -20, 4),
(509, 14, 'ocean', 10, 20, -30, NULL),
(510, 14, 'ocean', 20, -30, 10, NULL),
(511, 14, 'stone', 20, -20, 0, 9),
(512, 14, 'wheat', 20, -10, -10, 6),
(513, 14, 'wheat', 20, 0, -20, 9),
(514, 14, 'ocean', 20, 10, -30, NULL),
(515, 14, 'ocean', 30, -30, 0, NULL),
(516, 14, 'ocean', 30, -20, -10, NULL),
(517, 14, 'ocean', 30, -10, -20, NULL),
(518, 14, 'ocean', 30, 0, -30, NULL),
(519, 15, 'ocean', -30, 0, 30, NULL),
(520, 15, 'ocean', -30, 10, 20, NULL),
(521, 15, 'ocean', -30, 20, 10, NULL),
(522, 15, 'ocean', -30, 30, 0, NULL),
(523, 15, 'ocean', -20, -10, 30, NULL),
(524, 15, 'clay', -20, 0, 20, 5),
(525, 15, 'wheat', -20, 10, 10, 8),
(526, 15, 'wood', -20, 20, 0, 5),
(527, 15, 'ocean', -20, 30, -10, NULL),
(528, 15, 'ocean', -10, -20, 30, NULL),
(529, 15, 'stone', -10, -10, 20, 12),
(530, 15, 'wood', -10, 0, 10, 2),
(531, 15, 'wheat', -10, 10, 0, 11),
(532, 15, 'stone', -10, 20, -10, 9),
(533, 15, 'ocean', -10, 30, -20, NULL),
(534, 15, 'ocean', 0, -30, 30, NULL),
(535, 15, 'sheep', 0, -20, 20, 11),
(536, 15, 'clay', 0, -10, 10, 3),
(537, 15, 'wheat', 0, 0, 0, 8),
(538, 15, 'sheep', 0, 10, -10, 10),
(539, 15, 'desert', 0, 20, -20, NULL),
(540, 15, 'ocean', 0, 30, -30, NULL),
(541, 15, 'ocean', 10, -30, 20, NULL),
(542, 15, 'clay', 10, -20, 10, 4),
(543, 15, 'wheat', 10, -10, 0, 4),
(544, 15, 'wood', 10, 0, -10, 10),
(545, 15, 'sheep', 10, 10, -20, 6),
(546, 15, 'ocean', 10, 20, -30, NULL),
(547, 15, 'ocean', 20, -30, 10, NULL),
(548, 15, 'sheep', 20, -20, 0, 6),
(549, 15, 'wood', 20, -10, -10, 3),
(550, 15, 'stone', 20, 0, -20, 9),
(551, 15, 'ocean', 20, 10, -30, NULL),
(552, 15, 'ocean', 30, -30, 0, NULL),
(553, 15, 'ocean', 30, -20, -10, NULL),
(554, 15, 'ocean', 30, -10, -20, NULL),
(555, 15, 'ocean', 30, 0, -30, NULL),
(556, 16, 'ocean', -30, 0, 30, NULL),
(557, 16, 'ocean', -30, 10, 20, NULL),
(558, 16, 'ocean', -30, 20, 10, NULL),
(559, 16, 'ocean', -30, 30, 0, NULL),
(560, 16, 'ocean', -20, -10, 30, NULL),
(561, 16, 'sheep', -20, 0, 20, 12),
(562, 16, 'wood', -20, 10, 10, 8),
(563, 16, 'wheat', -20, 20, 0, 11),
(564, 16, 'ocean', -20, 30, -10, NULL),
(565, 16, 'ocean', -10, -20, 30, NULL),
(566, 16, 'stone', -10, -10, 20, 3),
(567, 16, 'wood', -10, 0, 10, 6),
(568, 16, 'clay', -10, 10, 0, 4),
(569, 16, 'desert', -10, 20, -10, NULL),
(570, 16, 'ocean', -10, 30, -20, NULL),
(571, 16, 'ocean', 0, -30, 30, NULL),
(572, 16, 'sheep', 0, -20, 20, 11),
(573, 16, 'stone', 0, -10, 10, 5),
(574, 16, 'wood', 0, 0, 0, 8),
(575, 16, 'wheat', 0, 10, -10, 3),
(576, 16, 'stone', 0, 20, -20, 2),
(577, 16, 'ocean', 0, 30, -30, NULL),
(578, 16, 'ocean', 10, -30, 20, NULL),
(579, 16, 'sheep', 10, -20, 10, 10),
(580, 16, 'clay', 10, -10, 0, 4),
(581, 16, 'sheep', 10, 0, -10, 9),
(582, 16, 'clay', 10, 10, -20, 5),
(583, 16, 'ocean', 10, 20, -30, NULL),
(584, 16, 'ocean', 20, -30, 10, NULL),
(585, 16, 'wheat', 20, -20, 0, 6),
(586, 16, 'wheat', 20, -10, -10, 10),
(587, 16, 'wood', 20, 0, -20, 9),
(588, 16, 'ocean', 20, 10, -30, NULL),
(589, 16, 'ocean', 30, -30, 0, NULL),
(590, 16, 'ocean', 30, -20, -10, NULL),
(591, 16, 'ocean', 30, -10, -20, NULL),
(592, 16, 'ocean', 30, 0, -30, NULL),
(593, 17, 'ocean', -30, 0, 30, NULL),
(594, 17, 'ocean', -30, 10, 20, NULL),
(595, 17, 'ocean', -30, 20, 10, NULL),
(596, 17, 'ocean', -30, 30, 0, NULL),
(597, 17, 'ocean', -20, -10, 30, NULL),
(598, 17, 'stone', -20, 0, 20, 3),
(599, 17, 'sheep', -20, 10, 10, 11),
(600, 17, 'clay', -20, 20, 0, 12),
(601, 17, 'ocean', -20, 30, -10, NULL),
(602, 17, 'ocean', -10, -20, 30, NULL),
(603, 17, 'wheat', -10, -10, 20, 9),
(604, 17, 'wood', -10, 0, 10, 6),
(605, 17, 'clay', -10, 10, 0, 8),
(606, 17, 'stone', -10, 20, -10, 8),
(607, 17, 'ocean', -10, 30, -20, NULL),
(608, 17, 'ocean', 0, -30, 30, NULL),
(609, 17, 'wheat', 0, -20, 20, 9),
(610, 17, 'sheep', 0, -10, 10, 10),
(611, 17, 'sheep', 0, 0, 0, 6),
(612, 17, 'sheep', 0, 10, -10, 5),
(613, 17, 'clay', 0, 20, -20, 4),
(614, 17, 'ocean', 0, 30, -30, NULL),
(615, 17, 'ocean', 10, -30, 20, NULL),
(616, 17, 'wood', 10, -20, 10, 5),
(617, 17, 'desert', 10, -10, 0, NULL),
(618, 17, 'wood', 10, 0, -10, 4),
(619, 17, 'stone', 10, 10, -20, 11),
(620, 17, 'ocean', 10, 20, -30, NULL),
(621, 17, 'ocean', 20, -30, 10, NULL),
(622, 17, 'wood', 20, -20, 0, 3),
(623, 17, 'wheat', 20, -10, -10, 10),
(624, 17, 'wheat', 20, 0, -20, 2),
(625, 17, 'ocean', 20, 10, -30, NULL),
(626, 17, 'ocean', 30, -30, 0, NULL),
(627, 17, 'ocean', 30, -20, -10, NULL),
(628, 17, 'ocean', 30, -10, -20, NULL),
(629, 17, 'ocean', 30, 0, -30, NULL),
(630, 18, 'ocean', -30, 0, 30, NULL),
(631, 18, 'ocean', -30, 10, 20, NULL),
(632, 18, 'ocean', -30, 20, 10, NULL),
(633, 18, 'ocean', -30, 30, 0, NULL),
(634, 18, 'ocean', -20, -10, 30, NULL),
(635, 18, 'clay', -20, 0, 20, 8),
(636, 18, 'wheat', -20, 10, 10, 10),
(637, 18, 'sheep', -20, 20, 0, 12),
(638, 18, 'ocean', -20, 30, -10, NULL),
(639, 18, 'ocean', -10, -20, 30, NULL),
(640, 18, 'wood', -10, -10, 20, 3),
(641, 18, 'sheep', -10, 0, 10, 4),
(642, 18, 'clay', -10, 10, 0, 8),
(643, 18, 'stone', -10, 20, -10, 5),
(644, 18, 'ocean', -10, 30, -20, NULL),
(645, 18, 'ocean', 0, -30, 30, NULL),
(646, 18, 'wood', 0, -20, 20, 11),
(647, 18, 'wheat', 0, -10, 10, 2),
(648, 18, 'desert', 0, 0, 0, NULL),
(649, 18, 'wheat', 0, 10, -10, 9),
(650, 18, 'wheat', 0, 20, -20, 5),
(651, 18, 'ocean', 0, 30, -30, NULL),
(652, 18, 'ocean', 10, -30, 20, NULL),
(653, 18, 'stone', 10, -20, 10, 3),
(654, 18, 'sheep', 10, -10, 0, 6),
(655, 18, 'wood', 10, 0, -10, 9),
(656, 18, 'wood', 10, 10, -20, 10),
(657, 18, 'ocean', 10, 20, -30, NULL),
(658, 18, 'ocean', 20, -30, 10, NULL),
(659, 18, 'clay', 20, -20, 0, 11),
(660, 18, 'sheep', 20, -10, -10, 4),
(661, 18, 'stone', 20, 0, -20, 6),
(662, 18, 'ocean', 20, 10, -30, NULL),
(663, 18, 'ocean', 30, -30, 0, NULL),
(664, 18, 'ocean', 30, -20, -10, NULL),
(665, 18, 'ocean', 30, -10, -20, NULL),
(666, 18, 'ocean', 30, 0, -30, NULL),
(667, 19, 'ocean', -30, 0, 30, NULL),
(668, 19, 'ocean', -30, 10, 20, NULL),
(669, 19, 'ocean', -30, 20, 10, NULL),
(670, 19, 'ocean', -30, 30, 0, NULL),
(671, 19, 'ocean', -20, -10, 30, NULL),
(672, 19, 'sheep', -20, 0, 20, 8),
(673, 19, 'wheat', -20, 10, 10, 9),
(674, 19, 'wheat', -20, 20, 0, 4),
(675, 19, 'ocean', -20, 30, -10, NULL),
(676, 19, 'ocean', -10, -20, 30, NULL),
(677, 19, 'stone', -10, -10, 20, 5),
(678, 19, 'wood', -10, 0, 10, 4),
(679, 19, 'clay', -10, 10, 0, 6),
(680, 19, 'wood', -10, 20, -10, 6),
(681, 19, 'ocean', -10, 30, -20, NULL),
(682, 19, 'ocean', 0, -30, 30, NULL),
(683, 19, 'sheep', 0, -20, 20, 11),
(684, 19, 'clay', 0, -10, 10, 3),
(685, 19, 'wheat', 0, 0, 0, 10),
(686, 19, 'sheep', 0, 10, -10, 10),
(687, 19, 'wood', 0, 20, -20, 2),
(688, 19, 'ocean', 0, 30, -30, NULL),
(689, 19, 'ocean', 10, -30, 20, NULL),
(690, 19, 'wood', 10, -20, 10, 5),
(691, 19, 'clay', 10, -10, 0, 9),
(692, 19, 'wheat', 10, 0, -10, 11),
(693, 19, 'sheep', 10, 10, -20, 8),
(694, 19, 'ocean', 10, 20, -30, NULL),
(695, 19, 'ocean', 20, -30, 10, NULL),
(696, 19, 'stone', 20, -20, 0, 3),
(697, 19, 'stone', 20, -10, -10, 12),
(698, 19, 'desert', 20, 0, -20, NULL),
(699, 19, 'ocean', 20, 10, -30, NULL),
(700, 19, 'ocean', 30, -30, 0, NULL),
(701, 19, 'ocean', 30, -20, -10, NULL),
(702, 19, 'ocean', 30, -10, -20, NULL),
(703, 19, 'ocean', 30, 0, -30, NULL);

-- --------------------------------------------------------

--
-- Struktura tabeli dla tabeli `users`
--

CREATE TABLE IF NOT EXISTS `users` (
  `id` int(11) NOT NULL AUTO_INCREMENT,
  `nickname` varchar(250) COLLATE utf8_bin NOT NULL,
  `email` varchar(250) COLLATE utf8_bin NOT NULL,
  `password` varchar(64) COLLATE utf8_bin NOT NULL,
  `games_played` int(11) NOT NULL DEFAULT '0',
  `games_won` int(11) NOT NULL DEFAULT '0',
  `games_completed` int(11) NOT NULL DEFAULT '0',
  PRIMARY KEY (`id`)
) ENGINE=InnoDB  DEFAULT CHARSET=utf8 COLLATE=utf8_bin AUTO_INCREMENT=4 ;

--
-- Zrzut danych tabeli `users`
--

INSERT INTO `users` (`id`, `nickname`, `email`, `password`, `games_played`, `games_won`, `games_completed`) VALUES
(1, 'Sony', 'sdfak', 'dsfjhkhjfk', 0, 0, 0),
(2, 'Mroova', 'sdfkasdfj', 'sdfkjfskjdf', 0, 0, 0),
(3, 'Fellglen', 'asdadsdkfj', 'jksdfjkhsdfj', 0, 0, 0);

/*!40101 SET CHARACTER_SET_CLIENT=@OLD_CHARACTER_SET_CLIENT */;
/*!40101 SET CHARACTER_SET_RESULTS=@OLD_CHARACTER_SET_RESULTS */;
/*!40101 SET COLLATION_CONNECTION=@OLD_COLLATION_CONNECTION */;
