-- phpMyAdmin SQL Dump
-- version 4.1.6
-- http://www.phpmyadmin.net
--
-- Host: 127.0.0.1
-- Generation Time: 12 Mar 2014, 22:45
-- Server version: 5.6.16
-- PHP Version: 5.5.9

SET SQL_MODE = "NO_AUTO_VALUE_ON_ZERO";
SET time_zone = "+00:00";


/*!40101 SET @OLD_CHARACTER_SET_CLIENT=@@CHARACTER_SET_CLIENT */;
/*!40101 SET @OLD_CHARACTER_SET_RESULTS=@@CHARACTER_SET_RESULTS */;
/*!40101 SET @OLD_COLLATION_CONNECTION=@@COLLATION_CONNECTION */;
/*!40101 SET NAMES utf8 */;

--
-- Database: `catan`
--

-- --------------------------------------------------------

--
-- Struktura tabeli dla tabeli `boards`
--

CREATE TABLE IF NOT EXISTS `boards` (
  `id` int(11) NOT NULL AUTO_INCREMENT,
  `game_id` int(11) NOT NULL,
  `thief_location` int(11) NOT NULL DEFAULT '0',
  `is_changed` tinyint(1) NOT NULL DEFAULT '1',
  PRIMARY KEY (`id`)
) ENGINE=InnoDB  DEFAULT CHARSET=utf8 COLLATE=utf8_bin AUTO_INCREMENT=15 ;

--
-- Zrzut danych tabeli `boards`
--

INSERT INTO `boards` (`id`, `game_id`, `thief_location`, `is_changed`) VALUES
(1, 4, 18, 1),
(2, 5, 51, 1),
(3, 6, 94, 1),
(4, 7, 142, 1),
(5, 8, 156, 1),
(6, 9, 198, 1),
(7, 10, 230, 1),
(8, 11, 286, 1),
(9, 12, 313, 1),
(10, 13, 359, 1),
(11, 14, 401, 1),
(12, 15, 434, 1),
(13, 16, 452, 1),
(14, 17, 511, 1);

-- --------------------------------------------------------

--
-- Struktura tabeli dla tabeli `cards`
--

CREATE TABLE IF NOT EXISTS `cards` (
  `id` int(11) NOT NULL AUTO_INCREMENT,
  `board_id` int(11) NOT NULL,
  `player_id` int(11) DEFAULT NULL,
  `is_used` tinyint(1) NOT NULL DEFAULT '0',
  `type` enum('knight','victorypoint','monopoly','yearofplenty','roadbuilding') CHARACTER SET utf8 NOT NULL,
  PRIMARY KEY (`id`)
) ENGINE=InnoDB  DEFAULT CHARSET=utf8 COLLATE=utf8_bin AUTO_INCREMENT=29 ;

--
-- Zrzut danych tabeli `cards`
--

INSERT INTO `cards` (`id`, `board_id`, `player_id`, `is_used`, `type`) VALUES
(1, 3, NULL, 0, 'monopoly'),
(2, 3, NULL, 0, 'roadbuilding'),
(3, 3, NULL, 0, 'victorypoint'),
(4, 3, NULL, 0, 'monopoly'),
(5, 3, NULL, 0, 'knight'),
(6, 3, NULL, 0, 'roadbuilding'),
(7, 3, NULL, 0, 'knight'),
(8, 3, NULL, 0, 'monopoly'),
(9, 3, NULL, 0, 'victorypoint'),
(10, 3, NULL, 0, 'monopoly'),
(11, 3, NULL, 0, 'knight'),
(12, 3, NULL, 0, 'knight'),
(13, 3, NULL, 0, 'roadbuilding'),
(14, 3, NULL, 0, 'knight'),
(15, 4, NULL, 0, 'victorypoint'),
(16, 4, NULL, 0, 'roadbuilding'),
(17, 4, NULL, 0, 'roadbuilding'),
(18, 4, NULL, 0, ''),
(19, 4, NULL, 0, 'victorypoint'),
(20, 4, NULL, 0, 'monopoly'),
(21, 4, NULL, 0, 'roadbuilding'),
(22, 4, NULL, 0, 'monopoly'),
(23, 4, NULL, 0, 'monopoly'),
(24, 4, NULL, 0, 'knight'),
(25, 4, NULL, 0, ''),
(26, 4, NULL, 0, 'knight'),
(27, 4, NULL, 0, 'knight'),
(28, 4, NULL, 0, 'knight');

-- --------------------------------------------------------

--
-- Struktura tabeli dla tabeli `games`
--

CREATE TABLE IF NOT EXISTS `games` (
  `id` int(11) NOT NULL AUTO_INCREMENT,
  `is_changed` tinyint(1) NOT NULL DEFAULT '1',
  `is_finished` tinyint(1) NOT NULL DEFAULT '0',
  `turn_number` int(11) NOT NULL DEFAULT '1',
  `current_player` int(11) NOT NULL DEFAULT '1',
  `active_thief` int(11) NOT NULL,
  `created_at` timestamp NOT NULL DEFAULT CURRENT_TIMESTAMP ON UPDATE CURRENT_TIMESTAMP,
  `updated_at` timestamp NOT NULL DEFAULT '0000-00-00 00:00:00',
  PRIMARY KEY (`id`)
) ENGINE=InnoDB  DEFAULT CHARSET=utf8 COLLATE=utf8_bin AUTO_INCREMENT=18 ;

--
-- Zrzut danych tabeli `games`
--

INSERT INTO `games` (`id`, `is_changed`, `is_finished`, `turn_number`, `current_player`, `active_thief`, `created_at`, `updated_at`) VALUES
(1, 1, 0, 0, 0, 0, '2014-03-12 07:30:26', '2014-03-12 07:30:26'),
(2, 1, 0, 0, 0, 0, '2014-03-12 07:33:13', '2014-03-12 07:33:13'),
(3, 1, 0, 5, 3, 1, '2014-03-12 20:11:41', '2014-03-12 19:11:41'),
(4, 1, 0, 0, 0, 0, '2014-03-12 07:41:01', '2014-03-12 07:41:01'),
(5, 1, 0, 0, 0, 0, '2014-03-12 07:41:32', '2014-03-12 07:41:32'),
(6, 1, 0, 0, 0, 0, '2014-03-12 07:45:57', '2014-03-12 07:45:57'),
(7, 1, 0, 0, 0, 0, '2014-03-12 07:47:19', '2014-03-12 07:47:19'),
(8, 1, 0, 0, 0, 0, '2014-03-12 07:48:19', '2014-03-12 07:48:19'),
(9, 1, 0, 0, 0, 0, '2014-03-12 07:48:50', '2014-03-12 07:48:50'),
(10, 1, 0, 0, 0, 0, '2014-03-12 08:09:00', '2014-03-12 08:09:00'),
(11, 1, 0, 0, 0, 0, '2014-03-12 08:09:43', '2014-03-12 08:09:43'),
(12, 1, 0, 0, 0, 0, '2014-03-12 08:10:30', '2014-03-12 08:10:30'),
(13, 1, 0, 0, 0, 0, '2014-03-12 08:11:36', '2014-03-12 08:11:36'),
(14, 1, 0, 0, 2, 0, '2014-03-12 09:32:26', '2014-03-12 08:32:26'),
(15, 1, 0, 4, 1, 1, '2014-03-12 20:53:21', '2014-03-12 19:53:21'),
(16, 1, 0, 0, 1, 0, '2014-03-12 18:28:53', '2014-03-12 18:28:53'),
(17, 1, 0, 3, 3, 1, '2014-03-12 21:38:04', '2014-03-12 20:38:04');

-- --------------------------------------------------------

--
-- Struktura tabeli dla tabeli `players`
--

CREATE TABLE IF NOT EXISTS `players` (
  `id` int(11) NOT NULL AUTO_INCREMENT,
  `game_id` int(11) NOT NULL,
  `user_id` int(11) NOT NULL,
  `is_host` tinyint(1) NOT NULL DEFAULT '0',
  `turn_order` int(11) NOT NULL,
  `wood` int(11) NOT NULL DEFAULT '0',
  `stone` int(11) NOT NULL DEFAULT '0',
  `sheep` int(11) NOT NULL DEFAULT '0',
  `clay` int(11) NOT NULL DEFAULT '0',
  `wheat` int(11) NOT NULL DEFAULT '0',
  PRIMARY KEY (`id`)
) ENGINE=InnoDB  DEFAULT CHARSET=utf8 COLLATE=utf8_bin AUTO_INCREMENT=25 ;

--
-- Zrzut danych tabeli `players`
--

INSERT INTO `players` (`id`, `game_id`, `user_id`, `is_host`, `turn_order`, `wood`, `stone`, `sheep`, `clay`, `wheat`) VALUES
(1, 1, 2, 1, 0, 0, 0, 0, 0, 0),
(2, 2, 2, 1, 0, 0, 0, 0, 0, 0),
(3, 3, 2, 1, 0, 0, 0, 0, 0, 0),
(4, 4, 2, 1, 0, 0, 0, 0, 0, 0),
(5, 5, 2, 1, 0, 0, 0, 0, 0, 0),
(6, 6, 2, 1, 0, 0, 0, 0, 0, 0),
(7, 7, 2, 1, 0, 0, 0, 0, 0, 0),
(8, 8, 2, 1, 0, 0, 0, 0, 0, 0),
(9, 9, 2, 1, 0, 0, 0, 0, 0, 0),
(10, 10, 2, 1, 0, 0, 0, 0, 0, 0),
(11, 11, 2, 1, 0, 0, 0, 0, 0, 0),
(12, 12, 2, 1, 0, 0, 0, 0, 0, 0),
(13, 13, 2, 1, 0, 0, 0, 0, 0, 0),
(14, 14, 2, 1, 0, 0, 0, 0, 0, 0),
(15, 14, 3, 0, 0, 0, 0, 0, 0, 0),
(16, 15, 2, 1, 0, 0, 0, 0, 0, 0),
(17, 10, 2, 0, 0, 0, 0, 0, 0, 0),
(18, 16, 2, 1, 0, 0, 0, 0, 0, 0),
(19, 2, 2, 0, 0, 0, 0, 0, 0, 0),
(20, 2, 2, 0, 0, 0, 0, 0, 0, 0),
(21, 2, 2, 0, 0, 0, 0, 0, 0, 0),
(22, 3, 2, 0, 0, 0, 1, 2, 0, 2),
(23, 15, 2, 0, 0, 1, 1, 1, 1, 1),
(24, 17, 2, 1, 0, 3, 3, 1, 0, 2);

-- --------------------------------------------------------

--
-- Struktura tabeli dla tabeli `ports`
--

CREATE TABLE IF NOT EXISTS `ports` (
  `id` int(11) NOT NULL AUTO_INCREMENT,
  `type` enum('default','wood','stone','sheep','clay','wheat') COLLATE utf8_bin NOT NULL,
  `board_id` int(11) NOT NULL,
  `x` int(11) NOT NULL,
  `y` int(11) NOT NULL,
  `z` int(11) NOT NULL,
  PRIMARY KEY (`id`)
) ENGINE=InnoDB  DEFAULT CHARSET=utf8 COLLATE=utf8_bin AUTO_INCREMENT=127 ;

--
-- Zrzut danych tabeli `ports`
--

INSERT INTO `ports` (`id`, `type`, `board_id`, `x`, `y`, `z`) VALUES
(1, 'default', 1, -10, -15, 25),
(2, 'default', 1, 0, 25, -25),
(3, 'wheat', 1, 10, -25, 15),
(4, 'clay', 1, 25, -10, -15),
(5, 'sheep', 1, -25, 0, 25),
(6, 'stone', 1, 15, 10, -25),
(7, 'default', 1, -15, 25, -10),
(8, 'wood', 1, 25, -25, 0),
(9, 'default', 1, -25, 15, 10),
(10, 'stone', 2, -10, -15, 25),
(11, 'default', 2, 0, 25, -25),
(12, 'sheep', 2, 10, -25, 15),
(13, 'clay', 2, 25, -10, -15),
(14, 'default', 2, -25, 0, 25),
(15, 'default', 2, 15, 10, -25),
(16, 'wheat', 2, -15, 25, -10),
(17, 'wood', 2, 25, -25, 0),
(18, 'default', 2, -25, 15, 10),
(19, 'default', 3, -10, -15, 25),
(20, 'wood', 3, 0, 25, -25),
(21, 'default', 3, 10, -25, 15),
(22, 'clay', 3, 25, -10, -15),
(23, 'default', 3, -25, 0, 25),
(24, 'default', 3, 15, 10, -25),
(25, 'wheat', 3, -15, 25, -10),
(26, 'sheep', 3, 25, -25, 0),
(27, 'stone', 3, -25, 15, 10),
(28, 'clay', 4, -10, -15, 25),
(29, 'wood', 4, 0, 25, -25),
(30, 'wheat', 4, 10, -25, 15),
(31, 'sheep', 4, 25, -10, -15),
(32, 'stone', 4, -25, 0, 25),
(33, 'default', 4, 15, 10, -25),
(34, 'default', 4, -15, 25, -10),
(35, 'default', 4, 25, -25, 0),
(36, 'default', 4, -25, 15, 10),
(37, 'sheep', 5, -10, -15, 25),
(38, 'clay', 5, 0, 25, -25),
(39, 'default', 5, 10, -25, 15),
(40, 'default', 5, 25, -10, -15),
(41, 'stone', 5, -25, 0, 25),
(42, 'wheat', 5, 15, 10, -25),
(43, 'wood', 5, -15, 25, -10),
(44, 'default', 5, 25, -25, 0),
(45, 'default', 5, -25, 15, 10),
(46, 'default', 6, -10, -15, 25),
(47, 'wood', 6, 0, 25, -25),
(48, 'wheat', 6, 10, -25, 15),
(49, 'default', 6, 25, -10, -15),
(50, 'default', 6, -25, 0, 25),
(51, 'stone', 6, 15, 10, -25),
(52, 'clay', 6, -15, 25, -10),
(53, 'sheep', 6, 25, -25, 0),
(54, 'default', 6, -25, 15, 10),
(55, 'wheat', 7, -10, -15, 25),
(56, 'stone', 7, 0, 25, -25),
(57, 'default', 7, 10, -25, 15),
(58, 'clay', 7, 25, -10, -15),
(59, 'default', 7, -25, 0, 25),
(60, 'sheep', 7, 15, 10, -25),
(61, 'default', 7, -15, 25, -10),
(62, 'wood', 7, 25, -25, 0),
(63, 'default', 7, -25, 15, 10),
(64, 'default', 8, -10, -15, 25),
(65, 'sheep', 8, 0, 25, -25),
(66, 'default', 8, 10, -25, 15),
(67, 'stone', 8, 25, -10, -15),
(68, 'clay', 8, -25, 0, 25),
(69, 'wheat', 8, 15, 10, -25),
(70, 'default', 8, -15, 25, -10),
(71, 'wood', 8, 25, -25, 0),
(72, 'default', 8, -25, 15, 10),
(73, 'default', 9, -10, -15, 25),
(74, 'default', 9, 0, 25, -25),
(75, 'stone', 9, 10, -25, 15),
(76, 'wood', 9, 25, -10, -15),
(77, 'clay', 9, -25, 0, 25),
(78, 'wheat', 9, 15, 10, -25),
(79, 'default', 9, -15, 25, -10),
(80, 'default', 9, 25, -25, 0),
(81, 'sheep', 9, -25, 15, 10),
(82, 'wheat', 10, -10, -15, 25),
(83, 'sheep', 10, 0, 25, -25),
(84, 'default', 10, 10, -25, 15),
(85, 'default', 10, 25, -10, -15),
(86, 'stone', 10, -25, 0, 25),
(87, 'default', 10, 15, 10, -25),
(88, 'clay', 10, -15, 25, -10),
(89, 'wood', 10, 25, -25, 0),
(90, 'default', 10, -25, 15, 10),
(91, 'stone', 11, -10, -15, 25),
(92, 'wood', 11, 0, 25, -25),
(93, 'default', 11, 10, -25, 15),
(94, 'clay', 11, 25, -10, -15),
(95, 'sheep', 11, -25, 0, 25),
(96, 'wheat', 11, 15, 10, -25),
(97, 'default', 11, -15, 25, -10),
(98, 'default', 11, 25, -25, 0),
(99, 'default', 11, -25, 15, 10),
(100, 'wheat', 12, -10, -15, 25),
(101, 'clay', 12, 0, 25, -25),
(102, 'default', 12, 10, -25, 15),
(103, 'default', 12, 25, -10, -15),
(104, 'wood', 12, -25, 0, 25),
(105, 'sheep', 12, 15, 10, -25),
(106, 'stone', 12, -15, 25, -10),
(107, 'default', 12, 25, -25, 0),
(108, 'default', 12, -25, 15, 10),
(109, 'default', 13, -10, -15, 25),
(110, 'default', 13, 0, 25, -25),
(111, 'default', 13, 10, -25, 15),
(112, 'sheep', 13, 25, -10, -15),
(113, 'stone', 13, -25, 0, 25),
(114, 'wood', 13, 15, 10, -25),
(115, 'clay', 13, -15, 25, -10),
(116, 'wheat', 13, 25, -25, 0),
(117, 'default', 13, -25, 15, 10),
(118, 'clay', 14, -10, -15, 25),
(119, 'default', 14, 0, 25, -25),
(120, 'stone', 14, 10, -25, 15),
(121, 'sheep', 14, 25, -10, -15),
(122, 'default', 14, -25, 0, 25),
(123, 'wood', 14, 15, 10, -25),
(124, 'wheat', 14, -15, 25, -10),
(125, 'default', 14, 25, -25, 0),
(126, 'default', 14, -25, 15, 10);

-- --------------------------------------------------------

--
-- Struktura tabeli dla tabeli `roads`
--

CREATE TABLE IF NOT EXISTS `roads` (
  `id` int(11) NOT NULL AUTO_INCREMENT,
  `board_id` int(11) NOT NULL,
  `x` int(11) NOT NULL,
  `y` int(11) NOT NULL,
  `z` int(11) NOT NULL,
  `player_id` int(11) NOT NULL DEFAULT '0',
  PRIMARY KEY (`id`)
) ENGINE=InnoDB  DEFAULT CHARSET=utf8 COLLATE=utf8_bin AUTO_INCREMENT=1009 ;

--
-- Zrzut danych tabeli `roads`
--

INSERT INTO `roads` (`id`, `board_id`, `x`, `y`, `z`, `player_id`) VALUES
(1, 1, -20, -5, 25, 0),
(2, 1, -20, 5, 15, 0),
(3, 1, -20, 15, 5, 0),
(4, 1, -20, 25, -5, 0),
(5, 1, -10, -15, 25, 0),
(6, 1, -10, -5, 15, 0),
(7, 1, -10, 5, 5, 0),
(8, 1, -10, 15, -5, 0),
(9, 1, -10, 25, -15, 0),
(10, 1, 0, -25, 25, 0),
(11, 1, 0, -15, 15, 0),
(12, 1, 0, -5, 5, 0),
(13, 1, 0, 5, -5, 0),
(14, 1, 0, 15, -15, 0),
(15, 1, 0, 25, -25, 0),
(16, 1, 10, -25, 15, 0),
(17, 1, 10, -15, 5, 0),
(18, 1, 10, -5, -5, 0),
(19, 1, 10, 5, -15, 0),
(20, 1, 10, 15, -25, 0),
(21, 1, 20, -25, 5, 0),
(22, 1, 20, -15, -5, 0),
(23, 1, 20, -5, -15, 0),
(24, 1, 20, 5, -25, 0),
(25, 1, 25, -5, -20, 0),
(26, 1, 15, 5, -20, 0),
(27, 1, 5, 15, -20, 0),
(28, 1, -5, 25, -20, 0),
(29, 1, 25, -15, -10, 0),
(30, 1, 15, -5, -10, 0),
(31, 1, 5, 5, -10, 0),
(32, 1, -5, 15, -10, 0),
(33, 1, -15, 25, -10, 0),
(34, 1, 25, -25, 0, 0),
(35, 1, 15, -15, 0, 0),
(36, 1, 5, -5, 0, 0),
(37, 1, -5, 5, 0, 0),
(38, 1, -15, 15, 0, 0),
(39, 1, -25, 25, 0, 0),
(40, 1, 15, -25, 10, 0),
(41, 1, 5, -15, 10, 0),
(42, 1, -5, -5, 10, 0),
(43, 1, -15, 5, 10, 0),
(44, 1, -25, 15, 10, 0),
(45, 1, 5, -25, 20, 0),
(46, 1, -5, -15, 20, 0),
(47, 1, -15, -5, 20, 0),
(48, 1, -25, 5, 20, 0),
(49, 1, -5, -20, 25, 0),
(50, 1, 5, -20, 15, 0),
(51, 1, 15, -20, 5, 0),
(52, 1, 25, -20, -5, 0),
(53, 1, -15, -10, 25, 0),
(54, 1, -5, -10, 15, 0),
(55, 1, 5, -10, 5, 0),
(56, 1, 15, -10, -5, 0),
(57, 1, 25, -10, -15, 0),
(58, 1, -25, 0, 25, 0),
(59, 1, -15, 0, 15, 0),
(60, 1, -5, 0, 5, 0),
(61, 1, 5, 0, -5, 0),
(62, 1, 15, 0, -15, 0),
(63, 1, 25, 0, -25, 0),
(64, 1, -25, 10, 15, 0),
(65, 1, -15, 10, 5, 0),
(66, 1, -5, 10, -5, 0),
(67, 1, 5, 10, -15, 0),
(68, 1, 15, 10, -25, 0),
(69, 1, -25, 20, 5, 0),
(70, 1, -15, 20, -5, 0),
(71, 1, -5, 20, -15, 0),
(72, 1, 5, 20, -25, 0),
(73, 2, -20, -5, 25, 0),
(74, 2, -20, 5, 15, 0),
(75, 2, -20, 15, 5, 0),
(76, 2, -20, 25, -5, 0),
(77, 2, -10, -15, 25, 0),
(78, 2, -10, -5, 15, 0),
(79, 2, -10, 5, 5, 0),
(80, 2, -10, 15, -5, 0),
(81, 2, -10, 25, -15, 0),
(82, 2, 0, -25, 25, 0),
(83, 2, 0, -15, 15, 0),
(84, 2, 0, -5, 5, 0),
(85, 2, 0, 5, -5, 0),
(86, 2, 0, 15, -15, 0),
(87, 2, 0, 25, -25, 0),
(88, 2, 10, -25, 15, 0),
(89, 2, 10, -15, 5, 0),
(90, 2, 10, -5, -5, 0),
(91, 2, 10, 5, -15, 0),
(92, 2, 10, 15, -25, 0),
(93, 2, 20, -25, 5, 0),
(94, 2, 20, -15, -5, 0),
(95, 2, 20, -5, -15, 0),
(96, 2, 20, 5, -25, 0),
(97, 2, 25, -5, -20, 0),
(98, 2, 15, 5, -20, 0),
(99, 2, 5, 15, -20, 0),
(100, 2, -5, 25, -20, 0),
(101, 2, 25, -15, -10, 0),
(102, 2, 15, -5, -10, 0),
(103, 2, 5, 5, -10, 0),
(104, 2, -5, 15, -10, 0),
(105, 2, -15, 25, -10, 0),
(106, 2, 25, -25, 0, 0),
(107, 2, 15, -15, 0, 0),
(108, 2, 5, -5, 0, 0),
(109, 2, -5, 5, 0, 0),
(110, 2, -15, 15, 0, 0),
(111, 2, -25, 25, 0, 0),
(112, 2, 15, -25, 10, 0),
(113, 2, 5, -15, 10, 0),
(114, 2, -5, -5, 10, 0),
(115, 2, -15, 5, 10, 0),
(116, 2, -25, 15, 10, 0),
(117, 2, 5, -25, 20, 0),
(118, 2, -5, -15, 20, 0),
(119, 2, -15, -5, 20, 0),
(120, 2, -25, 5, 20, 0),
(121, 2, -5, -20, 25, 0),
(122, 2, 5, -20, 15, 0),
(123, 2, 15, -20, 5, 0),
(124, 2, 25, -20, -5, 0),
(125, 2, -15, -10, 25, 0),
(126, 2, -5, -10, 15, 0),
(127, 2, 5, -10, 5, 0),
(128, 2, 15, -10, -5, 0),
(129, 2, 25, -10, -15, 0),
(130, 2, -25, 0, 25, 0),
(131, 2, -15, 0, 15, 0),
(132, 2, -5, 0, 5, 0),
(133, 2, 5, 0, -5, 0),
(134, 2, 15, 0, -15, 0),
(135, 2, 25, 0, -25, 0),
(136, 2, -25, 10, 15, 0),
(137, 2, -15, 10, 5, 0),
(138, 2, -5, 10, -5, 0),
(139, 2, 5, 10, -15, 0),
(140, 2, 15, 10, -25, 0),
(141, 2, -25, 20, 5, 0),
(142, 2, -15, 20, -5, 0),
(143, 2, -5, 20, -15, 0),
(144, 2, 5, 20, -25, 0),
(145, 3, -20, -5, 25, 0),
(146, 3, -20, 5, 15, 0),
(147, 3, -20, 15, 5, 0),
(148, 3, -20, 25, -5, 0),
(149, 3, -10, -15, 25, 0),
(150, 3, -10, -5, 15, 0),
(151, 3, -10, 5, 5, 0),
(152, 3, -10, 15, -5, 0),
(153, 3, -10, 25, -15, 0),
(154, 3, 0, -25, 25, 0),
(155, 3, 0, -15, 15, 0),
(156, 3, 0, -5, 5, 0),
(157, 3, 0, 5, -5, 0),
(158, 3, 0, 15, -15, 0),
(159, 3, 0, 25, -25, 0),
(160, 3, 10, -25, 15, 0),
(161, 3, 10, -15, 5, 0),
(162, 3, 10, -5, -5, 0),
(163, 3, 10, 5, -15, 0),
(164, 3, 10, 15, -25, 0),
(165, 3, 20, -25, 5, 0),
(166, 3, 20, -15, -5, 0),
(167, 3, 20, -5, -15, 0),
(168, 3, 20, 5, -25, 0),
(169, 3, 25, -5, -20, 0),
(170, 3, 15, 5, -20, 0),
(171, 3, 5, 15, -20, 0),
(172, 3, -5, 25, -20, 0),
(173, 3, 25, -15, -10, 0),
(174, 3, 15, -5, -10, 0),
(175, 3, 5, 5, -10, 0),
(176, 3, -5, 15, -10, 0),
(177, 3, -15, 25, -10, 0),
(178, 3, 25, -25, 0, 0),
(179, 3, 15, -15, 0, 0),
(180, 3, 5, -5, 0, 0),
(181, 3, -5, 5, 0, 0),
(182, 3, -15, 15, 0, 0),
(183, 3, -25, 25, 0, 0),
(184, 3, 15, -25, 10, 0),
(185, 3, 5, -15, 10, 0),
(186, 3, -5, -5, 10, 0),
(187, 3, -15, 5, 10, 0),
(188, 3, -25, 15, 10, 0),
(189, 3, 5, -25, 20, 0),
(190, 3, -5, -15, 20, 0),
(191, 3, -15, -5, 20, 0),
(192, 3, -25, 5, 20, 0),
(193, 3, -5, -20, 25, 0),
(194, 3, 5, -20, 15, 0),
(195, 3, 15, -20, 5, 0),
(196, 3, 25, -20, -5, 0),
(197, 3, -15, -10, 25, 0),
(198, 3, -5, -10, 15, 0),
(199, 3, 5, -10, 5, 0),
(200, 3, 15, -10, -5, 0),
(201, 3, 25, -10, -15, 0),
(202, 3, -25, 0, 25, 0),
(203, 3, -15, 0, 15, 0),
(204, 3, -5, 0, 5, 0),
(205, 3, 5, 0, -5, 0),
(206, 3, 15, 0, -15, 0),
(207, 3, 25, 0, -25, 0),
(208, 3, -25, 10, 15, 0),
(209, 3, -15, 10, 5, 0),
(210, 3, -5, 10, -5, 0),
(211, 3, 5, 10, -15, 0),
(212, 3, 15, 10, -25, 0),
(213, 3, -25, 20, 5, 0),
(214, 3, -15, 20, -5, 0),
(215, 3, -5, 20, -15, 0),
(216, 3, 5, 20, -25, 0),
(217, 4, -20, -5, 25, 0),
(218, 4, -20, 5, 15, 0),
(219, 4, -20, 15, 5, 0),
(220, 4, -20, 25, -5, 0),
(221, 4, -10, -15, 25, 0),
(222, 4, -10, -5, 15, 0),
(223, 4, -10, 5, 5, 0),
(224, 4, -10, 15, -5, 0),
(225, 4, -10, 25, -15, 0),
(226, 4, 0, -25, 25, 0),
(227, 4, 0, -15, 15, 0),
(228, 4, 0, -5, 5, 0),
(229, 4, 0, 5, -5, 0),
(230, 4, 0, 15, -15, 0),
(231, 4, 0, 25, -25, 0),
(232, 4, 10, -25, 15, 0),
(233, 4, 10, -15, 5, 0),
(234, 4, 10, -5, -5, 0),
(235, 4, 10, 5, -15, 0),
(236, 4, 10, 15, -25, 0),
(237, 4, 20, -25, 5, 0),
(238, 4, 20, -15, -5, 0),
(239, 4, 20, -5, -15, 0),
(240, 4, 20, 5, -25, 0),
(241, 4, 25, -5, -20, 0),
(242, 4, 15, 5, -20, 0),
(243, 4, 5, 15, -20, 0),
(244, 4, -5, 25, -20, 0),
(245, 4, 25, -15, -10, 0),
(246, 4, 15, -5, -10, 0),
(247, 4, 5, 5, -10, 0),
(248, 4, -5, 15, -10, 0),
(249, 4, -15, 25, -10, 0),
(250, 4, 25, -25, 0, 0),
(251, 4, 15, -15, 0, 0),
(252, 4, 5, -5, 0, 0),
(253, 4, -5, 5, 0, 0),
(254, 4, -15, 15, 0, 0),
(255, 4, -25, 25, 0, 0),
(256, 4, 15, -25, 10, 0),
(257, 4, 5, -15, 10, 0),
(258, 4, -5, -5, 10, 0),
(259, 4, -15, 5, 10, 0),
(260, 4, -25, 15, 10, 0),
(261, 4, 5, -25, 20, 0),
(262, 4, -5, -15, 20, 0),
(263, 4, -15, -5, 20, 0),
(264, 4, -25, 5, 20, 0),
(265, 4, -5, -20, 25, 0),
(266, 4, 5, -20, 15, 0),
(267, 4, 15, -20, 5, 0),
(268, 4, 25, -20, -5, 0),
(269, 4, -15, -10, 25, 0),
(270, 4, -5, -10, 15, 0),
(271, 4, 5, -10, 5, 0),
(272, 4, 15, -10, -5, 0),
(273, 4, 25, -10, -15, 0),
(274, 4, -25, 0, 25, 0),
(275, 4, -15, 0, 15, 0),
(276, 4, -5, 0, 5, 0),
(277, 4, 5, 0, -5, 0),
(278, 4, 15, 0, -15, 0),
(279, 4, 25, 0, -25, 0),
(280, 4, -25, 10, 15, 0),
(281, 4, -15, 10, 5, 0),
(282, 4, -5, 10, -5, 0),
(283, 4, 5, 10, -15, 0),
(284, 4, 15, 10, -25, 0),
(285, 4, -25, 20, 5, 0),
(286, 4, -15, 20, -5, 0),
(287, 4, -5, 20, -15, 0),
(288, 4, 5, 20, -25, 0),
(289, 5, -20, -5, 25, 0),
(290, 5, -20, 5, 15, 0),
(291, 5, -20, 15, 5, 0),
(292, 5, -20, 25, -5, 0),
(293, 5, -10, -15, 25, 0),
(294, 5, -10, -5, 15, 0),
(295, 5, -10, 5, 5, 0),
(296, 5, -10, 15, -5, 0),
(297, 5, -10, 25, -15, 0),
(298, 5, 0, -25, 25, 0),
(299, 5, 0, -15, 15, 0),
(300, 5, 0, -5, 5, 0),
(301, 5, 0, 5, -5, 0),
(302, 5, 0, 15, -15, 0),
(303, 5, 0, 25, -25, 0),
(304, 5, 10, -25, 15, 0),
(305, 5, 10, -15, 5, 0),
(306, 5, 10, -5, -5, 0),
(307, 5, 10, 5, -15, 0),
(308, 5, 10, 15, -25, 0),
(309, 5, 20, -25, 5, 0),
(310, 5, 20, -15, -5, 0),
(311, 5, 20, -5, -15, 0),
(312, 5, 20, 5, -25, 0),
(313, 5, 25, -5, -20, 0),
(314, 5, 15, 5, -20, 0),
(315, 5, 5, 15, -20, 0),
(316, 5, -5, 25, -20, 0),
(317, 5, 25, -15, -10, 0),
(318, 5, 15, -5, -10, 0),
(319, 5, 5, 5, -10, 0),
(320, 5, -5, 15, -10, 0),
(321, 5, -15, 25, -10, 0),
(322, 5, 25, -25, 0, 0),
(323, 5, 15, -15, 0, 0),
(324, 5, 5, -5, 0, 0),
(325, 5, -5, 5, 0, 0),
(326, 5, -15, 15, 0, 0),
(327, 5, -25, 25, 0, 0),
(328, 5, 15, -25, 10, 0),
(329, 5, 5, -15, 10, 0),
(330, 5, -5, -5, 10, 0),
(331, 5, -15, 5, 10, 0),
(332, 5, -25, 15, 10, 0),
(333, 5, 5, -25, 20, 0),
(334, 5, -5, -15, 20, 0),
(335, 5, -15, -5, 20, 0),
(336, 5, -25, 5, 20, 0),
(337, 5, -5, -20, 25, 0),
(338, 5, 5, -20, 15, 0),
(339, 5, 15, -20, 5, 0),
(340, 5, 25, -20, -5, 0),
(341, 5, -15, -10, 25, 0),
(342, 5, -5, -10, 15, 0),
(343, 5, 5, -10, 5, 0),
(344, 5, 15, -10, -5, 0),
(345, 5, 25, -10, -15, 0),
(346, 5, -25, 0, 25, 0),
(347, 5, -15, 0, 15, 0),
(348, 5, -5, 0, 5, 0),
(349, 5, 5, 0, -5, 0),
(350, 5, 15, 0, -15, 0),
(351, 5, 25, 0, -25, 0),
(352, 5, -25, 10, 15, 0),
(353, 5, -15, 10, 5, 0),
(354, 5, -5, 10, -5, 0),
(355, 5, 5, 10, -15, 0),
(356, 5, 15, 10, -25, 0),
(357, 5, -25, 20, 5, 0),
(358, 5, -15, 20, -5, 0),
(359, 5, -5, 20, -15, 0),
(360, 5, 5, 20, -25, 0),
(361, 6, -20, -5, 25, 0),
(362, 6, -20, 5, 15, 0),
(363, 6, -20, 15, 5, 0),
(364, 6, -20, 25, -5, 0),
(365, 6, -10, -15, 25, 0),
(366, 6, -10, -5, 15, 0),
(367, 6, -10, 5, 5, 0),
(368, 6, -10, 15, -5, 0),
(369, 6, -10, 25, -15, 0),
(370, 6, 0, -25, 25, 0),
(371, 6, 0, -15, 15, 0),
(372, 6, 0, -5, 5, 0),
(373, 6, 0, 5, -5, 0),
(374, 6, 0, 15, -15, 0),
(375, 6, 0, 25, -25, 0),
(376, 6, 10, -25, 15, 0),
(377, 6, 10, -15, 5, 0),
(378, 6, 10, -5, -5, 0),
(379, 6, 10, 5, -15, 0),
(380, 6, 10, 15, -25, 0),
(381, 6, 20, -25, 5, 0),
(382, 6, 20, -15, -5, 0),
(383, 6, 20, -5, -15, 0),
(384, 6, 20, 5, -25, 0),
(385, 6, 25, -5, -20, 0),
(386, 6, 15, 5, -20, 0),
(387, 6, 5, 15, -20, 0),
(388, 6, -5, 25, -20, 0),
(389, 6, 25, -15, -10, 0),
(390, 6, 15, -5, -10, 0),
(391, 6, 5, 5, -10, 0),
(392, 6, -5, 15, -10, 0),
(393, 6, -15, 25, -10, 0),
(394, 6, 25, -25, 0, 0),
(395, 6, 15, -15, 0, 0),
(396, 6, 5, -5, 0, 0),
(397, 6, -5, 5, 0, 0),
(398, 6, -15, 15, 0, 0),
(399, 6, -25, 25, 0, 0),
(400, 6, 15, -25, 10, 0),
(401, 6, 5, -15, 10, 0),
(402, 6, -5, -5, 10, 0),
(403, 6, -15, 5, 10, 0),
(404, 6, -25, 15, 10, 0),
(405, 6, 5, -25, 20, 0),
(406, 6, -5, -15, 20, 0),
(407, 6, -15, -5, 20, 0),
(408, 6, -25, 5, 20, 0),
(409, 6, -5, -20, 25, 0),
(410, 6, 5, -20, 15, 0),
(411, 6, 15, -20, 5, 0),
(412, 6, 25, -20, -5, 0),
(413, 6, -15, -10, 25, 0),
(414, 6, -5, -10, 15, 0),
(415, 6, 5, -10, 5, 0),
(416, 6, 15, -10, -5, 0),
(417, 6, 25, -10, -15, 0),
(418, 6, -25, 0, 25, 0),
(419, 6, -15, 0, 15, 0),
(420, 6, -5, 0, 5, 0),
(421, 6, 5, 0, -5, 0),
(422, 6, 15, 0, -15, 0),
(423, 6, 25, 0, -25, 0),
(424, 6, -25, 10, 15, 0),
(425, 6, -15, 10, 5, 0),
(426, 6, -5, 10, -5, 0),
(427, 6, 5, 10, -15, 0),
(428, 6, 15, 10, -25, 0),
(429, 6, -25, 20, 5, 0),
(430, 6, -15, 20, -5, 0),
(431, 6, -5, 20, -15, 0),
(432, 6, 5, 20, -25, 0),
(433, 7, -20, -5, 25, 0),
(434, 7, -20, 5, 15, 0),
(435, 7, -20, 15, 5, 0),
(436, 7, -20, 25, -5, 0),
(437, 7, -10, -15, 25, 0),
(438, 7, -10, -5, 15, 0),
(439, 7, -10, 5, 5, 0),
(440, 7, -10, 15, -5, 0),
(441, 7, -10, 25, -15, 0),
(442, 7, 0, -25, 25, 0),
(443, 7, 0, -15, 15, 0),
(444, 7, 0, -5, 5, 0),
(445, 7, 0, 5, -5, 0),
(446, 7, 0, 15, -15, 0),
(447, 7, 0, 25, -25, 0),
(448, 7, 10, -25, 15, 0),
(449, 7, 10, -15, 5, 0),
(450, 7, 10, -5, -5, 0),
(451, 7, 10, 5, -15, 0),
(452, 7, 10, 15, -25, 0),
(453, 7, 20, -25, 5, 0),
(454, 7, 20, -15, -5, 0),
(455, 7, 20, -5, -15, 0),
(456, 7, 20, 5, -25, 0),
(457, 7, 25, -5, -20, 0),
(458, 7, 15, 5, -20, 0),
(459, 7, 5, 15, -20, 0),
(460, 7, -5, 25, -20, 0),
(461, 7, 25, -15, -10, 0),
(462, 7, 15, -5, -10, 0),
(463, 7, 5, 5, -10, 0),
(464, 7, -5, 15, -10, 0),
(465, 7, -15, 25, -10, 0),
(466, 7, 25, -25, 0, 0),
(467, 7, 15, -15, 0, 0),
(468, 7, 5, -5, 0, 0),
(469, 7, -5, 5, 0, 0),
(470, 7, -15, 15, 0, 0),
(471, 7, -25, 25, 0, 0),
(472, 7, 15, -25, 10, 0),
(473, 7, 5, -15, 10, 0),
(474, 7, -5, -5, 10, 0),
(475, 7, -15, 5, 10, 0),
(476, 7, -25, 15, 10, 0),
(477, 7, 5, -25, 20, 0),
(478, 7, -5, -15, 20, 0),
(479, 7, -15, -5, 20, 0),
(480, 7, -25, 5, 20, 0),
(481, 7, -5, -20, 25, 0),
(482, 7, 5, -20, 15, 0),
(483, 7, 15, -20, 5, 0),
(484, 7, 25, -20, -5, 0),
(485, 7, -15, -10, 25, 0),
(486, 7, -5, -10, 15, 0),
(487, 7, 5, -10, 5, 0),
(488, 7, 15, -10, -5, 0),
(489, 7, 25, -10, -15, 0),
(490, 7, -25, 0, 25, 0),
(491, 7, -15, 0, 15, 0),
(492, 7, -5, 0, 5, 0),
(493, 7, 5, 0, -5, 0),
(494, 7, 15, 0, -15, 0),
(495, 7, 25, 0, -25, 0),
(496, 7, -25, 10, 15, 0),
(497, 7, -15, 10, 5, 0),
(498, 7, -5, 10, -5, 0),
(499, 7, 5, 10, -15, 0),
(500, 7, 15, 10, -25, 0),
(501, 7, -25, 20, 5, 0),
(502, 7, -15, 20, -5, 0),
(503, 7, -5, 20, -15, 0),
(504, 7, 5, 20, -25, 0),
(505, 8, -20, -5, 25, 0),
(506, 8, -20, 5, 15, 0),
(507, 8, -20, 15, 5, 0),
(508, 8, -20, 25, -5, 0),
(509, 8, -10, -15, 25, 0),
(510, 8, -10, -5, 15, 0),
(511, 8, -10, 5, 5, 0),
(512, 8, -10, 15, -5, 0),
(513, 8, -10, 25, -15, 0),
(514, 8, 0, -25, 25, 0),
(515, 8, 0, -15, 15, 0),
(516, 8, 0, -5, 5, 0),
(517, 8, 0, 5, -5, 0),
(518, 8, 0, 15, -15, 0),
(519, 8, 0, 25, -25, 0),
(520, 8, 10, -25, 15, 0),
(521, 8, 10, -15, 5, 0),
(522, 8, 10, -5, -5, 0),
(523, 8, 10, 5, -15, 0),
(524, 8, 10, 15, -25, 0),
(525, 8, 20, -25, 5, 0),
(526, 8, 20, -15, -5, 0),
(527, 8, 20, -5, -15, 0),
(528, 8, 20, 5, -25, 0),
(529, 8, 25, -5, -20, 0),
(530, 8, 15, 5, -20, 0),
(531, 8, 5, 15, -20, 0),
(532, 8, -5, 25, -20, 0),
(533, 8, 25, -15, -10, 0),
(534, 8, 15, -5, -10, 0),
(535, 8, 5, 5, -10, 0),
(536, 8, -5, 15, -10, 0),
(537, 8, -15, 25, -10, 0),
(538, 8, 25, -25, 0, 0),
(539, 8, 15, -15, 0, 0),
(540, 8, 5, -5, 0, 0),
(541, 8, -5, 5, 0, 0),
(542, 8, -15, 15, 0, 0),
(543, 8, -25, 25, 0, 0),
(544, 8, 15, -25, 10, 0),
(545, 8, 5, -15, 10, 0),
(546, 8, -5, -5, 10, 0),
(547, 8, -15, 5, 10, 0),
(548, 8, -25, 15, 10, 0),
(549, 8, 5, -25, 20, 0),
(550, 8, -5, -15, 20, 0),
(551, 8, -15, -5, 20, 0),
(552, 8, -25, 5, 20, 0),
(553, 8, -5, -20, 25, 0),
(554, 8, 5, -20, 15, 0),
(555, 8, 15, -20, 5, 0),
(556, 8, 25, -20, -5, 0),
(557, 8, -15, -10, 25, 0),
(558, 8, -5, -10, 15, 0),
(559, 8, 5, -10, 5, 0),
(560, 8, 15, -10, -5, 0),
(561, 8, 25, -10, -15, 0),
(562, 8, -25, 0, 25, 0),
(563, 8, -15, 0, 15, 0),
(564, 8, -5, 0, 5, 0),
(565, 8, 5, 0, -5, 0),
(566, 8, 15, 0, -15, 0),
(567, 8, 25, 0, -25, 0),
(568, 8, -25, 10, 15, 0),
(569, 8, -15, 10, 5, 0),
(570, 8, -5, 10, -5, 0),
(571, 8, 5, 10, -15, 0),
(572, 8, 15, 10, -25, 0),
(573, 8, -25, 20, 5, 0),
(574, 8, -15, 20, -5, 0),
(575, 8, -5, 20, -15, 0),
(576, 8, 5, 20, -25, 0),
(577, 9, -20, -5, 25, 0),
(578, 9, -20, 5, 15, 0),
(579, 9, -20, 15, 5, 0),
(580, 9, -20, 25, -5, 0),
(581, 9, -10, -15, 25, 0),
(582, 9, -10, -5, 15, 0),
(583, 9, -10, 5, 5, 0),
(584, 9, -10, 15, -5, 0),
(585, 9, -10, 25, -15, 0),
(586, 9, 0, -25, 25, 0),
(587, 9, 0, -15, 15, 0),
(588, 9, 0, -5, 5, 0),
(589, 9, 0, 5, -5, 0),
(590, 9, 0, 15, -15, 0),
(591, 9, 0, 25, -25, 0),
(592, 9, 10, -25, 15, 0),
(593, 9, 10, -15, 5, 0),
(594, 9, 10, -5, -5, 0),
(595, 9, 10, 5, -15, 0),
(596, 9, 10, 15, -25, 0),
(597, 9, 20, -25, 5, 0),
(598, 9, 20, -15, -5, 0),
(599, 9, 20, -5, -15, 0),
(600, 9, 20, 5, -25, 0),
(601, 9, 25, -5, -20, 0),
(602, 9, 15, 5, -20, 0),
(603, 9, 5, 15, -20, 0),
(604, 9, -5, 25, -20, 0),
(605, 9, 25, -15, -10, 0),
(606, 9, 15, -5, -10, 0),
(607, 9, 5, 5, -10, 0),
(608, 9, -5, 15, -10, 0),
(609, 9, -15, 25, -10, 0),
(610, 9, 25, -25, 0, 0),
(611, 9, 15, -15, 0, 0),
(612, 9, 5, -5, 0, 0),
(613, 9, -5, 5, 0, 0),
(614, 9, -15, 15, 0, 0),
(615, 9, -25, 25, 0, 0),
(616, 9, 15, -25, 10, 0),
(617, 9, 5, -15, 10, 0),
(618, 9, -5, -5, 10, 0),
(619, 9, -15, 5, 10, 0),
(620, 9, -25, 15, 10, 0),
(621, 9, 5, -25, 20, 0),
(622, 9, -5, -15, 20, 0),
(623, 9, -15, -5, 20, 0),
(624, 9, -25, 5, 20, 0),
(625, 9, -5, -20, 25, 0),
(626, 9, 5, -20, 15, 0),
(627, 9, 15, -20, 5, 0),
(628, 9, 25, -20, -5, 0),
(629, 9, -15, -10, 25, 0),
(630, 9, -5, -10, 15, 0),
(631, 9, 5, -10, 5, 0),
(632, 9, 15, -10, -5, 0),
(633, 9, 25, -10, -15, 0),
(634, 9, -25, 0, 25, 0),
(635, 9, -15, 0, 15, 0),
(636, 9, -5, 0, 5, 0),
(637, 9, 5, 0, -5, 0),
(638, 9, 15, 0, -15, 0),
(639, 9, 25, 0, -25, 0),
(640, 9, -25, 10, 15, 0),
(641, 9, -15, 10, 5, 0),
(642, 9, -5, 10, -5, 0),
(643, 9, 5, 10, -15, 0),
(644, 9, 15, 10, -25, 0),
(645, 9, -25, 20, 5, 0),
(646, 9, -15, 20, -5, 0),
(647, 9, -5, 20, -15, 0),
(648, 9, 5, 20, -25, 0),
(649, 10, -20, -5, 25, 0),
(650, 10, -20, 5, 15, 0),
(651, 10, -20, 15, 5, 0),
(652, 10, -20, 25, -5, 0),
(653, 10, -10, -15, 25, 0),
(654, 10, -10, -5, 15, 0),
(655, 10, -10, 5, 5, 0),
(656, 10, -10, 15, -5, 0),
(657, 10, -10, 25, -15, 0),
(658, 10, 0, -25, 25, 0),
(659, 10, 0, -15, 15, 0),
(660, 10, 0, -5, 5, 0),
(661, 10, 0, 5, -5, 0),
(662, 10, 0, 15, -15, 0),
(663, 10, 0, 25, -25, 0),
(664, 10, 10, -25, 15, 0),
(665, 10, 10, -15, 5, 0),
(666, 10, 10, -5, -5, 0),
(667, 10, 10, 5, -15, 0),
(668, 10, 10, 15, -25, 0),
(669, 10, 20, -25, 5, 0),
(670, 10, 20, -15, -5, 0),
(671, 10, 20, -5, -15, 0),
(672, 10, 20, 5, -25, 0),
(673, 10, 25, -5, -20, 0),
(674, 10, 15, 5, -20, 0),
(675, 10, 5, 15, -20, 0),
(676, 10, -5, 25, -20, 0),
(677, 10, 25, -15, -10, 0),
(678, 10, 15, -5, -10, 0),
(679, 10, 5, 5, -10, 0),
(680, 10, -5, 15, -10, 0),
(681, 10, -15, 25, -10, 0),
(682, 10, 25, -25, 0, 0),
(683, 10, 15, -15, 0, 0),
(684, 10, 5, -5, 0, 0),
(685, 10, -5, 5, 0, 0),
(686, 10, -15, 15, 0, 0),
(687, 10, -25, 25, 0, 0),
(688, 10, 15, -25, 10, 0),
(689, 10, 5, -15, 10, 0),
(690, 10, -5, -5, 10, 0),
(691, 10, -15, 5, 10, 0),
(692, 10, -25, 15, 10, 0),
(693, 10, 5, -25, 20, 0),
(694, 10, -5, -15, 20, 0),
(695, 10, -15, -5, 20, 0),
(696, 10, -25, 5, 20, 0),
(697, 10, -5, -20, 25, 0),
(698, 10, 5, -20, 15, 0),
(699, 10, 15, -20, 5, 0),
(700, 10, 25, -20, -5, 0),
(701, 10, -15, -10, 25, 0),
(702, 10, -5, -10, 15, 0),
(703, 10, 5, -10, 5, 0),
(704, 10, 15, -10, -5, 0),
(705, 10, 25, -10, -15, 0),
(706, 10, -25, 0, 25, 0),
(707, 10, -15, 0, 15, 0),
(708, 10, -5, 0, 5, 0),
(709, 10, 5, 0, -5, 0),
(710, 10, 15, 0, -15, 0),
(711, 10, 25, 0, -25, 0),
(712, 10, -25, 10, 15, 0),
(713, 10, -15, 10, 5, 0),
(714, 10, -5, 10, -5, 0),
(715, 10, 5, 10, -15, 0),
(716, 10, 15, 10, -25, 0),
(717, 10, -25, 20, 5, 0),
(718, 10, -15, 20, -5, 0),
(719, 10, -5, 20, -15, 0),
(720, 10, 5, 20, -25, 0),
(721, 11, -20, -5, 25, 0),
(722, 11, -20, 5, 15, 0),
(723, 11, -20, 15, 5, 0),
(724, 11, -20, 25, -5, 0),
(725, 11, -10, -15, 25, 0),
(726, 11, -10, -5, 15, 0),
(727, 11, -10, 5, 5, 0),
(728, 11, -10, 15, -5, 0),
(729, 11, -10, 25, -15, 0),
(730, 11, 0, -25, 25, 0),
(731, 11, 0, -15, 15, 0),
(732, 11, 0, -5, 5, 0),
(733, 11, 0, 5, -5, 0),
(734, 11, 0, 15, -15, 0),
(735, 11, 0, 25, -25, 0),
(736, 11, 10, -25, 15, 0),
(737, 11, 10, -15, 5, 0),
(738, 11, 10, -5, -5, 0),
(739, 11, 10, 5, -15, 0),
(740, 11, 10, 15, -25, 0),
(741, 11, 20, -25, 5, 0),
(742, 11, 20, -15, -5, 0),
(743, 11, 20, -5, -15, 0),
(744, 11, 20, 5, -25, 0),
(745, 11, 25, -5, -20, 0),
(746, 11, 15, 5, -20, 0),
(747, 11, 5, 15, -20, 0),
(748, 11, -5, 25, -20, 0),
(749, 11, 25, -15, -10, 0),
(750, 11, 15, -5, -10, 0),
(751, 11, 5, 5, -10, 0),
(752, 11, -5, 15, -10, 0),
(753, 11, -15, 25, -10, 0),
(754, 11, 25, -25, 0, 0),
(755, 11, 15, -15, 0, 0),
(756, 11, 5, -5, 0, 0),
(757, 11, -5, 5, 0, 0),
(758, 11, -15, 15, 0, 0),
(759, 11, -25, 25, 0, 0),
(760, 11, 15, -25, 10, 0),
(761, 11, 5, -15, 10, 0),
(762, 11, -5, -5, 10, 0),
(763, 11, -15, 5, 10, 0),
(764, 11, -25, 15, 10, 0),
(765, 11, 5, -25, 20, 0),
(766, 11, -5, -15, 20, 0),
(767, 11, -15, -5, 20, 0),
(768, 11, -25, 5, 20, 0),
(769, 11, -5, -20, 25, 0),
(770, 11, 5, -20, 15, 0),
(771, 11, 15, -20, 5, 0),
(772, 11, 25, -20, -5, 0),
(773, 11, -15, -10, 25, 0),
(774, 11, -5, -10, 15, 0),
(775, 11, 5, -10, 5, 0),
(776, 11, 15, -10, -5, 0),
(777, 11, 25, -10, -15, 0),
(778, 11, -25, 0, 25, 0),
(779, 11, -15, 0, 15, 0),
(780, 11, -5, 0, 5, 0),
(781, 11, 5, 0, -5, 0),
(782, 11, 15, 0, -15, 0),
(783, 11, 25, 0, -25, 0),
(784, 11, -25, 10, 15, 0),
(785, 11, -15, 10, 5, 0),
(786, 11, -5, 10, -5, 0),
(787, 11, 5, 10, -15, 0),
(788, 11, 15, 10, -25, 0),
(789, 11, -25, 20, 5, 0),
(790, 11, -15, 20, -5, 0),
(791, 11, -5, 20, -15, 0),
(792, 11, 5, 20, -25, 0),
(793, 12, -20, -5, 25, 0),
(794, 12, -20, 5, 15, 0),
(795, 12, -20, 15, 5, 0),
(796, 12, -20, 25, -5, 0),
(797, 12, -10, -15, 25, 0),
(798, 12, -10, -5, 15, 0),
(799, 12, -10, 5, 5, 0),
(800, 12, -10, 15, -5, 0),
(801, 12, -10, 25, -15, 0),
(802, 12, 0, -25, 25, 0),
(803, 12, 0, -15, 15, 0),
(804, 12, 0, -5, 5, 0),
(805, 12, 0, 5, -5, 0),
(806, 12, 0, 15, -15, 0),
(807, 12, 0, 25, -25, 0),
(808, 12, 10, -25, 15, 0),
(809, 12, 10, -15, 5, 0),
(810, 12, 10, -5, -5, 0),
(811, 12, 10, 5, -15, 0),
(812, 12, 10, 15, -25, 0),
(813, 12, 20, -25, 5, 0),
(814, 12, 20, -15, -5, 0),
(815, 12, 20, -5, -15, 0),
(816, 12, 20, 5, -25, 0),
(817, 12, 25, -5, -20, 0),
(818, 12, 15, 5, -20, 0),
(819, 12, 5, 15, -20, 0),
(820, 12, -5, 25, -20, 0),
(821, 12, 25, -15, -10, 0),
(822, 12, 15, -5, -10, 0),
(823, 12, 5, 5, -10, 0),
(824, 12, -5, 15, -10, 0),
(825, 12, -15, 25, -10, 0),
(826, 12, 25, -25, 0, 0),
(827, 12, 15, -15, 0, 0),
(828, 12, 5, -5, 0, 0),
(829, 12, -5, 5, 0, 0),
(830, 12, -15, 15, 0, 0),
(831, 12, -25, 25, 0, 0),
(832, 12, 15, -25, 10, 0),
(833, 12, 5, -15, 10, 0),
(834, 12, -5, -5, 10, 0),
(835, 12, -15, 5, 10, 0),
(836, 12, -25, 15, 10, 0),
(837, 12, 5, -25, 20, 0),
(838, 12, -5, -15, 20, 0),
(839, 12, -15, -5, 20, 0),
(840, 12, -25, 5, 20, 0),
(841, 12, -5, -20, 25, 0),
(842, 12, 5, -20, 15, 0),
(843, 12, 15, -20, 5, 0),
(844, 12, 25, -20, -5, 0),
(845, 12, -15, -10, 25, 0),
(846, 12, -5, -10, 15, 0),
(847, 12, 5, -10, 5, 0),
(848, 12, 15, -10, -5, 0),
(849, 12, 25, -10, -15, 0),
(850, 12, -25, 0, 25, 0),
(851, 12, -15, 0, 15, 0),
(852, 12, -5, 0, 5, 0),
(853, 12, 5, 0, -5, 0),
(854, 12, 15, 0, -15, 0),
(855, 12, 25, 0, -25, 0),
(856, 12, -25, 10, 15, 0),
(857, 12, -15, 10, 5, 0),
(858, 12, -5, 10, -5, 0),
(859, 12, 5, 10, -15, 0),
(860, 12, 15, 10, -25, 0),
(861, 12, -25, 20, 5, 0),
(862, 12, -15, 20, -5, 0),
(863, 12, -5, 20, -15, 0),
(864, 12, 5, 20, -25, 0),
(865, 13, -20, -5, 25, 0),
(866, 13, -20, 5, 15, 0),
(867, 13, -20, 15, 5, 0),
(868, 13, -20, 25, -5, 0),
(869, 13, -10, -15, 25, 0),
(870, 13, -10, -5, 15, 0),
(871, 13, -10, 5, 5, 0),
(872, 13, -10, 15, -5, 0),
(873, 13, -10, 25, -15, 0),
(874, 13, 0, -25, 25, 0),
(875, 13, 0, -15, 15, 0),
(876, 13, 0, -5, 5, 0),
(877, 13, 0, 5, -5, 0),
(878, 13, 0, 15, -15, 0),
(879, 13, 0, 25, -25, 0),
(880, 13, 10, -25, 15, 0),
(881, 13, 10, -15, 5, 0),
(882, 13, 10, -5, -5, 0),
(883, 13, 10, 5, -15, 0),
(884, 13, 10, 15, -25, 0),
(885, 13, 20, -25, 5, 0),
(886, 13, 20, -15, -5, 0),
(887, 13, 20, -5, -15, 0),
(888, 13, 20, 5, -25, 0),
(889, 13, 25, -5, -20, 0),
(890, 13, 15, 5, -20, 0),
(891, 13, 5, 15, -20, 0),
(892, 13, -5, 25, -20, 0),
(893, 13, 25, -15, -10, 0),
(894, 13, 15, -5, -10, 0),
(895, 13, 5, 5, -10, 0),
(896, 13, -5, 15, -10, 0),
(897, 13, -15, 25, -10, 0),
(898, 13, 25, -25, 0, 0),
(899, 13, 15, -15, 0, 0),
(900, 13, 5, -5, 0, 0),
(901, 13, -5, 5, 0, 0),
(902, 13, -15, 15, 0, 0),
(903, 13, -25, 25, 0, 0),
(904, 13, 15, -25, 10, 0),
(905, 13, 5, -15, 10, 0),
(906, 13, -5, -5, 10, 0),
(907, 13, -15, 5, 10, 0),
(908, 13, -25, 15, 10, 0),
(909, 13, 5, -25, 20, 0),
(910, 13, -5, -15, 20, 0),
(911, 13, -15, -5, 20, 0),
(912, 13, -25, 5, 20, 0),
(913, 13, -5, -20, 25, 0),
(914, 13, 5, -20, 15, 0),
(915, 13, 15, -20, 5, 0),
(916, 13, 25, -20, -5, 0),
(917, 13, -15, -10, 25, 0),
(918, 13, -5, -10, 15, 0),
(919, 13, 5, -10, 5, 0),
(920, 13, 15, -10, -5, 0),
(921, 13, 25, -10, -15, 0),
(922, 13, -25, 0, 25, 0),
(923, 13, -15, 0, 15, 0),
(924, 13, -5, 0, 5, 0),
(925, 13, 5, 0, -5, 0),
(926, 13, 15, 0, -15, 0),
(927, 13, 25, 0, -25, 0),
(928, 13, -25, 10, 15, 0),
(929, 13, -15, 10, 5, 0),
(930, 13, -5, 10, -5, 0),
(931, 13, 5, 10, -15, 0),
(932, 13, 15, 10, -25, 0),
(933, 13, -25, 20, 5, 0),
(934, 13, -15, 20, -5, 0),
(935, 13, -5, 20, -15, 0),
(936, 13, 5, 20, -25, 0),
(937, 14, -20, -5, 25, 0),
(938, 14, -20, 5, 15, 0),
(939, 14, -20, 15, 5, 0),
(940, 14, -20, 25, -5, 0),
(941, 14, -10, -15, 25, 0),
(942, 14, -10, -5, 15, 0),
(943, 14, -10, 5, 5, 0),
(944, 14, -10, 15, -5, 0),
(945, 14, -10, 25, -15, 0),
(946, 14, 0, -25, 25, 0),
(947, 14, 0, -15, 15, 0),
(948, 14, 0, -5, 5, 0),
(949, 14, 0, 5, -5, 0),
(950, 14, 0, 15, -15, 0),
(951, 14, 0, 25, -25, 0),
(952, 14, 10, -25, 15, 0),
(953, 14, 10, -15, 5, 0),
(954, 14, 10, -5, -5, 0),
(955, 14, 10, 5, -15, 0),
(956, 14, 10, 15, -25, 0),
(957, 14, 20, -25, 5, 0),
(958, 14, 20, -15, -5, 0),
(959, 14, 20, -5, -15, 0),
(960, 14, 20, 5, -25, 0),
(961, 14, 25, -5, -20, 0),
(962, 14, 15, 5, -20, 0),
(963, 14, 5, 15, -20, 0),
(964, 14, -5, 25, -20, 0),
(965, 14, 25, -15, -10, 0),
(966, 14, 15, -5, -10, 0),
(967, 14, 5, 5, -10, 0),
(968, 14, -5, 15, -10, 0),
(969, 14, -15, 25, -10, 0),
(970, 14, 25, -25, 0, 0),
(971, 14, 15, -15, 0, 0),
(972, 14, 5, -5, 0, 0),
(973, 14, -5, 5, 0, 0),
(974, 14, -15, 15, 0, 0),
(975, 14, -25, 25, 0, 0),
(976, 14, 15, -25, 10, 0),
(977, 14, 5, -15, 10, 0),
(978, 14, -5, -5, 10, 0),
(979, 14, -15, 5, 10, 0),
(980, 14, -25, 15, 10, 0),
(981, 14, 5, -25, 20, 0),
(982, 14, -5, -15, 20, 0),
(983, 14, -15, -5, 20, 0),
(984, 14, -25, 5, 20, 0),
(985, 14, -5, -20, 25, 0),
(986, 14, 5, -20, 15, 0),
(987, 14, 15, -20, 5, 0),
(988, 14, 25, -20, -5, 0),
(989, 14, -15, -10, 25, 0),
(990, 14, -5, -10, 15, 0),
(991, 14, 5, -10, 5, 0),
(992, 14, 15, -10, -5, 0),
(993, 14, 25, -10, -15, 0),
(994, 14, -25, 0, 25, 0),
(995, 14, -15, 0, 15, 0),
(996, 14, -5, 0, 5, 0),
(997, 14, 5, 0, -5, 0),
(998, 14, 15, 0, -15, 0),
(999, 14, 25, 0, -25, 0),
(1000, 14, -25, 10, 15, 0),
(1001, 14, -15, 10, 5, 0),
(1002, 14, -5, 10, -5, 0),
(1003, 14, 5, 10, -15, 0),
(1004, 14, 15, 10, -25, 0),
(1005, 14, -25, 20, 5, 0),
(1006, 14, -15, 20, -5, 0),
(1007, 14, -5, 20, -15, 0),
(1008, 14, 5, 20, -25, 0);

-- --------------------------------------------------------

--
-- Struktura tabeli dla tabeli `settlements`
--

CREATE TABLE IF NOT EXISTS `settlements` (
  `id` int(11) NOT NULL AUTO_INCREMENT,
  `is_town` tinyint(1) NOT NULL DEFAULT '0',
  `board_id` int(11) NOT NULL,
  `x` int(11) NOT NULL,
  `y` int(11) NOT NULL,
  `z` int(11) NOT NULL,
  `player_id` int(11) NOT NULL DEFAULT '0',
  `deleted_at` timestamp NULL DEFAULT NULL,
  PRIMARY KEY (`id`)
) ENGINE=InnoDB  DEFAULT CHARSET=utf8 COLLATE=utf8_bin AUTO_INCREMENT=757 ;

--
-- Zrzut danych tabeli `settlements`
--

INSERT INTO `settlements` (`id`, `is_town`, `board_id`, `x`, `y`, `z`, `player_id`, `deleted_at`) VALUES
(1, 0, 1, -25, -5, 25, 0, NULL),
(2, 0, 1, -25, 5, 15, 0, NULL),
(3, 0, 1, -25, 5, 25, 0, NULL),
(4, 0, 1, -25, 15, 5, 0, NULL),
(5, 0, 1, -25, 15, 15, 0, NULL),
(6, 0, 1, -25, 25, -5, 0, NULL),
(7, 0, 1, -25, 25, 5, 0, NULL),
(8, 0, 1, -15, -15, 25, 0, NULL),
(9, 0, 1, -15, -5, 15, 0, NULL),
(10, 0, 1, -15, -5, 25, 0, NULL),
(11, 0, 1, -15, 5, 5, 0, NULL),
(12, 0, 1, -15, 5, 15, 0, NULL),
(13, 0, 1, -15, 15, -5, 0, NULL),
(14, 0, 1, -15, 15, 5, 0, NULL),
(15, 0, 1, -15, 25, -15, 0, NULL),
(16, 0, 1, -15, 25, -5, 0, NULL),
(17, 0, 1, -5, -25, 25, 0, NULL),
(18, 0, 1, -5, -15, 15, 0, NULL),
(19, 0, 1, -5, -15, 25, 0, NULL),
(20, 0, 1, -5, -5, 5, 0, NULL),
(21, 0, 1, -5, -5, 15, 0, NULL),
(22, 0, 1, -5, 5, -5, 0, NULL),
(23, 0, 1, -5, 5, 5, 0, NULL),
(24, 0, 1, -5, 15, -15, 0, NULL),
(25, 0, 1, -5, 15, -5, 0, NULL),
(26, 0, 1, -5, 25, -25, 0, NULL),
(27, 0, 1, -5, 25, -15, 0, NULL),
(28, 0, 1, 5, -25, 15, 0, NULL),
(29, 0, 1, 5, -25, 25, 0, NULL),
(30, 0, 1, 5, -15, 5, 0, NULL),
(31, 0, 1, 5, -15, 15, 0, NULL),
(32, 0, 1, 5, -5, -5, 0, NULL),
(33, 0, 1, 5, -5, 5, 0, NULL),
(34, 0, 1, 5, 5, -15, 0, NULL),
(35, 0, 1, 5, 5, -5, 0, NULL),
(36, 0, 1, 5, 15, -25, 0, NULL),
(37, 0, 1, 5, 15, -15, 0, NULL),
(38, 0, 1, 5, 25, -25, 0, NULL),
(39, 0, 1, 15, -25, 5, 0, NULL),
(40, 0, 1, 15, -25, 15, 0, NULL),
(41, 0, 1, 15, -15, -5, 0, NULL),
(42, 0, 1, 15, -15, 5, 0, NULL),
(43, 0, 1, 15, -5, -15, 0, NULL),
(44, 0, 1, 15, -5, -5, 0, NULL),
(45, 0, 1, 15, 5, -25, 0, NULL),
(46, 0, 1, 15, 5, -15, 0, NULL),
(47, 0, 1, 15, 15, -25, 0, NULL),
(48, 0, 1, 25, -25, -5, 0, NULL),
(49, 0, 1, 25, -25, 5, 0, NULL),
(50, 0, 1, 25, -15, -15, 0, NULL),
(51, 0, 1, 25, -15, -5, 0, NULL),
(52, 0, 1, 25, -5, -25, 0, NULL),
(53, 0, 1, 25, -5, -15, 0, NULL),
(54, 0, 1, 25, 5, -25, 0, NULL),
(55, 0, 2, -25, -5, 25, 0, NULL),
(56, 0, 2, -25, 5, 15, 0, NULL),
(57, 0, 2, -25, 5, 25, 0, NULL),
(58, 0, 2, -25, 15, 5, 0, NULL),
(59, 0, 2, -25, 15, 15, 0, NULL),
(60, 0, 2, -25, 25, -5, 0, NULL),
(61, 0, 2, -25, 25, 5, 0, NULL),
(62, 0, 2, -15, -15, 25, 0, NULL),
(63, 0, 2, -15, -5, 15, 0, NULL),
(64, 0, 2, -15, -5, 25, 0, NULL),
(65, 0, 2, -15, 5, 5, 0, NULL),
(66, 0, 2, -15, 5, 15, 0, NULL),
(67, 0, 2, -15, 15, -5, 0, NULL),
(68, 0, 2, -15, 15, 5, 0, NULL),
(69, 0, 2, -15, 25, -15, 0, NULL),
(70, 0, 2, -15, 25, -5, 0, NULL),
(71, 0, 2, -5, -25, 25, 0, NULL),
(72, 0, 2, -5, -15, 15, 0, NULL),
(73, 0, 2, -5, -15, 25, 0, NULL),
(74, 0, 2, -5, -5, 5, 0, NULL),
(75, 0, 2, -5, -5, 15, 0, NULL),
(76, 0, 2, -5, 5, -5, 0, NULL),
(77, 0, 2, -5, 5, 5, 0, NULL),
(78, 0, 2, -5, 15, -15, 0, NULL),
(79, 0, 2, -5, 15, -5, 0, NULL),
(80, 0, 2, -5, 25, -25, 0, NULL),
(81, 0, 2, -5, 25, -15, 0, NULL),
(82, 0, 2, 5, -25, 15, 0, NULL),
(83, 0, 2, 5, -25, 25, 0, NULL),
(84, 0, 2, 5, -15, 5, 0, NULL),
(85, 0, 2, 5, -15, 15, 0, NULL),
(86, 0, 2, 5, -5, -5, 0, NULL),
(87, 0, 2, 5, -5, 5, 0, NULL),
(88, 0, 2, 5, 5, -15, 0, NULL),
(89, 0, 2, 5, 5, -5, 0, NULL),
(90, 0, 2, 5, 15, -25, 0, NULL),
(91, 0, 2, 5, 15, -15, 0, NULL),
(92, 0, 2, 5, 25, -25, 0, NULL),
(93, 0, 2, 15, -25, 5, 0, NULL),
(94, 0, 2, 15, -25, 15, 0, NULL),
(95, 0, 2, 15, -15, -5, 0, NULL),
(96, 0, 2, 15, -15, 5, 0, NULL),
(97, 0, 2, 15, -5, -15, 0, NULL),
(98, 0, 2, 15, -5, -5, 0, NULL),
(99, 0, 2, 15, 5, -25, 0, NULL),
(100, 0, 2, 15, 5, -15, 0, NULL),
(101, 0, 2, 15, 15, -25, 0, NULL),
(102, 0, 2, 25, -25, -5, 0, NULL),
(103, 0, 2, 25, -25, 5, 0, NULL),
(104, 0, 2, 25, -15, -15, 0, NULL),
(105, 0, 2, 25, -15, -5, 0, NULL),
(106, 0, 2, 25, -5, -25, 0, NULL),
(107, 0, 2, 25, -5, -15, 0, NULL),
(108, 0, 2, 25, 5, -25, 0, NULL),
(109, 0, 3, -25, -5, 25, 0, NULL),
(110, 0, 3, -25, 5, 15, 0, NULL),
(111, 0, 3, -25, 5, 25, 0, NULL),
(112, 0, 3, -25, 15, 5, 0, NULL),
(113, 0, 3, -25, 15, 15, 0, NULL),
(114, 0, 3, -25, 25, -5, 0, NULL),
(115, 0, 3, -25, 25, 5, 0, NULL),
(116, 0, 3, -15, -15, 25, 0, NULL),
(117, 0, 3, -15, -5, 15, 0, NULL),
(118, 0, 3, -15, -5, 25, 0, NULL),
(119, 0, 3, -15, 5, 5, 0, NULL),
(120, 0, 3, -15, 5, 15, 0, NULL),
(121, 0, 3, -15, 15, -5, 0, NULL),
(122, 0, 3, -15, 15, 5, 0, NULL),
(123, 0, 3, -15, 25, -15, 0, NULL),
(124, 0, 3, -15, 25, -5, 0, NULL),
(125, 0, 3, -5, -25, 25, 0, NULL),
(126, 0, 3, -5, -15, 15, 0, NULL),
(127, 0, 3, -5, -15, 25, 0, NULL),
(128, 0, 3, -5, -5, 5, 0, NULL),
(129, 0, 3, -5, -5, 15, 0, NULL),
(130, 0, 3, -5, 5, -5, 0, NULL),
(131, 0, 3, -5, 5, 5, 0, NULL),
(132, 0, 3, -5, 15, -15, 0, NULL),
(133, 0, 3, -5, 15, -5, 0, NULL),
(134, 0, 3, -5, 25, -25, 0, NULL),
(135, 0, 3, -5, 25, -15, 0, NULL),
(136, 0, 3, 5, -25, 15, 0, NULL),
(137, 0, 3, 5, -25, 25, 0, NULL),
(138, 0, 3, 5, -15, 5, 0, NULL),
(139, 0, 3, 5, -15, 15, 0, NULL),
(140, 0, 3, 5, -5, -5, 0, NULL),
(141, 0, 3, 5, -5, 5, 0, NULL),
(142, 0, 3, 5, 5, -15, 0, NULL),
(143, 0, 3, 5, 5, -5, 0, NULL),
(144, 0, 3, 5, 15, -25, 0, NULL),
(145, 0, 3, 5, 15, -15, 0, NULL),
(146, 0, 3, 5, 25, -25, 0, NULL),
(147, 0, 3, 15, -25, 5, 0, NULL),
(148, 0, 3, 15, -25, 15, 0, NULL),
(149, 0, 3, 15, -15, -5, 0, NULL),
(150, 0, 3, 15, -15, 5, 0, NULL),
(151, 0, 3, 15, -5, -15, 0, NULL),
(152, 0, 3, 15, -5, -5, 0, NULL),
(153, 0, 3, 15, 5, -25, 0, NULL),
(154, 0, 3, 15, 5, -15, 0, NULL),
(155, 0, 3, 15, 15, -25, 0, NULL),
(156, 0, 3, 25, -25, -5, 0, NULL),
(157, 0, 3, 25, -25, 5, 0, NULL),
(158, 0, 3, 25, -15, -15, 0, NULL),
(159, 0, 3, 25, -15, -5, 0, NULL),
(160, 0, 3, 25, -5, -25, 0, NULL),
(161, 0, 3, 25, -5, -15, 0, NULL),
(162, 0, 3, 25, 5, -25, 0, NULL),
(163, 0, 4, -25, -5, 25, 0, NULL),
(164, 0, 4, -25, 5, 15, 0, NULL),
(165, 0, 4, -25, 5, 25, 0, NULL),
(166, 0, 4, -25, 15, 5, 0, NULL),
(167, 0, 4, -25, 15, 15, 0, NULL),
(168, 0, 4, -25, 25, -5, 0, NULL),
(169, 0, 4, -25, 25, 5, 0, NULL),
(170, 0, 4, -15, -15, 25, 0, NULL),
(171, 0, 4, -15, -5, 15, 0, NULL),
(172, 0, 4, -15, -5, 25, 0, NULL),
(173, 0, 4, -15, 5, 5, 0, NULL),
(174, 0, 4, -15, 5, 15, 0, NULL),
(175, 0, 4, -15, 15, -5, 0, NULL),
(176, 0, 4, -15, 15, 5, 0, NULL),
(177, 0, 4, -15, 25, -15, 0, NULL),
(178, 0, 4, -15, 25, -5, 0, NULL),
(179, 0, 4, -5, -25, 25, 0, NULL),
(180, 0, 4, -5, -15, 15, 0, NULL),
(181, 0, 4, -5, -15, 25, 0, NULL),
(182, 0, 4, -5, -5, 5, 0, NULL),
(183, 0, 4, -5, -5, 15, 0, NULL),
(184, 0, 4, -5, 5, -5, 0, NULL),
(185, 0, 4, -5, 5, 5, 0, NULL),
(186, 0, 4, -5, 15, -15, 0, NULL),
(187, 0, 4, -5, 15, -5, 0, NULL),
(188, 0, 4, -5, 25, -25, 0, NULL),
(189, 0, 4, -5, 25, -15, 0, NULL),
(190, 0, 4, 5, -25, 15, 0, NULL),
(191, 0, 4, 5, -25, 25, 0, NULL),
(192, 0, 4, 5, -15, 5, 0, NULL),
(193, 0, 4, 5, -15, 15, 0, NULL),
(194, 0, 4, 5, -5, -5, 0, NULL),
(195, 0, 4, 5, -5, 5, 0, NULL),
(196, 0, 4, 5, 5, -15, 0, NULL),
(197, 0, 4, 5, 5, -5, 0, NULL),
(198, 0, 4, 5, 15, -25, 0, NULL),
(199, 0, 4, 5, 15, -15, 0, NULL),
(200, 0, 4, 5, 25, -25, 0, NULL),
(201, 0, 4, 15, -25, 5, 0, NULL),
(202, 0, 4, 15, -25, 15, 0, NULL),
(203, 0, 4, 15, -15, -5, 0, NULL),
(204, 0, 4, 15, -15, 5, 0, NULL),
(205, 0, 4, 15, -5, -15, 0, NULL),
(206, 0, 4, 15, -5, -5, 0, NULL),
(207, 0, 4, 15, 5, -25, 0, NULL),
(208, 0, 4, 15, 5, -15, 0, NULL),
(209, 0, 4, 15, 15, -25, 0, NULL),
(210, 0, 4, 25, -25, -5, 0, NULL),
(211, 0, 4, 25, -25, 5, 0, NULL),
(212, 0, 4, 25, -15, -15, 0, NULL),
(213, 0, 4, 25, -15, -5, 0, NULL),
(214, 0, 4, 25, -5, -25, 0, NULL),
(215, 0, 4, 25, -5, -15, 0, NULL),
(216, 0, 4, 25, 5, -25, 0, NULL),
(217, 0, 5, -25, -5, 25, 0, NULL),
(218, 0, 5, -25, 5, 15, 0, NULL),
(219, 0, 5, -25, 5, 25, 0, NULL),
(220, 0, 5, -25, 15, 5, 0, NULL),
(221, 0, 5, -25, 15, 15, 0, NULL),
(222, 0, 5, -25, 25, -5, 0, NULL),
(223, 0, 5, -25, 25, 5, 0, NULL),
(224, 0, 5, -15, -15, 25, 0, NULL),
(225, 0, 5, -15, -5, 15, 0, NULL),
(226, 0, 5, -15, -5, 25, 0, NULL),
(227, 0, 5, -15, 5, 5, 0, NULL),
(228, 0, 5, -15, 5, 15, 0, NULL),
(229, 0, 5, -15, 15, -5, 0, NULL),
(230, 0, 5, -15, 15, 5, 0, NULL),
(231, 0, 5, -15, 25, -15, 0, NULL),
(232, 0, 5, -15, 25, -5, 0, NULL),
(233, 0, 5, -5, -25, 25, 0, NULL),
(234, 0, 5, -5, -15, 15, 0, NULL),
(235, 0, 5, -5, -15, 25, 0, NULL),
(236, 0, 5, -5, -5, 5, 0, NULL),
(237, 0, 5, -5, -5, 15, 0, NULL),
(238, 0, 5, -5, 5, -5, 0, NULL),
(239, 0, 5, -5, 5, 5, 0, NULL),
(240, 0, 5, -5, 15, -15, 0, NULL),
(241, 0, 5, -5, 15, -5, 0, NULL),
(242, 0, 5, -5, 25, -25, 0, NULL),
(243, 0, 5, -5, 25, -15, 0, NULL),
(244, 0, 5, 5, -25, 15, 0, NULL),
(245, 0, 5, 5, -25, 25, 0, NULL),
(246, 0, 5, 5, -15, 5, 0, NULL),
(247, 0, 5, 5, -15, 15, 0, NULL),
(248, 0, 5, 5, -5, -5, 0, NULL),
(249, 0, 5, 5, -5, 5, 0, NULL),
(250, 0, 5, 5, 5, -15, 0, NULL),
(251, 0, 5, 5, 5, -5, 0, NULL),
(252, 0, 5, 5, 15, -25, 0, NULL),
(253, 0, 5, 5, 15, -15, 0, NULL),
(254, 0, 5, 5, 25, -25, 0, NULL),
(255, 0, 5, 15, -25, 5, 0, NULL),
(256, 0, 5, 15, -25, 15, 0, NULL),
(257, 0, 5, 15, -15, -5, 0, NULL),
(258, 0, 5, 15, -15, 5, 0, NULL),
(259, 0, 5, 15, -5, -15, 0, NULL),
(260, 0, 5, 15, -5, -5, 0, NULL),
(261, 0, 5, 15, 5, -25, 0, NULL),
(262, 0, 5, 15, 5, -15, 0, NULL),
(263, 0, 5, 15, 15, -25, 0, NULL),
(264, 0, 5, 25, -25, -5, 0, NULL),
(265, 0, 5, 25, -25, 5, 0, NULL),
(266, 0, 5, 25, -15, -15, 0, NULL),
(267, 0, 5, 25, -15, -5, 0, NULL),
(268, 0, 5, 25, -5, -25, 0, NULL),
(269, 0, 5, 25, -5, -15, 0, NULL),
(270, 0, 5, 25, 5, -25, 0, NULL),
(271, 0, 6, -25, -5, 25, 0, NULL),
(272, 0, 6, -25, 5, 15, 0, NULL),
(273, 0, 6, -25, 5, 25, 0, NULL),
(274, 0, 6, -25, 15, 5, 0, NULL),
(275, 0, 6, -25, 15, 15, 0, NULL),
(276, 0, 6, -25, 25, -5, 0, NULL),
(277, 0, 6, -25, 25, 5, 0, NULL),
(278, 0, 6, -15, -15, 25, 0, NULL),
(279, 0, 6, -15, -5, 15, 0, NULL),
(280, 0, 6, -15, -5, 25, 0, NULL),
(281, 0, 6, -15, 5, 5, 0, NULL),
(282, 0, 6, -15, 5, 15, 0, NULL),
(283, 0, 6, -15, 15, -5, 0, NULL),
(284, 0, 6, -15, 15, 5, 0, NULL),
(285, 0, 6, -15, 25, -15, 0, NULL),
(286, 0, 6, -15, 25, -5, 0, NULL),
(287, 0, 6, -5, -25, 25, 0, NULL),
(288, 0, 6, -5, -15, 15, 0, NULL),
(289, 0, 6, -5, -15, 25, 0, NULL),
(290, 0, 6, -5, -5, 5, 0, NULL),
(291, 0, 6, -5, -5, 15, 0, NULL),
(292, 0, 6, -5, 5, -5, 0, NULL),
(293, 0, 6, -5, 5, 5, 0, NULL),
(294, 0, 6, -5, 15, -15, 0, NULL),
(295, 0, 6, -5, 15, -5, 0, NULL),
(296, 0, 6, -5, 25, -25, 0, NULL),
(297, 0, 6, -5, 25, -15, 0, NULL),
(298, 0, 6, 5, -25, 15, 0, NULL),
(299, 0, 6, 5, -25, 25, 0, NULL),
(300, 0, 6, 5, -15, 5, 0, NULL),
(301, 0, 6, 5, -15, 15, 0, NULL),
(302, 0, 6, 5, -5, -5, 0, NULL),
(303, 0, 6, 5, -5, 5, 0, NULL),
(304, 0, 6, 5, 5, -15, 0, NULL),
(305, 0, 6, 5, 5, -5, 0, NULL),
(306, 0, 6, 5, 15, -25, 0, NULL),
(307, 0, 6, 5, 15, -15, 0, NULL),
(308, 0, 6, 5, 25, -25, 0, NULL),
(309, 0, 6, 15, -25, 5, 0, NULL),
(310, 0, 6, 15, -25, 15, 0, NULL),
(311, 0, 6, 15, -15, -5, 0, NULL),
(312, 0, 6, 15, -15, 5, 0, NULL),
(313, 0, 6, 15, -5, -15, 0, NULL),
(314, 0, 6, 15, -5, -5, 0, NULL),
(315, 0, 6, 15, 5, -25, 0, NULL),
(316, 0, 6, 15, 5, -15, 0, NULL),
(317, 0, 6, 15, 15, -25, 0, NULL),
(318, 0, 6, 25, -25, -5, 0, NULL),
(319, 0, 6, 25, -25, 5, 0, NULL),
(320, 0, 6, 25, -15, -15, 0, NULL),
(321, 0, 6, 25, -15, -5, 0, NULL),
(322, 0, 6, 25, -5, -25, 0, NULL),
(323, 0, 6, 25, -5, -15, 0, NULL),
(324, 0, 6, 25, 5, -25, 0, NULL),
(325, 0, 7, -25, -5, 25, 0, NULL),
(326, 0, 7, -25, 5, 15, 0, NULL),
(327, 0, 7, -25, 5, 25, 0, NULL),
(328, 0, 7, -25, 15, 5, 0, NULL),
(329, 0, 7, -25, 15, 15, 0, NULL),
(330, 0, 7, -25, 25, -5, 0, NULL),
(331, 0, 7, -25, 25, 5, 0, NULL),
(332, 0, 7, -15, -15, 25, 0, NULL),
(333, 0, 7, -15, -5, 15, 0, NULL),
(334, 0, 7, -15, -5, 25, 0, NULL),
(335, 0, 7, -15, 5, 5, 0, NULL),
(336, 0, 7, -15, 5, 15, 0, NULL),
(337, 0, 7, -15, 15, -5, 0, NULL),
(338, 0, 7, -15, 15, 5, 0, NULL),
(339, 0, 7, -15, 25, -15, 0, NULL),
(340, 0, 7, -15, 25, -5, 0, NULL),
(341, 0, 7, -5, -25, 25, 0, NULL),
(342, 0, 7, -5, -15, 15, 0, NULL),
(343, 0, 7, -5, -15, 25, 0, NULL),
(344, 0, 7, -5, -5, 5, 0, NULL),
(345, 0, 7, -5, -5, 15, 0, NULL),
(346, 0, 7, -5, 5, -5, 0, NULL),
(347, 0, 7, -5, 5, 5, 0, NULL),
(348, 0, 7, -5, 15, -15, 0, NULL),
(349, 0, 7, -5, 15, -5, 0, NULL),
(350, 0, 7, -5, 25, -25, 0, NULL),
(351, 0, 7, -5, 25, -15, 0, NULL),
(352, 0, 7, 5, -25, 15, 0, NULL),
(353, 0, 7, 5, -25, 25, 0, NULL),
(354, 0, 7, 5, -15, 5, 0, NULL),
(355, 0, 7, 5, -15, 15, 0, NULL),
(356, 0, 7, 5, -5, -5, 0, NULL),
(357, 0, 7, 5, -5, 5, 0, NULL),
(358, 0, 7, 5, 5, -15, 0, NULL),
(359, 0, 7, 5, 5, -5, 0, NULL),
(360, 0, 7, 5, 15, -25, 0, NULL),
(361, 0, 7, 5, 15, -15, 0, NULL),
(362, 0, 7, 5, 25, -25, 0, NULL),
(363, 0, 7, 15, -25, 5, 0, NULL),
(364, 0, 7, 15, -25, 15, 0, NULL),
(365, 0, 7, 15, -15, -5, 0, NULL),
(366, 0, 7, 15, -15, 5, 0, NULL),
(367, 0, 7, 15, -5, -15, 0, NULL),
(368, 0, 7, 15, -5, -5, 0, NULL),
(369, 0, 7, 15, 5, -25, 0, NULL),
(370, 0, 7, 15, 5, -15, 0, NULL),
(371, 0, 7, 15, 15, -25, 0, NULL),
(372, 0, 7, 25, -25, -5, 0, NULL),
(373, 0, 7, 25, -25, 5, 0, NULL),
(374, 0, 7, 25, -15, -15, 0, NULL),
(375, 0, 7, 25, -15, -5, 0, NULL),
(376, 0, 7, 25, -5, -25, 0, NULL),
(377, 0, 7, 25, -5, -15, 0, NULL),
(378, 0, 7, 25, 5, -25, 0, NULL),
(379, 0, 8, -25, -5, 25, 0, NULL),
(380, 0, 8, -25, 5, 15, 0, NULL),
(381, 0, 8, -25, 5, 25, 0, NULL),
(382, 0, 8, -25, 15, 5, 0, NULL),
(383, 0, 8, -25, 15, 15, 0, NULL),
(384, 0, 8, -25, 25, -5, 0, NULL),
(385, 0, 8, -25, 25, 5, 0, NULL),
(386, 0, 8, -15, -15, 25, 0, NULL),
(387, 0, 8, -15, -5, 15, 0, NULL),
(388, 0, 8, -15, -5, 25, 0, NULL),
(389, 0, 8, -15, 5, 5, 0, NULL),
(390, 0, 8, -15, 5, 15, 0, NULL),
(391, 0, 8, -15, 15, -5, 0, NULL),
(392, 0, 8, -15, 15, 5, 0, NULL),
(393, 0, 8, -15, 25, -15, 0, NULL),
(394, 0, 8, -15, 25, -5, 0, NULL),
(395, 0, 8, -5, -25, 25, 0, NULL),
(396, 0, 8, -5, -15, 15, 0, NULL),
(397, 0, 8, -5, -15, 25, 0, NULL),
(398, 0, 8, -5, -5, 5, 0, NULL),
(399, 0, 8, -5, -5, 15, 0, NULL),
(400, 0, 8, -5, 5, -5, 0, NULL),
(401, 0, 8, -5, 5, 5, 0, NULL),
(402, 0, 8, -5, 15, -15, 0, NULL),
(403, 0, 8, -5, 15, -5, 0, NULL),
(404, 0, 8, -5, 25, -25, 0, NULL),
(405, 0, 8, -5, 25, -15, 0, NULL),
(406, 0, 8, 5, -25, 15, 0, NULL),
(407, 0, 8, 5, -25, 25, 0, NULL),
(408, 0, 8, 5, -15, 5, 0, NULL),
(409, 0, 8, 5, -15, 15, 0, NULL),
(410, 0, 8, 5, -5, -5, 0, NULL),
(411, 0, 8, 5, -5, 5, 0, NULL),
(412, 0, 8, 5, 5, -15, 0, NULL),
(413, 0, 8, 5, 5, -5, 0, NULL),
(414, 0, 8, 5, 15, -25, 0, NULL),
(415, 0, 8, 5, 15, -15, 0, NULL),
(416, 0, 8, 5, 25, -25, 0, NULL),
(417, 0, 8, 15, -25, 5, 0, NULL),
(418, 0, 8, 15, -25, 15, 0, NULL),
(419, 0, 8, 15, -15, -5, 0, NULL),
(420, 0, 8, 15, -15, 5, 0, NULL),
(421, 0, 8, 15, -5, -15, 0, NULL),
(422, 0, 8, 15, -5, -5, 0, NULL),
(423, 0, 8, 15, 5, -25, 0, NULL),
(424, 0, 8, 15, 5, -15, 0, NULL),
(425, 0, 8, 15, 15, -25, 0, NULL),
(426, 0, 8, 25, -25, -5, 0, NULL),
(427, 0, 8, 25, -25, 5, 0, NULL),
(428, 0, 8, 25, -15, -15, 0, NULL),
(429, 0, 8, 25, -15, -5, 0, NULL),
(430, 0, 8, 25, -5, -25, 0, NULL),
(431, 0, 8, 25, -5, -15, 0, NULL),
(432, 0, 8, 25, 5, -25, 0, NULL),
(433, 0, 9, -25, -5, 25, 0, NULL),
(434, 0, 9, -25, 5, 15, 0, NULL),
(435, 0, 9, -25, 5, 25, 0, NULL),
(436, 0, 9, -25, 15, 5, 0, NULL),
(437, 0, 9, -25, 15, 15, 0, NULL),
(438, 0, 9, -25, 25, -5, 0, NULL),
(439, 0, 9, -25, 25, 5, 0, NULL),
(440, 0, 9, -15, -15, 25, 0, NULL),
(441, 0, 9, -15, -5, 15, 0, NULL),
(442, 0, 9, -15, -5, 25, 0, NULL),
(443, 0, 9, -15, 5, 5, 0, NULL),
(444, 0, 9, -15, 5, 15, 0, NULL),
(445, 0, 9, -15, 15, -5, 0, NULL),
(446, 0, 9, -15, 15, 5, 0, NULL),
(447, 0, 9, -15, 25, -15, 0, NULL),
(448, 0, 9, -15, 25, -5, 0, NULL),
(449, 0, 9, -5, -25, 25, 0, NULL),
(450, 0, 9, -5, -15, 15, 0, NULL),
(451, 0, 9, -5, -15, 25, 0, NULL),
(452, 0, 9, -5, -5, 5, 0, NULL),
(453, 0, 9, -5, -5, 15, 0, NULL),
(454, 0, 9, -5, 5, -5, 0, NULL),
(455, 0, 9, -5, 5, 5, 0, NULL),
(456, 0, 9, -5, 15, -15, 0, NULL),
(457, 0, 9, -5, 15, -5, 0, NULL),
(458, 0, 9, -5, 25, -25, 0, NULL),
(459, 0, 9, -5, 25, -15, 0, NULL),
(460, 0, 9, 5, -25, 15, 0, NULL),
(461, 0, 9, 5, -25, 25, 0, NULL),
(462, 0, 9, 5, -15, 5, 0, NULL),
(463, 0, 9, 5, -15, 15, 0, NULL),
(464, 0, 9, 5, -5, -5, 0, NULL),
(465, 0, 9, 5, -5, 5, 0, NULL),
(466, 0, 9, 5, 5, -15, 0, NULL),
(467, 0, 9, 5, 5, -5, 0, NULL),
(468, 0, 9, 5, 15, -25, 0, NULL),
(469, 0, 9, 5, 15, -15, 0, NULL),
(470, 0, 9, 5, 25, -25, 0, NULL),
(471, 0, 9, 15, -25, 5, 0, NULL),
(472, 0, 9, 15, -25, 15, 0, NULL),
(473, 0, 9, 15, -15, -5, 0, NULL),
(474, 0, 9, 15, -15, 5, 0, NULL),
(475, 0, 9, 15, -5, -15, 0, NULL),
(476, 0, 9, 15, -5, -5, 0, NULL),
(477, 0, 9, 15, 5, -25, 0, NULL),
(478, 0, 9, 15, 5, -15, 0, NULL),
(479, 0, 9, 15, 15, -25, 0, NULL),
(480, 0, 9, 25, -25, -5, 0, NULL),
(481, 0, 9, 25, -25, 5, 0, NULL),
(482, 0, 9, 25, -15, -15, 0, NULL),
(483, 0, 9, 25, -15, -5, 0, NULL),
(484, 0, 9, 25, -5, -25, 0, NULL),
(485, 0, 9, 25, -5, -15, 0, NULL),
(486, 0, 9, 25, 5, -25, 0, NULL),
(487, 0, 10, -25, -5, 25, 0, NULL),
(488, 0, 10, -25, 5, 15, 0, NULL),
(489, 0, 10, -25, 5, 25, 0, NULL),
(490, 0, 10, -25, 15, 5, 0, NULL),
(491, 0, 10, -25, 15, 15, 0, NULL),
(492, 0, 10, -25, 25, -5, 0, NULL),
(493, 0, 10, -25, 25, 5, 0, NULL),
(494, 0, 10, -15, -15, 25, 0, NULL),
(495, 0, 10, -15, -5, 15, 0, NULL),
(496, 0, 10, -15, -5, 25, 0, NULL),
(497, 0, 10, -15, 5, 5, 0, NULL),
(498, 0, 10, -15, 5, 15, 0, NULL),
(499, 0, 10, -15, 15, -5, 0, NULL),
(500, 0, 10, -15, 15, 5, 0, NULL),
(501, 0, 10, -15, 25, -15, 0, NULL),
(502, 0, 10, -15, 25, -5, 0, NULL),
(503, 0, 10, -5, -25, 25, 0, NULL),
(504, 0, 10, -5, -15, 15, 0, NULL),
(505, 0, 10, -5, -15, 25, 0, NULL),
(506, 0, 10, -5, -5, 5, 0, NULL),
(507, 0, 10, -5, -5, 15, 0, NULL),
(508, 0, 10, -5, 5, -5, 0, NULL),
(509, 0, 10, -5, 5, 5, 0, NULL),
(510, 0, 10, -5, 15, -15, 0, NULL),
(511, 0, 10, -5, 15, -5, 0, NULL),
(512, 0, 10, -5, 25, -25, 0, NULL),
(513, 0, 10, -5, 25, -15, 0, NULL),
(514, 0, 10, 5, -25, 15, 0, NULL),
(515, 0, 10, 5, -25, 25, 0, NULL),
(516, 0, 10, 5, -15, 5, 0, NULL),
(517, 0, 10, 5, -15, 15, 0, NULL),
(518, 0, 10, 5, -5, -5, 0, NULL),
(519, 0, 10, 5, -5, 5, 0, NULL),
(520, 0, 10, 5, 5, -15, 0, NULL),
(521, 0, 10, 5, 5, -5, 0, NULL),
(522, 0, 10, 5, 15, -25, 0, NULL),
(523, 0, 10, 5, 15, -15, 0, NULL),
(524, 0, 10, 5, 25, -25, 0, NULL),
(525, 0, 10, 15, -25, 5, 0, NULL),
(526, 0, 10, 15, -25, 15, 0, NULL),
(527, 0, 10, 15, -15, -5, 0, NULL),
(528, 0, 10, 15, -15, 5, 0, NULL),
(529, 0, 10, 15, -5, -15, 0, NULL),
(530, 0, 10, 15, -5, -5, 0, NULL),
(531, 0, 10, 15, 5, -25, 0, NULL),
(532, 0, 10, 15, 5, -15, 0, NULL),
(533, 0, 10, 15, 15, -25, 0, NULL),
(534, 0, 10, 25, -25, -5, 0, NULL),
(535, 0, 10, 25, -25, 5, 0, NULL),
(536, 0, 10, 25, -15, -15, 0, NULL),
(537, 0, 10, 25, -15, -5, 0, NULL),
(538, 0, 10, 25, -5, -25, 0, NULL),
(539, 0, 10, 25, -5, -15, 0, NULL),
(540, 0, 10, 25, 5, -25, 0, NULL),
(541, 0, 11, -25, -5, 25, 0, NULL),
(542, 0, 11, -25, 5, 15, 0, NULL),
(543, 0, 11, -25, 5, 25, 0, NULL),
(544, 0, 11, -25, 15, 5, 0, NULL),
(545, 0, 11, -25, 15, 15, 0, NULL),
(546, 0, 11, -25, 25, -5, 0, NULL),
(547, 0, 11, -25, 25, 5, 0, NULL),
(548, 0, 11, -15, -15, 25, 0, NULL),
(549, 0, 11, -15, -5, 15, 0, NULL),
(550, 0, 11, -15, -5, 25, 0, NULL),
(551, 0, 11, -15, 5, 5, 0, NULL),
(552, 0, 11, -15, 5, 15, 0, NULL),
(553, 0, 11, -15, 15, -5, 0, NULL),
(554, 0, 11, -15, 15, 5, 0, NULL),
(555, 0, 11, -15, 25, -15, 0, NULL),
(556, 0, 11, -15, 25, -5, 0, NULL),
(557, 0, 11, -5, -25, 25, 0, NULL),
(558, 0, 11, -5, -15, 15, 0, NULL),
(559, 0, 11, -5, -15, 25, 0, NULL),
(560, 0, 11, -5, -5, 5, 0, NULL),
(561, 0, 11, -5, -5, 15, 0, NULL),
(562, 0, 11, -5, 5, -5, 0, NULL),
(563, 0, 11, -5, 5, 5, 0, NULL),
(564, 0, 11, -5, 15, -15, 0, NULL),
(565, 0, 11, -5, 15, -5, 0, NULL),
(566, 0, 11, -5, 25, -25, 0, NULL),
(567, 0, 11, -5, 25, -15, 0, NULL),
(568, 0, 11, 5, -25, 15, 0, NULL),
(569, 0, 11, 5, -25, 25, 0, NULL),
(570, 0, 11, 5, -15, 5, 0, NULL),
(571, 0, 11, 5, -15, 15, 0, NULL),
(572, 0, 11, 5, -5, -5, 0, NULL),
(573, 0, 11, 5, -5, 5, 0, NULL),
(574, 0, 11, 5, 5, -15, 0, NULL),
(575, 0, 11, 5, 5, -5, 0, NULL),
(576, 0, 11, 5, 15, -25, 0, NULL),
(577, 0, 11, 5, 15, -15, 0, NULL),
(578, 0, 11, 5, 25, -25, 0, NULL),
(579, 0, 11, 15, -25, 5, 0, NULL),
(580, 0, 11, 15, -25, 15, 0, NULL),
(581, 0, 11, 15, -15, -5, 0, NULL),
(582, 0, 11, 15, -15, 5, 0, NULL),
(583, 0, 11, 15, -5, -15, 0, NULL),
(584, 0, 11, 15, -5, -5, 0, NULL),
(585, 0, 11, 15, 5, -25, 0, NULL),
(586, 0, 11, 15, 5, -15, 0, NULL),
(587, 0, 11, 15, 15, -25, 0, NULL),
(588, 0, 11, 25, -25, -5, 0, NULL),
(589, 0, 11, 25, -25, 5, 0, NULL),
(590, 0, 11, 25, -15, -15, 0, NULL),
(591, 0, 11, 25, -15, -5, 0, NULL),
(592, 0, 11, 25, -5, -25, 0, NULL),
(593, 0, 11, 25, -5, -15, 0, NULL),
(594, 0, 11, 25, 5, -25, 0, NULL),
(595, 0, 12, -25, -5, 25, 0, NULL),
(596, 0, 12, -25, 5, 15, 0, NULL),
(597, 0, 12, -25, 5, 25, 0, NULL),
(598, 0, 12, -25, 15, 5, 0, NULL),
(599, 0, 12, -25, 15, 15, 0, NULL),
(600, 0, 12, -25, 25, -5, 0, NULL),
(601, 0, 12, -25, 25, 5, 0, NULL),
(602, 0, 12, -15, -15, 25, 0, NULL),
(603, 0, 12, -15, -5, 15, 0, NULL),
(604, 0, 12, -15, -5, 25, 0, NULL),
(605, 0, 12, -15, 5, 5, 0, NULL),
(606, 0, 12, -15, 5, 15, 0, NULL),
(607, 0, 12, -15, 15, -5, 0, NULL),
(608, 0, 12, -15, 15, 5, 0, NULL),
(609, 0, 12, -15, 25, -15, 0, NULL),
(610, 0, 12, -15, 25, -5, 0, NULL),
(611, 0, 12, -5, -25, 25, 0, NULL),
(612, 0, 12, -5, -15, 15, 0, NULL),
(613, 0, 12, -5, -15, 25, 0, NULL),
(614, 0, 12, -5, -5, 5, 0, NULL),
(615, 0, 12, -5, -5, 15, 0, NULL),
(616, 0, 12, -5, 5, -5, 0, NULL),
(617, 0, 12, -5, 5, 5, 0, NULL),
(618, 0, 12, -5, 15, -15, 0, NULL),
(619, 0, 12, -5, 15, -5, 0, NULL),
(620, 0, 12, -5, 25, -25, 0, NULL),
(621, 0, 12, -5, 25, -15, 0, NULL),
(622, 0, 12, 5, -25, 15, 0, NULL),
(623, 0, 12, 5, -25, 25, 0, NULL),
(624, 0, 12, 5, -15, 5, 0, NULL),
(625, 0, 12, 5, -15, 15, 0, NULL),
(626, 0, 12, 5, -5, -5, 0, NULL),
(627, 0, 12, 5, -5, 5, 0, NULL),
(628, 0, 12, 5, 5, -15, 0, NULL),
(629, 0, 12, 5, 5, -5, 0, NULL),
(630, 0, 12, 5, 15, -25, 0, NULL),
(631, 0, 12, 5, 15, -15, 0, NULL),
(632, 0, 12, 5, 25, -25, 0, NULL),
(633, 0, 12, 15, -25, 5, 0, NULL),
(634, 0, 12, 15, -25, 15, 0, NULL),
(635, 0, 12, 15, -15, -5, 0, NULL),
(636, 0, 12, 15, -15, 5, 0, NULL),
(637, 0, 12, 15, -5, -15, 0, NULL),
(638, 0, 12, 15, -5, -5, 0, NULL),
(639, 0, 12, 15, 5, -25, 0, NULL),
(640, 0, 12, 15, 5, -15, 0, NULL),
(641, 0, 12, 15, 15, -25, 0, NULL),
(642, 0, 12, 25, -25, -5, 0, NULL),
(643, 0, 12, 25, -25, 5, 0, NULL),
(644, 0, 12, 25, -15, -15, 0, NULL),
(645, 0, 12, 25, -15, -5, 0, NULL),
(646, 0, 12, 25, -5, -25, 0, NULL),
(647, 0, 12, 25, -5, -15, 0, NULL),
(648, 0, 12, 25, 5, -25, 0, NULL),
(649, 0, 13, -25, -5, 25, 0, NULL),
(650, 0, 13, -25, 5, 15, 0, NULL),
(651, 0, 13, -25, 5, 25, 0, NULL),
(652, 0, 13, -25, 15, 5, 0, NULL),
(653, 0, 13, -25, 15, 15, 0, NULL),
(654, 0, 13, -25, 25, -5, 0, NULL),
(655, 0, 13, -25, 25, 5, 0, NULL),
(656, 0, 13, -15, -15, 25, 0, NULL),
(657, 0, 13, -15, -5, 15, 0, NULL),
(658, 0, 13, -15, -5, 25, 0, NULL),
(659, 0, 13, -15, 5, 5, 0, NULL),
(660, 0, 13, -15, 5, 15, 0, NULL),
(661, 0, 13, -15, 15, -5, 0, NULL),
(662, 0, 13, -15, 15, 5, 0, NULL),
(663, 0, 13, -15, 25, -15, 0, NULL),
(664, 0, 13, -15, 25, -5, 0, NULL),
(665, 0, 13, -5, -25, 25, 0, NULL),
(666, 0, 13, -5, -15, 15, 0, NULL),
(667, 0, 13, -5, -15, 25, 0, NULL),
(668, 0, 13, -5, -5, 5, 0, NULL),
(669, 0, 13, -5, -5, 15, 0, NULL),
(670, 0, 13, -5, 5, -5, 0, NULL),
(671, 0, 13, -5, 5, 5, 0, NULL),
(672, 0, 13, -5, 15, -15, 0, NULL),
(673, 0, 13, -5, 15, -5, 0, NULL),
(674, 0, 13, -5, 25, -25, 0, NULL),
(675, 0, 13, -5, 25, -15, 0, NULL),
(676, 0, 13, 5, -25, 15, 0, NULL),
(677, 0, 13, 5, -25, 25, 0, NULL),
(678, 0, 13, 5, -15, 5, 0, NULL),
(679, 0, 13, 5, -15, 15, 0, NULL),
(680, 0, 13, 5, -5, -5, 0, NULL),
(681, 0, 13, 5, -5, 5, 0, NULL),
(682, 0, 13, 5, 5, -15, 0, NULL),
(683, 0, 13, 5, 5, -5, 0, NULL),
(684, 0, 13, 5, 15, -25, 0, NULL),
(685, 0, 13, 5, 15, -15, 0, NULL),
(686, 0, 13, 5, 25, -25, 0, NULL),
(687, 0, 13, 15, -25, 5, 0, NULL),
(688, 0, 13, 15, -25, 15, 0, NULL),
(689, 0, 13, 15, -15, -5, 0, NULL),
(690, 0, 13, 15, -15, 5, 0, NULL),
(691, 0, 13, 15, -5, -15, 0, NULL),
(692, 0, 13, 15, -5, -5, 0, NULL),
(693, 0, 13, 15, 5, -25, 0, NULL),
(694, 0, 13, 15, 5, -15, 0, NULL),
(695, 0, 13, 15, 15, -25, 0, NULL),
(696, 0, 13, 25, -25, -5, 0, NULL),
(697, 0, 13, 25, -25, 5, 0, NULL),
(698, 0, 13, 25, -15, -15, 0, NULL),
(699, 0, 13, 25, -15, -5, 0, NULL),
(700, 0, 13, 25, -5, -25, 0, NULL),
(701, 0, 13, 25, -5, -15, 0, NULL),
(702, 0, 13, 25, 5, -25, 0, NULL),
(703, 0, 14, -25, -5, 25, 0, NULL),
(704, 0, 14, -25, 5, 15, 0, NULL),
(705, 0, 14, -25, 5, 25, 0, NULL),
(706, 0, 14, -25, 15, 5, 0, NULL),
(707, 0, 14, -25, 15, 15, 0, NULL),
(708, 0, 14, -25, 25, -5, 0, NULL),
(709, 0, 14, -25, 25, 5, 0, NULL),
(710, 0, 14, -15, -15, 25, 0, NULL),
(711, 0, 14, -15, -5, 15, 0, NULL),
(712, 0, 14, -15, -5, 25, 0, NULL),
(713, 0, 14, -15, 5, 5, 0, NULL),
(714, 0, 14, -15, 5, 15, 0, NULL),
(715, 0, 14, -15, 15, -5, 0, NULL),
(716, 0, 14, -15, 15, 5, 0, NULL),
(717, 0, 14, -15, 25, -15, 0, NULL),
(718, 0, 14, -15, 25, -5, 0, NULL),
(719, 0, 14, -5, -25, 25, 0, NULL),
(720, 0, 14, -5, -15, 15, 0, NULL),
(721, 0, 14, -5, -15, 25, 0, NULL),
(722, 0, 14, -5, -5, 5, 0, NULL),
(723, 0, 14, -5, -5, 15, 0, NULL),
(724, 0, 14, -5, 5, -5, 0, NULL),
(725, 1, 14, -5, 5, 5, 24, NULL),
(726, 0, 14, -5, 15, -15, 0, NULL),
(727, 0, 14, -5, 15, -5, 0, NULL),
(728, 0, 14, -5, 25, -25, 0, NULL),
(729, 0, 14, -5, 25, -15, 0, NULL),
(730, 0, 14, 5, -25, 15, 0, NULL),
(731, 0, 14, 5, -25, 25, 0, NULL),
(732, 0, 14, 5, -15, 5, 0, NULL),
(733, 0, 14, 5, -15, 15, 0, NULL),
(734, 0, 14, 5, -5, -5, 0, NULL),
(735, 0, 14, 5, -5, 5, 0, NULL),
(736, 0, 14, 5, 5, -15, 0, NULL),
(737, 0, 14, 5, 5, -5, 0, NULL),
(738, 0, 14, 5, 15, -25, 0, NULL),
(739, 0, 14, 5, 15, -15, 0, NULL),
(740, 0, 14, 5, 25, -25, 0, NULL),
(741, 0, 14, 15, -25, 5, 0, NULL),
(742, 0, 14, 15, -25, 15, 0, NULL),
(743, 0, 14, 15, -15, -5, 0, NULL),
(744, 0, 14, 15, -15, 5, 0, NULL),
(745, 0, 14, 15, -5, -15, 0, NULL),
(746, 0, 14, 15, -5, -5, 0, NULL),
(747, 0, 14, 15, 5, -25, 0, NULL),
(748, 0, 14, 15, 5, -15, 0, NULL),
(749, 0, 14, 15, 15, -25, 0, NULL),
(750, 0, 14, 25, -25, -5, 0, NULL),
(751, 0, 14, 25, -25, 5, 0, NULL),
(752, 0, 14, 25, -15, -15, 0, NULL),
(753, 0, 14, 25, -15, -5, 0, NULL),
(754, 0, 14, 25, -5, -25, 0, NULL),
(755, 0, 14, 25, -5, -15, 0, NULL),
(756, 0, 14, 25, 5, -25, 0, NULL);

-- --------------------------------------------------------

--
-- Struktura tabeli dla tabeli `tiles`
--

CREATE TABLE IF NOT EXISTS `tiles` (
  `id` int(11) NOT NULL AUTO_INCREMENT,
  `board_id` int(11) NOT NULL,
  `type` enum('desert','stone','wood','clay','sheep','wheat','ocean') COLLATE utf8_bin NOT NULL DEFAULT 'ocean',
  `x` int(11) NOT NULL,
  `y` int(11) NOT NULL,
  `z` int(11) NOT NULL,
  `probability` int(11) DEFAULT NULL,
  PRIMARY KEY (`id`)
) ENGINE=InnoDB  DEFAULT CHARSET=utf8 COLLATE=utf8_bin AUTO_INCREMENT=519 ;

--
-- Zrzut danych tabeli `tiles`
--

INSERT INTO `tiles` (`id`, `board_id`, `type`, `x`, `y`, `z`, `probability`) VALUES
(1, 1, 'ocean', -30, 0, 30, NULL),
(2, 1, 'ocean', -30, 10, 20, NULL),
(3, 1, 'ocean', -30, 20, 10, NULL),
(4, 1, 'ocean', -30, 30, 0, NULL),
(5, 1, 'ocean', -20, -10, 30, NULL),
(6, 1, 'sheep', -20, 0, 20, 12),
(7, 1, 'sheep', -20, 10, 10, 9),
(8, 1, 'sheep', -20, 20, 0, 8),
(9, 1, 'ocean', -20, 30, -10, NULL),
(10, 1, 'ocean', -10, -20, 30, NULL),
(11, 1, 'sheep', -10, -10, 20, 6),
(12, 1, 'stone', -10, 0, 10, 4),
(13, 1, 'wheat', -10, 10, 0, 5),
(14, 1, 'wood', -10, 20, -10, 9),
(15, 1, 'ocean', -10, 30, -20, NULL),
(16, 1, 'ocean', 0, -30, 30, NULL),
(17, 1, 'clay', 0, -20, 20, 2),
(18, 1, 'desert', 0, -10, 10, NULL),
(19, 1, 'wheat', 0, 0, 0, 10),
(20, 1, 'stone', 0, 10, -10, 4),
(21, 1, 'clay', 0, 20, -20, 3),
(22, 1, 'ocean', 0, 30, -30, NULL),
(23, 1, 'ocean', 10, -30, 20, NULL),
(24, 1, 'clay', 10, -20, 10, 3),
(25, 1, 'stone', 10, -10, 0, 6),
(26, 1, 'wood', 10, 0, -10, 11),
(27, 1, 'wheat', 10, 10, -20, 5),
(28, 1, 'ocean', 10, 20, -30, NULL),
(29, 1, 'ocean', 20, -30, 10, NULL),
(30, 1, 'wood', 20, -20, 0, 8),
(31, 1, 'wood', 20, -10, -10, 10),
(32, 1, 'wheat', 20, 0, -20, 11),
(33, 1, 'ocean', 20, 10, -30, NULL),
(34, 1, 'ocean', 30, -30, 0, NULL),
(35, 1, 'ocean', 30, -20, -10, NULL),
(36, 1, 'ocean', 30, -10, -20, NULL),
(37, 1, 'ocean', 30, 0, -30, NULL),
(38, 2, 'ocean', -30, 0, 30, NULL),
(39, 2, 'ocean', -30, 10, 20, NULL),
(40, 2, 'ocean', -30, 20, 10, NULL),
(41, 2, 'ocean', -30, 30, 0, NULL),
(42, 2, 'ocean', -20, -10, 30, NULL),
(43, 2, 'clay', -20, 0, 20, 9),
(44, 2, 'wood', -20, 10, 10, 5),
(45, 2, 'wheat', -20, 20, 0, 12),
(46, 2, 'ocean', -20, 30, -10, NULL),
(47, 2, 'ocean', -10, -20, 30, NULL),
(48, 2, 'clay', -10, -10, 20, 4),
(49, 2, 'sheep', -10, 0, 10, 10),
(50, 2, 'clay', -10, 10, 0, 8),
(51, 2, 'desert', -10, 20, -10, NULL),
(52, 2, 'ocean', -10, 30, -20, NULL),
(53, 2, 'ocean', 0, -30, 30, NULL),
(54, 2, 'sheep', 0, -20, 20, 5),
(55, 2, 'wheat', 0, -10, 10, 3),
(56, 2, 'sheep', 0, 0, 0, 2),
(57, 2, 'wood', 0, 10, -10, 11),
(58, 2, 'stone', 0, 20, -20, 4),
(59, 2, 'ocean', 0, 30, -30, NULL),
(60, 2, 'ocean', 10, -30, 20, NULL),
(61, 2, 'wood', 10, -20, 10, 11),
(62, 2, 'stone', 10, -10, 0, 6),
(63, 2, 'sheep', 10, 0, -10, 8),
(64, 2, 'stone', 10, 10, -20, 3),
(65, 2, 'ocean', 10, 20, -30, NULL),
(66, 2, 'ocean', 20, -30, 10, NULL),
(67, 2, 'wheat', 20, -20, 0, 6),
(68, 2, 'wood', 20, -10, -10, 10),
(69, 2, 'wheat', 20, 0, -20, 9),
(70, 2, 'ocean', 20, 10, -30, NULL),
(71, 2, 'ocean', 30, -30, 0, NULL),
(72, 2, 'ocean', 30, -20, -10, NULL),
(73, 2, 'ocean', 30, -10, -20, NULL),
(74, 2, 'ocean', 30, 0, -30, NULL),
(75, 3, 'ocean', -30, 0, 30, NULL),
(76, 3, 'ocean', -30, 10, 20, NULL),
(77, 3, 'ocean', -30, 20, 10, NULL),
(78, 3, 'ocean', -30, 30, 0, NULL),
(79, 3, 'ocean', -20, -10, 30, NULL),
(80, 3, 'wheat', -20, 0, 20, 11),
(81, 3, 'sheep', -20, 10, 10, 5),
(82, 3, 'wheat', -20, 20, 0, 11),
(83, 3, 'ocean', -20, 30, -10, NULL),
(84, 3, 'ocean', -10, -20, 30, NULL),
(85, 3, 'wood', -10, -10, 20, 4),
(86, 3, 'sheep', -10, 0, 10, 8),
(87, 3, 'wood', -10, 10, 0, 10),
(88, 3, 'sheep', -10, 20, -10, 3),
(89, 3, 'ocean', -10, 30, -20, NULL),
(90, 3, 'ocean', 0, -30, 30, NULL),
(91, 3, 'wood', 0, -20, 20, 6),
(92, 3, 'wheat', 0, -10, 10, 2),
(93, 3, 'wood', 0, 0, 0, 9),
(94, 3, 'desert', 0, 10, -10, NULL),
(95, 3, 'stone', 0, 20, -20, 4),
(96, 3, 'ocean', 0, 30, -30, NULL),
(97, 3, 'ocean', 10, -30, 20, NULL),
(98, 3, 'clay', 10, -20, 10, 8),
(99, 3, 'clay', 10, -10, 0, 5),
(100, 3, 'sheep', 10, 0, -10, 3),
(101, 3, 'stone', 10, 10, -20, 10),
(102, 3, 'ocean', 10, 20, -30, NULL),
(103, 3, 'ocean', 20, -30, 10, NULL),
(104, 3, 'wheat', 20, -20, 0, 12),
(105, 3, 'stone', 20, -10, -10, 9),
(106, 3, 'clay', 20, 0, -20, 6),
(107, 3, 'ocean', 20, 10, -30, NULL),
(108, 3, 'ocean', 30, -30, 0, NULL),
(109, 3, 'ocean', 30, -20, -10, NULL),
(110, 3, 'ocean', 30, -10, -20, NULL),
(111, 3, 'ocean', 30, 0, -30, NULL),
(112, 4, 'ocean', -30, 0, 30, NULL),
(113, 4, 'ocean', -30, 10, 20, NULL),
(114, 4, 'ocean', -30, 20, 10, NULL),
(115, 4, 'ocean', -30, 30, 0, NULL),
(116, 4, 'ocean', -20, -10, 30, NULL),
(117, 4, 'wood', -20, 0, 20, 4),
(118, 4, 'clay', -20, 10, 10, 10),
(119, 4, 'wheat', -20, 20, 0, 11),
(120, 4, 'ocean', -20, 30, -10, NULL),
(121, 4, 'ocean', -10, -20, 30, NULL),
(122, 4, 'sheep', -10, -10, 20, 9),
(123, 4, 'wood', -10, 0, 10, 8),
(124, 4, 'stone', -10, 10, 0, 8),
(125, 4, 'sheep', -10, 20, -10, 4),
(126, 4, 'ocean', -10, 30, -20, NULL),
(127, 4, 'ocean', 0, -30, 30, NULL),
(128, 4, 'wood', 0, -20, 20, 9),
(129, 4, 'stone', 0, -10, 10, 5),
(130, 4, 'sheep', 0, 0, 0, 11),
(131, 4, 'clay', 0, 10, -10, 6),
(132, 4, 'wood', 0, 20, -20, 12),
(133, 4, 'ocean', 0, 30, -30, NULL),
(134, 4, 'ocean', 10, -30, 20, NULL),
(135, 4, 'sheep', 10, -20, 10, 2),
(136, 4, 'wheat', 10, -10, 0, 5),
(137, 4, 'wheat', 10, 0, -10, 3),
(138, 4, 'stone', 10, 10, -20, 10),
(139, 4, 'ocean', 10, 20, -30, NULL),
(140, 4, 'ocean', 20, -30, 10, NULL),
(141, 4, 'wheat', 20, -20, 0, 3),
(142, 4, 'desert', 20, -10, -10, NULL),
(143, 4, 'clay', 20, 0, -20, 6),
(144, 4, 'ocean', 20, 10, -30, NULL),
(145, 4, 'ocean', 30, -30, 0, NULL),
(146, 4, 'ocean', 30, -20, -10, NULL),
(147, 4, 'ocean', 30, -10, -20, NULL),
(148, 4, 'ocean', 30, 0, -30, NULL),
(149, 5, 'ocean', -30, 0, 30, NULL),
(150, 5, 'ocean', -30, 10, 20, NULL),
(151, 5, 'ocean', -30, 20, 10, NULL),
(152, 5, 'ocean', -30, 30, 0, NULL),
(153, 5, 'ocean', -20, -10, 30, NULL),
(154, 5, 'stone', -20, 0, 20, 11),
(155, 5, 'sheep', -20, 10, 10, 10),
(156, 5, 'desert', -20, 20, 0, NULL),
(157, 5, 'ocean', -20, 30, -10, NULL),
(158, 5, 'ocean', -10, -20, 30, NULL),
(159, 5, 'wood', -10, -10, 20, 5),
(160, 5, 'stone', -10, 0, 10, 12),
(161, 5, 'wheat', -10, 10, 0, 2),
(162, 5, 'wood', -10, 20, -10, 10),
(163, 5, 'ocean', -10, 30, -20, NULL),
(164, 5, 'ocean', 0, -30, 30, NULL),
(165, 5, 'wood', 0, -20, 20, 3),
(166, 5, 'wheat', 0, -10, 10, 5),
(167, 5, 'wood', 0, 0, 0, 6),
(168, 5, 'wheat', 0, 10, -10, 11),
(169, 5, 'clay', 0, 20, -20, 4),
(170, 5, 'ocean', 0, 30, -30, NULL),
(171, 5, 'ocean', 10, -30, 20, NULL),
(172, 5, 'wheat', 10, -20, 10, 9),
(173, 5, 'clay', 10, -10, 0, 4),
(174, 5, 'sheep', 10, 0, -10, 8),
(175, 5, 'sheep', 10, 10, -20, 3),
(176, 5, 'ocean', 10, 20, -30, NULL),
(177, 5, 'ocean', 20, -30, 10, NULL),
(178, 5, 'stone', 20, -20, 0, 9),
(179, 5, 'sheep', 20, -10, -10, 6),
(180, 5, 'clay', 20, 0, -20, 8),
(181, 5, 'ocean', 20, 10, -30, NULL),
(182, 5, 'ocean', 30, -30, 0, NULL),
(183, 5, 'ocean', 30, -20, -10, NULL),
(184, 5, 'ocean', 30, -10, -20, NULL),
(185, 5, 'ocean', 30, 0, -30, NULL),
(186, 6, 'ocean', -30, 0, 30, NULL),
(187, 6, 'ocean', -30, 10, 20, NULL),
(188, 6, 'ocean', -30, 20, 10, NULL),
(189, 6, 'ocean', -30, 30, 0, NULL),
(190, 6, 'ocean', -20, -10, 30, NULL),
(191, 6, 'clay', -20, 0, 20, 10),
(192, 6, 'sheep', -20, 10, 10, 5),
(193, 6, 'wood', -20, 20, 0, 11),
(194, 6, 'ocean', -20, 30, -10, NULL),
(195, 6, 'ocean', -10, -20, 30, NULL),
(196, 6, 'sheep', -10, -10, 20, 8),
(197, 6, 'sheep', -10, 0, 10, 4),
(198, 6, 'desert', -10, 10, 0, NULL),
(199, 6, 'clay', -10, 20, -10, 12),
(200, 6, 'ocean', -10, 30, -20, NULL),
(201, 6, 'ocean', 0, -30, 30, NULL),
(202, 6, 'stone', 0, -20, 20, 8),
(203, 6, 'stone', 0, -10, 10, 11),
(204, 6, 'wheat', 0, 0, 0, 6),
(205, 6, 'sheep', 0, 10, -10, 3),
(206, 6, 'wheat', 0, 20, -20, 4),
(207, 6, 'ocean', 0, 30, -30, NULL),
(208, 6, 'ocean', 10, -30, 20, NULL),
(209, 6, 'stone', 10, -20, 10, 3),
(210, 6, 'wood', 10, -10, 0, 6),
(211, 6, 'wood', 10, 0, -10, 5),
(212, 6, 'wood', 10, 10, -20, 10),
(213, 6, 'ocean', 10, 20, -30, NULL),
(214, 6, 'ocean', 20, -30, 10, NULL),
(215, 6, 'wheat', 20, -20, 0, 9),
(216, 6, 'wheat', 20, -10, -10, 2),
(217, 6, 'clay', 20, 0, -20, 9),
(218, 6, 'ocean', 20, 10, -30, NULL),
(219, 6, 'ocean', 30, -30, 0, NULL),
(220, 6, 'ocean', 30, -20, -10, NULL),
(221, 6, 'ocean', 30, -10, -20, NULL),
(222, 6, 'ocean', 30, 0, -30, NULL),
(223, 7, 'ocean', -30, 0, 30, NULL),
(224, 7, 'ocean', -30, 10, 20, NULL),
(225, 7, 'ocean', -30, 20, 10, NULL),
(226, 7, 'ocean', -30, 30, 0, NULL),
(227, 7, 'ocean', -20, -10, 30, NULL),
(228, 7, 'stone', -20, 0, 20, 11),
(229, 7, 'wood', -20, 10, 10, 5),
(230, 7, 'desert', -20, 20, 0, NULL),
(231, 7, 'ocean', -20, 30, -10, NULL),
(232, 7, 'ocean', -10, -20, 30, NULL),
(233, 7, 'wheat', -10, -10, 20, 8),
(234, 7, 'clay', -10, 0, 10, 6),
(235, 7, 'stone', -10, 10, 0, 4),
(236, 7, 'clay', -10, 20, -10, 6),
(237, 7, 'ocean', -10, 30, -20, NULL),
(238, 7, 'ocean', 0, -30, 30, NULL),
(239, 7, 'wheat', 0, -20, 20, 9),
(240, 7, 'wood', 0, -10, 10, 8),
(241, 7, 'sheep', 0, 0, 0, 3),
(242, 7, 'wheat', 0, 10, -10, 11),
(243, 7, 'sheep', 0, 20, -20, 10),
(244, 7, 'ocean', 0, 30, -30, NULL),
(245, 7, 'ocean', 10, -30, 20, NULL),
(246, 7, 'stone', 10, -20, 10, 4),
(247, 7, 'clay', 10, -10, 0, 5),
(248, 7, 'wheat', 10, 0, -10, 3),
(249, 7, 'wood', 10, 10, -20, 10),
(250, 7, 'ocean', 10, 20, -30, NULL),
(251, 7, 'ocean', 20, -30, 10, NULL),
(252, 7, 'sheep', 20, -20, 0, 2),
(253, 7, 'sheep', 20, -10, -10, 9),
(254, 7, 'wood', 20, 0, -20, 12),
(255, 7, 'ocean', 20, 10, -30, NULL),
(256, 7, 'ocean', 30, -30, 0, NULL),
(257, 7, 'ocean', 30, -20, -10, NULL),
(258, 7, 'ocean', 30, -10, -20, NULL),
(259, 7, 'ocean', 30, 0, -30, NULL),
(260, 8, 'ocean', -30, 0, 30, NULL),
(261, 8, 'ocean', -30, 10, 20, NULL),
(262, 8, 'ocean', -30, 20, 10, NULL),
(263, 8, 'ocean', -30, 30, 0, NULL),
(264, 8, 'ocean', -20, -10, 30, NULL),
(265, 8, 'sheep', -20, 0, 20, 11),
(266, 8, 'clay', -20, 10, 10, 4),
(267, 8, 'clay', -20, 20, 0, 5),
(268, 8, 'ocean', -20, 30, -10, NULL),
(269, 8, 'ocean', -10, -20, 30, NULL),
(270, 8, 'sheep', -10, -10, 20, 8),
(271, 8, 'stone', -10, 0, 10, 9),
(272, 8, 'wood', -10, 10, 0, 12),
(273, 8, 'stone', -10, 20, -10, 4),
(274, 8, 'ocean', -10, 30, -20, NULL),
(275, 8, 'ocean', 0, -30, 30, NULL),
(276, 8, 'wood', 0, -20, 20, 5),
(277, 8, 'stone', 0, -10, 10, 6),
(278, 8, 'wood', 0, 0, 0, 3),
(279, 8, 'clay', 0, 10, -10, 11),
(280, 8, 'wheat', 0, 20, -20, 8),
(281, 8, 'ocean', 0, 30, -30, NULL),
(282, 8, 'ocean', 10, -30, 20, NULL),
(283, 8, 'wood', 10, -20, 10, 2),
(284, 8, 'wheat', 10, -10, 0, 9),
(285, 8, 'wheat', 10, 0, -10, 10),
(286, 8, 'desert', 10, 10, -20, NULL),
(287, 8, 'ocean', 10, 20, -30, NULL),
(288, 8, 'ocean', 20, -30, 10, NULL),
(289, 8, 'wheat', 20, -20, 0, 10),
(290, 8, 'sheep', 20, -10, -10, 6),
(291, 8, 'sheep', 20, 0, -20, 3),
(292, 8, 'ocean', 20, 10, -30, NULL),
(293, 8, 'ocean', 30, -30, 0, NULL),
(294, 8, 'ocean', 30, -20, -10, NULL),
(295, 8, 'ocean', 30, -10, -20, NULL),
(296, 8, 'ocean', 30, 0, -30, NULL),
(297, 9, 'ocean', -30, 0, 30, NULL),
(298, 9, 'ocean', -30, 10, 20, NULL),
(299, 9, 'ocean', -30, 20, 10, NULL),
(300, 9, 'ocean', -30, 30, 0, NULL),
(301, 9, 'ocean', -20, -10, 30, NULL),
(302, 9, 'wood', -20, 0, 20, 3),
(303, 9, 'wheat', -20, 10, 10, 4),
(304, 9, 'clay', -20, 20, 0, 10),
(305, 9, 'ocean', -20, 30, -10, NULL),
(306, 9, 'ocean', -10, -20, 30, NULL),
(307, 9, 'wheat', -10, -10, 20, 5),
(308, 9, 'stone', -10, 0, 10, 8),
(309, 9, 'clay', -10, 10, 0, 8),
(310, 9, 'sheep', -10, 20, -10, 5),
(311, 9, 'ocean', -10, 30, -20, NULL),
(312, 9, 'ocean', 0, -30, 30, NULL),
(313, 9, 'desert', 0, -20, 20, NULL),
(314, 9, 'wood', 0, -10, 10, 2),
(315, 9, 'stone', 0, 0, 0, 9),
(316, 9, 'stone', 0, 10, -10, 11),
(317, 9, 'sheep', 0, 20, -20, 3),
(318, 9, 'ocean', 0, 30, -30, NULL),
(319, 9, 'ocean', 10, -30, 20, NULL),
(320, 9, 'wood', 10, -20, 10, 4),
(321, 9, 'sheep', 10, -10, 0, 6),
(322, 9, 'clay', 10, 0, -10, 10),
(323, 9, 'wheat', 10, 10, -20, 6),
(324, 9, 'ocean', 10, 20, -30, NULL),
(325, 9, 'ocean', 20, -30, 10, NULL),
(326, 9, 'wheat', 20, -20, 0, 12),
(327, 9, 'wood', 20, -10, -10, 9),
(328, 9, 'sheep', 20, 0, -20, 11),
(329, 9, 'ocean', 20, 10, -30, NULL),
(330, 9, 'ocean', 30, -30, 0, NULL),
(331, 9, 'ocean', 30, -20, -10, NULL),
(332, 9, 'ocean', 30, -10, -20, NULL),
(333, 9, 'ocean', 30, 0, -30, NULL),
(334, 10, 'ocean', -30, 0, 30, NULL),
(335, 10, 'ocean', -30, 10, 20, NULL),
(336, 10, 'ocean', -30, 20, 10, NULL),
(337, 10, 'ocean', -30, 30, 0, NULL),
(338, 10, 'ocean', -20, -10, 30, NULL),
(339, 10, 'wood', -20, 0, 20, 11),
(340, 10, 'sheep', -20, 10, 10, 5),
(341, 10, 'sheep', -20, 20, 0, 12),
(342, 10, 'ocean', -20, 30, -10, NULL),
(343, 10, 'ocean', -10, -20, 30, NULL),
(344, 10, 'stone', -10, -10, 20, 4),
(345, 10, 'wood', -10, 0, 10, 4),
(346, 10, 'stone', -10, 10, 0, 11),
(347, 10, 'wheat', -10, 20, -10, 6),
(348, 10, 'ocean', -10, 30, -20, NULL),
(349, 10, 'ocean', 0, -30, 30, NULL),
(350, 10, 'wheat', 0, -20, 20, 3),
(351, 10, 'sheep', 0, -10, 10, 5),
(352, 10, 'wood', 0, 0, 0, 6),
(353, 10, 'wheat', 0, 10, -10, 8),
(354, 10, 'clay', 0, 20, -20, 10),
(355, 10, 'ocean', 0, 30, -30, NULL),
(356, 10, 'ocean', 10, -30, 20, NULL),
(357, 10, 'clay', 10, -20, 10, 8),
(358, 10, 'clay', 10, -10, 0, 2),
(359, 10, 'desert', 10, 0, -10, NULL),
(360, 10, 'sheep', 10, 10, -20, 3),
(361, 10, 'ocean', 10, 20, -30, NULL),
(362, 10, 'ocean', 20, -30, 10, NULL),
(363, 10, 'wood', 20, -20, 0, 10),
(364, 10, 'stone', 20, -10, -10, 9),
(365, 10, 'wheat', 20, 0, -20, 9),
(366, 10, 'ocean', 20, 10, -30, NULL),
(367, 10, 'ocean', 30, -30, 0, NULL),
(368, 10, 'ocean', 30, -20, -10, NULL),
(369, 10, 'ocean', 30, -10, -20, NULL),
(370, 10, 'ocean', 30, 0, -30, NULL),
(371, 11, 'ocean', -30, 0, 30, NULL),
(372, 11, 'ocean', -30, 10, 20, NULL),
(373, 11, 'ocean', -30, 20, 10, NULL),
(374, 11, 'ocean', -30, 30, 0, NULL),
(375, 11, 'ocean', -20, -10, 30, NULL),
(376, 11, 'wood', -20, 0, 20, 5),
(377, 11, 'sheep', -20, 10, 10, 6),
(378, 11, 'stone', -20, 20, 0, 3),
(379, 11, 'ocean', -20, 30, -10, NULL),
(380, 11, 'ocean', -10, -20, 30, NULL),
(381, 11, 'clay', -10, -10, 20, 9),
(382, 11, 'sheep', -10, 0, 10, 10),
(383, 11, 'wood', -10, 10, 0, 9),
(384, 11, 'wheat', -10, 20, -10, 11),
(385, 11, 'ocean', -10, 30, -20, NULL),
(386, 11, 'ocean', 0, -30, 30, NULL),
(387, 11, 'wheat', 0, -20, 20, 8),
(388, 11, 'sheep', 0, -10, 10, 8),
(389, 11, 'stone', 0, 0, 0, 6),
(390, 11, 'sheep', 0, 10, -10, 3),
(391, 11, 'wheat', 0, 20, -20, 4),
(392, 11, 'ocean', 0, 30, -30, NULL),
(393, 11, 'ocean', 10, -30, 20, NULL),
(394, 11, 'wood', 10, -20, 10, 4),
(395, 11, 'wood', 10, -10, 0, 12),
(396, 11, 'stone', 10, 0, -10, 2),
(397, 11, 'wheat', 10, 10, -20, 10),
(398, 11, 'ocean', 10, 20, -30, NULL),
(399, 11, 'ocean', 20, -30, 10, NULL),
(400, 11, 'clay', 20, -20, 0, 5),
(401, 11, 'desert', 20, -10, -10, NULL),
(402, 11, 'clay', 20, 0, -20, 11),
(403, 11, 'ocean', 20, 10, -30, NULL),
(404, 11, 'ocean', 30, -30, 0, NULL),
(405, 11, 'ocean', 30, -20, -10, NULL),
(406, 11, 'ocean', 30, -10, -20, NULL),
(407, 11, 'ocean', 30, 0, -30, NULL),
(408, 12, 'ocean', -30, 0, 30, NULL),
(409, 12, 'ocean', -30, 10, 20, NULL),
(410, 12, 'ocean', -30, 20, 10, NULL),
(411, 12, 'ocean', -30, 30, 0, NULL),
(412, 12, 'ocean', -20, -10, 30, NULL),
(413, 12, 'sheep', -20, 0, 20, 4),
(414, 12, 'wheat', -20, 10, 10, 11),
(415, 12, 'wheat', -20, 20, 0, 8),
(416, 12, 'ocean', -20, 30, -10, NULL),
(417, 12, 'ocean', -10, -20, 30, NULL),
(418, 12, 'clay', -10, -10, 20, 10),
(419, 12, 'wood', -10, 0, 10, 3),
(420, 12, 'wood', -10, 10, 0, 2),
(421, 12, 'sheep', -10, 20, -10, 10),
(422, 12, 'ocean', -10, 30, -20, NULL),
(423, 12, 'ocean', 0, -30, 30, NULL),
(424, 12, 'clay', 0, -20, 20, 6),
(425, 12, 'wheat', 0, -10, 10, 5),
(426, 12, 'stone', 0, 0, 0, 11),
(427, 12, 'sheep', 0, 10, -10, 9),
(428, 12, 'stone', 0, 20, -20, 9),
(429, 12, 'ocean', 0, 30, -30, NULL),
(430, 12, 'ocean', 10, -30, 20, NULL),
(431, 12, 'stone', 10, -20, 10, 4),
(432, 12, 'clay', 10, -10, 0, 6),
(433, 12, 'wood', 10, 0, -10, 5),
(434, 12, 'desert', 10, 10, -20, NULL),
(435, 12, 'ocean', 10, 20, -30, NULL),
(436, 12, 'ocean', 20, -30, 10, NULL),
(437, 12, 'wheat', 20, -20, 0, 12),
(438, 12, 'wood', 20, -10, -10, 8),
(439, 12, 'sheep', 20, 0, -20, 3),
(440, 12, 'ocean', 20, 10, -30, NULL),
(441, 12, 'ocean', 30, -30, 0, NULL),
(442, 12, 'ocean', 30, -20, -10, NULL),
(443, 12, 'ocean', 30, -10, -20, NULL),
(444, 12, 'ocean', 30, 0, -30, NULL),
(445, 13, 'ocean', -30, 0, 30, NULL),
(446, 13, 'ocean', -30, 10, 20, NULL),
(447, 13, 'ocean', -30, 20, 10, NULL),
(448, 13, 'ocean', -30, 30, 0, NULL),
(449, 13, 'ocean', -20, -10, 30, NULL),
(450, 13, 'wheat', -20, 0, 20, 4),
(451, 13, 'stone', -20, 10, 10, 6),
(452, 13, 'desert', -20, 20, 0, NULL),
(453, 13, 'ocean', -20, 30, -10, NULL),
(454, 13, 'ocean', -10, -20, 30, NULL),
(455, 13, 'sheep', -10, -10, 20, 9),
(456, 13, 'wheat', -10, 0, 10, 3),
(457, 13, 'sheep', -10, 10, 0, 12),
(458, 13, 'wood', -10, 20, -10, 5),
(459, 13, 'ocean', -10, 30, -20, NULL),
(460, 13, 'ocean', 0, -30, 30, NULL),
(461, 13, 'clay', 0, -20, 20, 9),
(462, 13, 'stone', 0, -10, 10, 10),
(463, 13, 'wood', 0, 0, 0, 11),
(464, 13, 'sheep', 0, 10, -10, 8),
(465, 13, 'stone', 0, 20, -20, 8),
(466, 13, 'ocean', 0, 30, -30, NULL),
(467, 13, 'ocean', 10, -30, 20, NULL),
(468, 13, 'wheat', 10, -20, 10, 4),
(469, 13, 'wood', 10, -10, 0, 6),
(470, 13, 'clay', 10, 0, -10, 11),
(471, 13, 'clay', 10, 10, -20, 3),
(472, 13, 'ocean', 10, 20, -30, NULL),
(473, 13, 'ocean', 20, -30, 10, NULL),
(474, 13, 'wood', 20, -20, 0, 5),
(475, 13, 'wheat', 20, -10, -10, 2),
(476, 13, 'sheep', 20, 0, -20, 10),
(477, 13, 'ocean', 20, 10, -30, NULL),
(478, 13, 'ocean', 30, -30, 0, NULL),
(479, 13, 'ocean', 30, -20, -10, NULL),
(480, 13, 'ocean', 30, -10, -20, NULL),
(481, 13, 'ocean', 30, 0, -30, NULL),
(482, 14, 'ocean', -30, 0, 30, NULL),
(483, 14, 'ocean', -30, 10, 20, NULL),
(484, 14, 'ocean', -30, 20, 10, NULL),
(485, 14, 'ocean', -30, 30, 0, NULL),
(486, 14, 'ocean', -20, -10, 30, NULL),
(487, 14, 'clay', -20, 0, 20, 9),
(488, 14, 'clay', -20, 10, 10, 12),
(489, 14, 'sheep', -20, 20, 0, 11),
(490, 14, 'ocean', -20, 30, -10, NULL),
(491, 14, 'ocean', -10, -20, 30, NULL),
(492, 14, 'stone', -10, -10, 20, 8),
(493, 14, 'sheep', -10, 0, 10, 8),
(494, 14, 'wood', -10, 10, 0, 6),
(495, 14, 'wheat', -10, 20, -10, 4),
(496, 14, 'ocean', -10, 30, -20, NULL),
(497, 14, 'ocean', 0, -30, 30, NULL),
(498, 14, 'wood', 0, -20, 20, 11),
(499, 14, 'wheat', 0, -10, 10, 3),
(500, 14, 'stone', 0, 0, 0, 2),
(501, 14, 'wood', 0, 10, -10, 3),
(502, 14, 'sheep', 0, 20, -20, 6),
(503, 14, 'ocean', 0, 30, -30, NULL),
(504, 14, 'ocean', 10, -30, 20, NULL),
(505, 14, 'wheat', 10, -20, 10, 10),
(506, 14, 'wheat', 10, -10, 0, 4),
(507, 14, 'stone', 10, 0, -10, 9),
(508, 14, 'wood', 10, 10, -20, 10),
(509, 14, 'ocean', 10, 20, -30, NULL),
(510, 14, 'ocean', 20, -30, 10, NULL),
(511, 14, 'desert', 20, -20, 0, NULL),
(512, 14, 'clay', 20, -10, -10, 5),
(513, 14, 'sheep', 20, 0, -20, 5),
(514, 14, 'ocean', 20, 10, -30, NULL),
(515, 14, 'ocean', 30, -30, 0, NULL),
(516, 14, 'ocean', 30, -20, -10, NULL),
(517, 14, 'ocean', 30, -10, -20, NULL),
(518, 14, 'ocean', 30, 0, -30, NULL);

-- --------------------------------------------------------

--
-- Struktura tabeli dla tabeli `users`
--

CREATE TABLE IF NOT EXISTS `users` (
  `id` int(11) NOT NULL AUTO_INCREMENT,
  `nickname` varchar(250) COLLATE utf8_bin NOT NULL,
  `email` varchar(250) COLLATE utf8_bin NOT NULL,
  `password` varchar(64) COLLATE utf8_bin NOT NULL,
  `games_played` int(11) NOT NULL DEFAULT '0',
  `games_won` int(11) NOT NULL DEFAULT '0',
  `games_completed` int(11) NOT NULL DEFAULT '0',
  `created_at` timestamp NOT NULL DEFAULT CURRENT_TIMESTAMP ON UPDATE CURRENT_TIMESTAMP,
  `updated_at` timestamp NOT NULL DEFAULT '0000-00-00 00:00:00',
  PRIMARY KEY (`id`)
) ENGINE=InnoDB  DEFAULT CHARSET=utf8 COLLATE=utf8_bin AUTO_INCREMENT=4 ;

--
-- Zrzut danych tabeli `users`
--

INSERT INTO `users` (`id`, `nickname`, `email`, `password`, `games_played`, `games_won`, `games_completed`, `created_at`, `updated_at`) VALUES
(1, 'Fellglen', 'k.j.kowalewski@gmail.com', '$2y$10$g58nvoxgxOEPrE1yM5.AAOo3ipXoYQvAGSdSZhCpy1ar3LXobNKAy', 0, 0, 0, '0000-00-00 00:00:00', '0000-00-00 00:00:00'),
(2, 'Sony', 'zasoniak@hotmail.com', '$2y$10$BqKlSy.9mrltQCxkjvCPN.VofLM28g9xiZE0Bs2MV94qjCdmRZxva', 0, 0, 0, '0000-00-00 00:00:00', '0000-00-00 00:00:00'),
(3, 'mroova', 'michal@kowalik.net', '$2y$10$og2d4CD82z9BeFeUQBsJsOmPVJO0pr8RI0kcmVa5qKVyaJ/Kn9KOm', 0, 0, 0, '0000-00-00 00:00:00', '0000-00-00 00:00:00');

/*!40101 SET CHARACTER_SET_CLIENT=@OLD_CHARACTER_SET_CLIENT */;
/*!40101 SET CHARACTER_SET_RESULTS=@OLD_CHARACTER_SET_RESULTS */;
/*!40101 SET COLLATION_CONNECTION=@OLD_COLLATION_CONNECTION */;
